{
  "stats": {
    "letters": {
      "k": 0.0074643109463068185,
      "n": 0.07489152504827701,
      "c": 0.033280197772366855,
      "y": 0.017037754872016923,
      "f": 0.02186338779957201,
      "q": 0.0009963288708026582,
      "t": 0.08794844518467565,
      "i": 0.07587145295638871,
      "a": 0.08269865058478582,
      "l": 0.04267000845078456,
      "w": 0.016912164431027915,
      "d": 0.038232264769185224,
      "o": 0.07560770779092402,
      "z": 0.0012873222684895692,
      "g": 0.020509442807549027,
      "r": 0.06529110777004866,
      "j": 0.0023019032558446863,
      "u": 0.02778844587086061,
      "m": 0.026038625069081927,
      "b": 0.016198987302262824,
      "x": 0.0019173973228417637,
      "e": 0.11969219144662321,
      "p": 0.021463895943836953,
      "s": 0.06446941915713318,
      "h": 0.04679618119837422,
      "v": 0.010770881109939198
    },
    "bigrams": {
      "ch": 0.005833362137572147,
      "up": 0.0014602208933564432,
      "nj": 0.00013067053244238355,
      "yl": 0.00022789721737798791,
      "rf": 0.00029072443924336766,
      "ky": 0.00013495283320209356,
      "ds": 0.001156496539623428,
      "ou": 0.008505605872017234,
      "ho": 0.004851430296359495,
      "ai": 0.0035463835397363695,
      "sq": 0.00011099107729647396,
      "lk": 0.000216823040651674,
      "ee": 0.0035843366184513292,
      "ia": 0.003682748619510332,
      "iz": 0.000567040435206418,
      "tc": 0.00041449739409682706,
      "bt": 0.00010423725391390531,
      "un": 0.0047527963218936195,
      "nh": 0.00016043370366463126,
      "rd": 0.002139464110939478,
      "os": 0.00270983247060256,
      "hm": 0.00013906652164978516,
      "ag": 0.0023072061705666706,
      "so": 0.004122205301236799,
      "li": 0.006853374555525579,
      "ec": 0.004568880091609668,
      "pe": 0.0045805766686472715,
      "ta": 0.005609214703470387,
      "ix": 0.000226976592696414,
      "br": 0.0014215125218767519,
      "ul": 0.002956515782173675,
      "nf": 0.0005955113494225479,
      "rb": 0.0003207572589490378,
      "gy": 0.00025180225889590745,
      "ku": 0.00012306074461203274,
      "do": 0.002217164134246678,
      "ae": 0.00028429092822526453,
      "sm": 0.0005820392038229761,
      "ea": 0.007150242373058198,
      "wi": 0.003757929736708806,
      "ez": 0.00010339747274898873,
      "iv": 0.0027848909739191428,
      "mr": 0.00014969368986019038,
      "fl": 0.0005882592704616629,
      "xt": 0.0003786358224480667,
      "nd": 0.01289469100314838,
      "ry": 0.0025391821584081495,
      "ks": 0.0006025483073575938,
      "dm": 0.00020082710479944795,
      "oo": 0.002309644014465728,
      "hi": 0.006647618620526175,
      "ac": 0.0042455493990943205,
      "sk": 0.00045031661219898874,
      "le": 0.008496879000283135,
      "pa": 0.0034684078174390897,
      "ex": 0.0016130788524028777,
      "it": 0.011015648790365507,
      "mp": 0.0021398590705186023,
      "cy": 0.00040148034865459674,
      "nb": 0.00011448017850275885,
      "gu": 0.0011135590097858695,
      "rw": 0.00016403514018125783,
      "om": 0.005478485269710186,
      "aa": 0.00011096665657683447,
      "zo": 0.00011487586705858934,
      "si": 0.0054752372411004625,
      "lc": 0.00012323453265866133,
      "az": 0.00027514934164331724,
      "we": 0.0032786917026895912,
      "ev": 0.002434134573988236,
      "ir": 0.00334824315148329,
      "bl": 0.0020483551443130858,
      "tt": 0.0017933127297558753,
      "xp": 0.00047032483583914957,
      "uf": 0.00017351212894547787,
      "ny": 0.0010537342971757488,
      "gs": 0.0005170259995103436,
      "ru": 0.001501107374334966,
      "ko": 0.0002819135893927768,
      "di": 0.004653448023153873,
      "ok": 0.000724408718926092,
      "he": 0.02738735755482349,
      "la": 0.006096635938396622,
      "ax": 0.00020559293580802007,
      "et": 0.004002322457675406,
      "ip": 0.0010097592876906992,
      "tr": 0.004282595849480456,
      "ff": 0.0013510557569122981,
      "ud": 0.0010527099391089598,
      "cu": 0.0014578913753958466,
      "rs": 0.004250585170176998,
      "dg": 0.0002969387469660797,
      "vo": 0.0007456233261164441,
      "oi": 0.0009197656554239622,
      "se": 0.008378828949955104,
      "av": 0.0020300791880185774,
      "wa": 0.004514072342483218,
      "er": 0.020308154763605916,
      "pt": 0.0008134354364904459,
      "in": 0.02514534121962523,
      "ub": 0.0010282038562972264,
      "cs": 0.0002737546634100548,
      "nu": 0.0008746332496233417,
      "go": 0.0016227965492753055,
      "de": 0.0076392846334848025,
      "og": 0.0009167459423184498,
      "ha": 0.008577571327171716,
      "zi": 0.00021521856292252347,
      "sc": 0.00164686072640807,
      "at": 0.01389988449103854,
      "lv": 0.00029535431609633477,
      "ep": 0.001724076417592032,
      "pr": 0.00420181393135475,
      "il": 0.005098708671615438,
      "tn": 0.00013011308395556785,
      "ns": 0.004769650263328404,
      "ro": 0.007557481637687484,
      "ki": 0.0013757025322282234,
      "oe": 0.0004075320945719474,
      "sa": 0.0023967050463432784,
      "ar": 0.011962961600724192,
      "lt": 0.0011353416356252692,
      "en": 0.0134859602184277,
      "pp": 0.0013153851771604199,
      "tl": 0.0009718744411953886,
      "ju": 0.0008530209856400537,
      "co": 0.008122016507058889,
      "ys": 0.0007969677069143187,
      "rm": 0.001633050262719403,
      "da": 0.00213844507440264,
      "vi": 0.003055548506897544,
      "oc": 0.0017979937807735798,
      "ze": 0.0005150100873285203,
      "ap": 0.0018887470067676109,
      "lr": 0.00010092194075424897,
      "el": 0.0054416211363981365,
      "bb": 0.00020755162331844917,
      "no": 0.004166102528907355,
      "gi": 0.0015698595730685827,
      "rk": 0.0011826604612591662,
      "ke": 0.0024998839718759114,
      "oa": 0.0007696042541094225,
      "ht": 0.0012301597815253837,
      "an": 0.020755148043901488,
      "lp": 0.00021760632612190215,
      "wr": 0.00033306632221473425,
      "pl": 0.0026606184513292964,
      "if": 0.0015293315299362313,
      "th": 0.03138698104914387,
      "by": 0.0017902311265280526,
      "mb": 0.00124724211136205,
      "fu": 0.0008279005941584632,
      "ck": 0.0016464194039104653,
      "us": 0.0045536081754215,
      "nm": 0.00040653784324310214,
      "gg": 0.0002687856665936161,
      "yo": 0.0016125995502189083,
      "ri": 0.007987463153091495,
      "ve": 0.007995198106222207,
      "dv": 0.00017865272687842812,
      "za": 0.0003234299791426577,
      "ox": 0.0001827335384766946,
      "hr": 0.0008084873613054596,
      "al": 0.011328592731187975,
      "st": 0.01141628819149246,
      "eh": 0.0003004798242114779,
      "id": 0.003048177604733637,
      "my": 0.0005029033879963141,
      "qu": 0.0011210679072401572,
      "jo": 0.0008105350568716495,
      "ci": 0.0028482485263378876,
      "nk": 0.0007264381900746403,
      "ge": 0.0040830432146555075,
      "ym": 0.00023515673190127067,
      "rg": 0.0011382561573921553,
      "ka": 0.0004887185218716217,
      "ov": 0.002155753751506413,
      "aj": 0.000202362840025255,
      "sr": 0.0001303546668358225,
      "ll": 0.00627526548381581,
      "ef": 0.0013882723504615331,
      "wn": 0.0008649891065005146,
      "ph": 0.0008305549441391006,
      "ib": 0.0008425927551726222,
      "bu": 0.0020725833412046234,
      "ni": 0.0040869866141447575,
      "re": 0.017130280976694678,
      "va": 0.00127771435822589,
      "dr": 0.0010064186790393565,
      "ot": 0.004002924811127291,
      "hn": 0.000331856731167038,
      "ah": 0.0003293388456256996,
      "sp": 0.001807664896034516,
      "ed": 0.011784268780126953,
      "wl": 0.00010943157743006248,
      "tb": 0.00017798979546230386,
      "bs": 0.00039005524254217964,
      "mu": 0.0011214473396154517,
      "fo": 0.005074796996409497,
      "ce": 0.0058861035293287425,
      "um": 0.001471504869578645,
      "ng": 0.010262567157778148,
      "ga": 0.002053061126334124,
      "yi": 0.00035169007329551174,