keys_1,keys_2,keys_3,keys_4,keys_5,keys_6,name,fitness,row_switch_ratio,row_switch_imbalance,hand_switch_ratio,hands_imbalance,sfs_ratio,inward_ratio,outward_ratio,directional_outward_ratio,effort,efforts_imbalance,roll_imbalance,mean_streak,streak_imbalance,left_streak,right_streak,left_column_effort_ratio,right_column_effort_ratio,left_column_press_ratio,right_column_press_ratio,column_balance,left_finger_row_switch_ratio,right_finger_row_switch_ratio,finger_row_switch_balance,top_row_effort_ratio,home_row_effort_ratio,bottom_row_effort_ratio,row_balance,left_effort_ratio,right_effort_ratio,left_count_ratio,right_count_ratio,left_effort,right_effort,left_count,right_count,hand_switches,left_row_switch_cost,right_row_switch_cost,left_rolls,right_rolls,inward_count,outward_count,sfs_count,home_row_balance,left_pinky_ratio,left_ring_ratio,left_middle_ratio,left_index_inner_ratio,left_index_outer_ratio,right_pinky_ratio,right_ring_ratio,right_middle_ratio,right_index_inner_ratio,right_index_outer_ratio,left_pinky_row_switch_ratio,left_ring_row_switch_ratio,left_middle_row_switch_ratio,left_index_row_switch_ratio,right_pinky_row_switch_ratio,right_ring_row_switch_ratio,right_middle_row_switch_ratio,right_index_row_switch_ratio,pinky_balance,ring_balance,middle_balance,index_inner_balance,index_outer_balance,pinky_row_switch_balance,ring_row_switch_balance,middle_row_switch_balance,index_row_switch_balance
_frdv,uains,_wxyz,jqhc_,leotm,pbgk_,uainsleotm,48718.456527,06.10%,001.14%←,41.09%,000.39%→,06.04%,21.70%,07.81%,26.45%,58588128630.65,001.06%→,000.62%→,01.64,000.15%→,01.63,01.64,03.36% │ 11.62% │ 11.87% │ 12.09% │ 10.79%,09.44% │ 13.45% │ 12.97% │ 11.40% │ 03.00%,02.78% │ 12.15% │ 14.31% │ 13.02% │ 07.65%,06.64% │ 13.69% │ 14.29% │ 12.87% │ 02.60%,011.95%← │ 001.94%← │ 008.52%→ │ 010.06%→ │ 014.27%←,00.00% │ 05.18% │ 06.59% │ 07.24%,07.27% │ 06.70% │ 04.65% │ 00.00%,000.00%· │ 005.27%← │ 001.59%→ │ 001.25%←,25.62%,61.23%,13.15%,062.20%← │ 008.43%→ │ 045.88%→,49.73%,50.27%,49.90%,50.10%,29138571972.28,29449556658.37,8619798993,8653211458,7097058190,530065645,524069211,3345038890,3365802573,3748980474,1348232159,1043077336,008.43%→,03.36%,11.62%,11.87%,12.09%,10.79%,03.00%,11.40%,12.97%,13.45%,09.44%,00.00%,05.18%,06.59%,07.24%,00.00%,04.65%,06.70%,07.27%,011.95%←,001.94%←,008.52%→,010.06%→,014.27%←,000.00%·,005.27%←,001.59%→,001.25%←
_wrdv,uains,_fxyz,jqhc_,leotm,pbgk_,uainsleotm,48600.457751,06.10%,001.14%←,41.09%,000.39%→,06.04%,21.70%,07.81%,26.45%,58666922431.01,000.79%→,000.62%→,01.64,000.15%→,01.63,01.64,03.37% │ 11.61% │ 11.99% │ 12.06% │ 10.78%,09.43% │ 13.43% │ 12.96% │ 11.39% │ 02.99%,02.78% │ 12.15% │ 14.31% │ 13.02% │ 07.65%,06.64% │ 13.69% │ 14.29% │ 12.87% │ 02.60%,012.44%← │ 001.96%← │ 007.45%→ │ 010.22%→ │ 014.27%←,00.00% │ 05.18% │ 06.59% │ 07.24%,07.27% │ 06.70% │ 04.65% │ 00.00%,000.00%· │ 005.27%← │ 001.59%→ │ 001.25%←,25.10%,61.15%,13.75%,057.18%← │ 008.43%→ │ 038.55%→,49.80%,50.20%,49.90%,50.10%,29217365772.64,29449556658.37,8619798993,8653211458,7097058190,530065645,524069211,3345038890,3365802573,3748980474,1348232159,1043077336,008.43%→,03.37%,11.61%,11.99%,12.06%,10.78%,02.99%,11.39%,12.96%,13.43%,09.43%,00.00%,05.18%,06.59%,07.24%,00.00%,04.65%,06.70%,07.27%,012.44%←,001.96%←,007.45%→,010.22%→,014.27%←,000.00%·,005.27%←,001.59%→,001.25%←
_fryv,uaisn,_wxdz,pjhc_,leotm,bqgk_,uaisnleotm,47818.878639,06.13%,001.79%←,41.09%,000.39%→,06.04%,21.70%,07.81%,26.45%,60180600361.16,000.54%←,000.62%→,01.64,000.15%→,01.63,01.64,03.18% │ 11.42% │ 11.34% │ 12.05% │ 12.14%,11.38% │ 11.74% │ 12.71% │ 11.11% │ 02.92%,02.78% │ 12.15% │ 14.31% │ 11.97% │ 08.69%,08.03% │ 12.30% │ 14.29% │ 12.87% │ 02.60%,008.81%← │ 002.77%← │ 010.75%→ │ 002.60%← │ 006.71%←,00.00% │ 05.18% │ 06.59% │ 07.35%,07.28% │ 06.70% │ 04.65% │ 00.00%,000.00%· │ 005.27%← │ 001.59%→ │ 002.58%←,25.22%,61.45%,13.33%,000.26%← │ 004.85%→ │ 030.47%←,50.13%,49.87%,49.90%,50.10%,30170586687.19,30010013673.97,8619798993,8653211458,7097058190,534043157,524634735,3345038890,3365802573,3748980474,1348232159,1043077336,004.85%→,03.18%,11.42%,11.34%,12.05%,12.14%,02.92%,11.11%,12.71%,11.74%,11.38%,00.00%,05.18%,06.59%,07.35%,00.00%,04.65%,06.70%,07.28%,008.81%←,002.77%←,010.75%→,002.60%←,006.71%←,000.00%·,005.27%←,001.59%→,002.58%←
_fryv,uaisn,_wxdz,pqhc_,leotm,bjgk_,uaisnleotm,47807.712827,06.12%,002.25%←,41.09%,000.39%→,06.04%,21.70%,07.81%,26.45%,60158717821.63,000.61%←,000.62%→,01.64,000.15%→,01.63,01.64,03.18% │ 11.42% │ 11.35% │ 12.05% │ 12.15%,11.38% │ 11.74% │ 12.69% │ 11.12% │ 02.92%,02.78% │ 12.15% │ 14.31% │ 11.97% │ 08.69%,08.03% │ 12.30% │ 14.29% │ 12.87% │ 02.60%,008.81%← │ 002.77%← │ 010.58%→ │ 002.70%← │ 006.71%←,00.00% │ 05.18% │ 06.59% │ 07.35%,07.22% │ 06.70% │ 04.65% │ 00.00%,000.00%· │ 005.27%← │ 001.59%→ │ 003.52%←,25.09%,61.44%,13.47%,001.37%← │ 004.76%→ │ 027.55%←,50.15%,49.85%,49.90%,50.10%,30170586687.19,29988131134.44,8619798993,8653211458,7097058190,534043157,522311157,3345038890,3365802573,3748980474,1348232159,1043077336,004.76%→,03.18%,11.42%,11.35%,12.05%,12.15%,02.92%,11.12%,12.69%,11.74%,11.38%,00.00%,05.18%,06.59%,07.35%,00.00%,04.65%,06.70%,07.22%,008.81%←,002.77%←,010.58%→,002.70%←,006.71%←,000.00%·,005.27%←,001.59%→,003.52%←
_frdz,uaisn,_wxyv,bqhc_,leotm,pjgk_,uaisnleotm,47775.806479,06.13%,001.79%←,41.09%,000.39%→,06.04%,21.70%,07.81%,26.45%,60219110138.67,000.99%←,000.62%→,01.64,000.15%→,01.63,01.64,03.20% │ 11.43% │ 11.40% │ 12.11% │ 12.11%,11.32% │ 11.72% │ 12.69% │ 11.10% │ 02.92%,02.78% │ 12.15% │ 14.31% │ 11.97% │ 08.69%,08.03% │ 12.30% │ 14.29% │ 12.87% │ 02.60%,009.59%← │ 002.99%← │ 010.21%→ │ 003.26%← │ 007.00%←,00.00% │ 05.18% │ 06.59% │ 07.35%,07.28% │ 06.70% │ 04.65% │ 00.00%,000.00%· │ 005.27%← │ 001.59%→ │ 002.58%←,25.74%,61.51%,12.75%,022.08%← │ 004.20%→ │ 011.09%→,50.25%,49.75%,49.90%,50.10%,30257372525.23,29961737613.44,8619798993,8653211458,7097058190,534043157,524634735,3345038890,3365802573,3748980474,1348232159,1043077336,004.20%→,03.20%,11.43%,11.40%,12.11%,12.11%,02.92%,11.10%,12.69%,11.72%,11.32%,00.00%,05.18%,06.59%,07.35%,00.00%,04.65%,06.70%,07.28%,009.59%←,002.99%←,010.21%→,003.26%←,007.00%←,000.00%·,005.27%←,001.59%→,002.58%←
_wivx,farns,_uydz,gbhc_,leotp,qjmk_,farnsleotp,46763.548601,06.01%,002.89%←,41.09%,000.39%→,06.13%,21.75%,07.70%,26.16%,58872666954.40,000.19%→,000.62%→,01.64,000.15%→,01.63,01.64,02.47% │ 12.35% │ 13.42% │ 12.30% │ 09.41%,08.89% │ 13.64% │ 13.67% │ 11.33% │ 02.52%,02.19% │ 12.74% │ 15.82% │ 12.39% │ 06.77%,06.42% │ 13.82% │ 14.84% │ 12.87% │ 02.15%,001.97%→ │ 009.00%← │ 001.84%→ │ 009.78%→ │ 005.87%←,00.00% │ 05.06% │ 07.43% │ 06.42%,06.14% │ 07.57% │ 04.65% │ 00.00%,000.00%· │ 007.78%← │ 004.57%← │ 000.99%→,25.66%,59.00%,15.34%,018.41%→ │ 011.51%→ │ 132.34%←,49.95%,50.05%,49.90%,50.10%,29408785953.77,29463881000.63,8619798993,8653211458,7097058190,526644818,511860202,3345038890,3365802573,3756384132,1330690238,1058679796,011.51%→,02.47%,12.35%,13.42%,12.30%,09.41%,02.52%,11.33%,13.67%,13.64%,08.89%,00.00%,05.06%,07.43%,06.42%,00.00%,04.65%,07.57%,06.14%,001.97%→,009.00%←,001.84%→,009.78%→,005.87%←,000.00%·,007.78%←,004.57%←,000.99%→
_wivz,farns,_uydx,gbhc_,leotp,qjmk_,farnsleotp,46761.970948,06.01%,002.97%←,41.09%,000.39%→,06.13%,21.75%,07.70%,26.16%,58870972797.59,000.19%→,000.62%→,01.64,000.15%→,01.63,01.64,02.47% │ 12.35% │ 13.42% │ 12.31% │ 09.40%,08.89% │ 13.64% │ 13.67% │ 11.33% │ 02.52%,02.19% │ 12.74% │ 15.82% │ 12.39% │ 06.77%,06.42% │ 13.82% │ 14.84% │ 12.87% │ 02.15%,001.97%→ │ 009.01%← │ 001.81%→ │ 009.78%→ │ 005.79%←,00.00% │ 05.06% │ 07.43% │ 06.43%,06.14% │ 07.57% │ 04.65% │ 00.00%,000.00%· │ 007.78%← │ 004.57%← │ 000.79%→,25.59%,59.00%,15.41%,018.90%→ │ 011.50%→ │ 133.75%←,49.95%,50.05%,49.90%,50.10%,29407091796.96,29463881000.63,8619798993,8653211458,7097058190,527073658,511860202,3345038890,3365802573,3756384132,1330690238,1058679796,011.50%→,02.47%,12.35%,13.42%,12.31%,09.40%,02.52%,11.33%,13.67%,13.64%,08.89%,00.00%,05.06%,07.43%,06.43%,00.00%,04.65%,07.57%,06.14%,001.97%→,009.01%←,001.81%→,009.78%→,005.79%←,000.00%·,007.78%←,004.57%←,000.79%→
_bhqp,ctoel,_ygfx,vdrk_,sniau,zmjw_,ctoelsniau,46589.809974,05.68%,001.92%→,39.82%,002.42%←,06.88%,22.48%,08.75%,28.01%,58767881350.22,002.79%←,001.37%→,01.67,002.50%→,01.65,01.69,03.73% │ 10.89% │ 13.11% │ 13.49% │ 09.47%,10.79% │ 12.99% │ 11.90% │ 10.25% │ 03.38%,03.33% │ 12.12% │ 14.29% │ 14.25% │ 06.60%,07.65% │ 13.92% │ 14.35% │ 10.71% │ 02.78%,010.08%← │ 006.25%← │ 010.18%← │ 003.85%← │ 012.24%→,00.00% │ 04.23% │ 06.70% │ 06.43%,06.42% │ 06.41% │ 05.26% │ 00.00%,000.00%· │ 009.02%→ │ 004.24%← │ 003.13%→,25.16%,61.70%,13.14%,023.19%→ │ 009.07%← │ 035.84%←,50.69%,49.31%,50.60%,49.40%,29787769539.73,28980111810.49,8739799893,8533210558,6878171571,485773666,495305330,3440932570,3488795512,3883308865,1510692403,1188420366,009.07%←,03.73%,10.89%,13.11%,13.49%,09.47%,03.38%,10.25%,11.90%,12.99%,10.79%,00.00%,04.23%,06.70%,06.43%,00.00%,05.26%,06.41%,06.42%,010.08%←,006.25%←,010.18%←,003.85%←,012.24%→,000.00%·,009.02%→,004.24%←,003.13%→
_chjy,gtoel,_bmvq,zpru_,sniaf,xdwk_,gtoelsniaf,46589.752544,06.12%,005.35%→,40.39%,000.06%→,06.18%,21.94%,08.05%,26.85%,58027994088.22,001.54%←,001.38%→,01.65,000.87%→,01.65,01.66,02.30% │ 12.41% │ 13.66% │ 13.14% │ 08.87%,09.48% │ 12.48% │ 13.44% │ 11.73% │ 02.49%,02.05% │ 13.74% │ 14.84% │ 13.28% │ 06.07%,06.77% │ 13.46% │ 15.81% │ 11.80% │ 02.19%,007.83%→ │ 005.79%← │ 001.71%← │ 005.26%← │ 006.41%→,00.00% │ 02.71% │ 07.57% │ 07.66%,07.09% │ 08.09% │ 03.67% │ 00.00%,000.00%· │ 013.89%→ │ 012.22%→ │ 003.34%←,25.58%,59.62%,14.80%,003.46%→ │ 009.54%← │ 018.41%→,50.38%,49.62%,49.98%,50.02%,29235524122.45,28792469965.77,8633891225,8639119226,6976084129,514428463,543514721,3392096153,3439719371,3789106898,1391125684,1067249225,009.54%←,02.30%,12.41%,13.66%,13.14%,08.87%,02.49%,11.73%,13.44%,12.48%,09.48%,00.00%,02.71%,07.57%,07.66%,00.00%,03.67%,08.09%,07.09%,007.83%→,005.79%←,001.71%←,005.26%←,006.41%→,000.00%·,013.89%→,012.22%→,003.34%←
_chqy,gtoel,_bmvj,zpru_,sniaf,xdwk_,gtoelsniaf,46569.491237,06.13%,005.33%→,40.39%,000.06%→,06.18%,21.94%,08.05%,26.85%,58063920507.60,001.66%←,001.38%→,01.65,000.87%→,01.65,01.66,02.29% │ 12.41% │ 13.66% │ 13.00% │ 09.05%,09.47% │ 12.48% │ 13.43% │ 11.73% │ 02.49%,02.05% │ 13.74% │ 14.84% │ 13.15% │ 06.20%,06.77% │ 13.46% │ 15.81% │ 11.80% │ 02.19%,007.83%→ │ 005.79%← │ 001.75%← │ 004.24%← │ 004.48%→,00.00% │ 02.71% │ 07.57% │ 07.67%,07.09% │ 08.09% │ 03.67% │ 00.00%,000.00%· │ 013.89%→ │ 012.22%→ │ 003.39%←,25.42%,59.61%,14.97%,004.54%→ │ 009.60%← │ 016.17%→,50.41%,49.59%,49.98%,50.02%,29271450541.83,28792469965.77,8633891225,8639119226,6976084129,514532923,543514721,3392096153,3439719371,3789106898,1391125684,1067249225,009.60%←,02.29%,12.41%,13.66%,13.00%,09.05%,02.49%,11.73%,13.43%,12.48%,09.47%,00.00%,02.71%,07.57%,07.67%,00.00%,03.67%,08.09%,07.09%,007.83%→,005.79%←,001.75%←,004.24%←,004.48%→,000.00%·,013.89%→,012.22%→,003.39%←
_vhkp,ctoed,_ymbj,zlrf_,sniau,xgwq_,!!!!ctoedsniau,46547.594126,05.37%,005.91%→,39.60%,001.14%←,06.41%,22.28%,08.78%,28.28%,58485521016.57,001.89%←,006.60%→,01.68,005.24%→,01.63,01.72,03.73% │ 09.96% │ 13.59% │ 14.47% │ 08.71%,09.33% │ 13.17% │ 13.72% │ 09.84% │ 03.47%,03.33% │ 11.58% │ 14.84% │ 14.34% │ 06.20%,06.77% │ 13.81% │ 15.81% │ 10.56% │ 02.78%,007.64%← │ 001.25%← │ 000.97%→ │ 009.88%← │ 006.65%→,00.00% │ 01.81% │ 07.57% │ 06.19%,06.19% │ 08.09% │ 02.05% │ 00.00%,000.00%· │ 003.00%→ │ 012.22%→ │ 000.07%→,26.04%,61.31%,12.65%,025.43%→ │ 007.33%← │ 050.78%←,50.47%,49.53%,50.28%,49.72%,29516488404.71,28969032611.86,8685503258,8587507193,6840144666,449966094,478241187,3364977430,3602777557,3847793182,1516932863,1106416833,007.33%←,03.73%,09.96%,13.59%,14.47%,08.71%,03.47%,09.84%,13.72%,13.17%,09.33%,00.00%,01.81%,07.57%,06.19%,00.00%,02.05%,08.09%,06.19%,007.64%←,001.25%←,000.97%→,009.88%←,006.65%→,000.00%·,003.00%→,012.22%→,000.07%→
_vhkp,ctoed,_ymbj,xlrf_,sniau,zgwq_,ctoedsniau,46541.664584,05.38%,005.97%→,39.60%,001.14%←,06.41%,22.28%,08.78%,28.28%,58482156340.41,001.90%←,006.60%→,01.68,005.24%→,01.63,01.72,03.73% │ 09.96% │ 13.59% │ 14.47% │ 08.71%,09.33% │ 13.17% │ 13.72% │ 09.83% │ 03.47%,03.33% │ 11.58% │ 14.84% │ 14.34% │ 06.20%,06.77% │ 13.81% │ 15.81% │ 10.56% │ 02.78%,007.64%← │ 001.27%← │ 000.97%→ │ 009.88%← │ 006.61%→,00.00% │ 01.81% │ 07.57% │ 06.19%,06.19% │ 08.09% │ 02.05% │ 00.00%,000.00%· │ 003.00%→ │ 012.22%→ │ 000.21%→,26.11%,61.31%,12.58%,025.78%→ │ 007.33%← │ 053.13%←,50.47%,49.53%,50.28%,49.72%,29516488404.71,28965667935.70,8685503258,8587507193,6840144666,449966094,478551579,3364977430,3602777557,3847793182,1516932863,1106416833,007.33%←,03.73%,09.96%,13.59%,14.47%,08.71%,03.47%,09.83%,13.72%,13.17%,09.33%,00.00%,01.81%,07.57%,06.19%,00.00%,02.05%,08.09%,06.19%,007.64%←,001.27%←,000.97%→,009.88%←,006.61%→,000.00%·,003.00%→,012.22%→,000.21%→
_phzg,ctoed,_mwbj,xlrv_,sniau,qykf_,ctoedsniau,46518.528071,05.69%,002.15%←,40.61%,002.54%←,05.63%,22.15%,08.33%,27.33%,58597037253.28,003.07%←,005.62%→,01.65,005.24%→,01.61,01.69,03.72% │ 12.30% │ 12.90% │ 13.50% │ 08.35%,09.28% │ 12.79% │ 12.74% │ 10.97% │ 03.45%,03.33% │ 13.55% │ 13.93% │ 13.72% │ 06.10%,06.74% │ 13.46% │ 14.86% │ 11.53% │ 02.78%,007.74%← │ 012.07%← │ 001.20%← │ 005.49%← │ 010.05%→,00.00% │ 03.44% │ 09.73% │ 05.31%,05.32% │ 08.53% │ 04.09% │ 00.00%,000.00%· │ 001.33%→ │ 006.92%← │ 001.96%→,25.58%,60.69%,13.73%,015.08%→ │ 008.42%← │ 018.27%←,50.76%,49.24%,50.63%,49.37%,29742102489.67,28854934763.61,8744830734,8528179717,7014258468,496453908,486015555,3298595857,3495045328,3826296146,1438662895,972601704,008.42%←,03.72%,12.30%,12.90%,13.50%,08.35%,03.45%,10.97%,12.74%,12.79%,09.28%,00.00%,03.44%,09.73%,05.31%,00.00%,04.09%,08.53%,05.32%,007.74%←,012.07%←,001.20%←,005.49%←,010.05%→,000.00%·,001.33%→,006.92%←,001.96%→
_phzg,ctoed,_mwbj,qlrv_,sniau,xykf_,ctoedsniau,46511.030066,05.68%,002.26%←,40.61%,002.54%←,05.63%,22.15%,08.33%,27.33%,58589659189.35,003.10%←,005.62%→,01.65,005.24%→,01.61,01.69,03.72% │ 12.30% │ 12.90% │ 13.50% │ 08.35%,09.28% │ 12.79% │ 12.74% │ 10.97% │ 03.45%,03.33% │ 13.55% │ 13.93% │ 13.72% │ 06.10%,06.74% │ 13.46% │ 14.86% │ 11.53% │ 02.78%,007.90%← │ 012.09%← │ 001.22%← │ 005.49%← │ 010.03%→,00.00% │ 03.44% │ 09.73% │ 05.31%,05.30% │ 08.53% │ 04.09% │ 00.00%,000.00%· │ 001.33%→ │ 006.92%← │ 001.68%→,25.45%,60.68%,13.87%,014.22%→ │ 008.45%← │ 015.79%←,50.76%,49.24%,50.63%,49.37%,29742102489.67,28847556699.68,8744830734,8528179717,7014258468,496453908,485500619,3298595857,3495045328,3826296146,1438662895,972601704,008.45%←,03.72%,12.30%,12.90%,13.50%,08.35%,03.45%,10.97%,12.74%,12.79%,09.28%,00.00%,03.44%,09.73%,05.31%,00.00%,04.09%,08.53%,05.30%,007.90%←,012.09%←,001.22%←,005.49%←,010.03%→,000.00%·,001.33%→,006.92%←,001.68%→
_bhzp,ctoel,_ygfx,vdrk_,sniau,qmjw_,ctoelsniau,46503.829895,05.71%,001.25%→,39.78%,002.54%←,06.82%,22.43%,08.81%,28.19%,58799174615.53,003.01%←,001.03%→,01.67,002.35%→,01.65,01.69,03.72% │ 10.89% │ 13.12% │ 13.55% │ 09.46%,10.72% │ 12.98% │ 11.87% │ 10.22% │ 03.46%,03.33% │ 12.12% │ 14.29% │ 14.28% │ 06.60%,07.62% │ 13.92% │ 14.35% │ 10.71% │ 02.78%,007.60%← │ 006.56%← │ 010.48%← │ 004.38%← │ 011.77%→,00.00% │ 04.23% │ 06.70% │ 06.53%,06.45% │ 06.41% │ 05.26% │ 00.00%,000.00%· │ 009.02%→ │ 004.24%← │ 001.72%→,25.17%,61.75%,13.08%,022.99%→ │ 009.14%← │ 037.29%←,50.74%,49.26%,50.63%,49.37%,29836098058.64,28963076556.89,8744879205,8528131246,6871619558,489725378,495899516,3450125906,3486154189,3874686899,1521360605,1177289914,009.14%←,03.72%,10.89%,13.12%,13.55%,09.46%,03.46%,10.22%,11.87%,12.98%,10.72%,00.00%,04.23%,06.70%,06.53%,00.00%,05.26%,06.41%,06.45%,007.60%←,006.56%←,010.48%←,004.38%←,011.77%→,000.00%·,009.02%→,004.24%←,001.72%→
_chqg,ptoel,_bwvj,xmru_,sniaf,zdyk_,ptoelsniaf,46347.551589,06.27%,000.59%←,40.58%,001.92%→,06.73%,22.07%,07.96%,26.51%,58183192411.15,000.33%→,005.11%→,01.65,002.12%→,01.63,01.67,02.43% │ 12.38% │ 12.90% │ 13.05% │ 09.16%,09.48% │ 12.96% │ 13.58% │ 11.58% │ 02.48%,02.15% │ 13.74% │ 13.93% │ 13.15% │ 06.55%,06.77% │ 13.92% │ 15.82% │ 11.80% │ 02.19%,002.22%→ │ 006.91%← │ 004.96%→ │ 000.66%← │ 003.39%→,00.00% │ 02.71% │ 09.73% │ 07.20%,06.47% │ 08.57% │ 03.67% │ 00.00%,000.00%· │ 013.89%→ │ 000.04%→ │ 005.90%←,26.30%,59.67%,14.03%,005.78%→ │ 012.12%← │ 033.19%→,49.92%,50.08%,49.51%,50.49%,29043591570.82,29139600840.33,8552691654,8720318797,7009696009,543262538,540090256,3310067079,3488136565,3811679156,1375281105,1162675072,012.12%←,02.43%,12.38%,12.90%,13.05%,09.16%,02.48%,11.58%,13.58%,12.96%,09.48%,00.00%,02.71%,09.73%,07.20%,00.00%,03.67%,08.57%,06.47%,002.22%→,006.91%←,004.96%→,000.66%←,003.39%→,000.00%·,013.89%→,000.04%→,005.90%←
_chqg,ptoel,_bwvj,zmru_,sniaf,xdyk_,ptoelsniaf,46344.221463,06.27%,000.54%←,40.58%,001.92%→,06.73%,22.07%,07.96%,26.51%,58187418172.86,000.34%→,005.11%→,01.65,002.12%→,01.63,01.67,02.43% │ 12.38% │ 12.90% │ 13.05% │ 09.16%,09.49% │ 12.96% │ 13.57% │ 11.58% │ 02.48%,02.15% │ 13.74% │ 13.93% │ 13.15% │ 06.55%,06.77% │ 13.92% │ 15.82% │ 11.80% │ 02.19%,002.22%→ │ 006.89%← │ 004.96%→ │ 000.66%← │ 003.45%→,00.00% │ 02.71% │ 09.73% │ 07.20%,06.48% │ 08.57% │ 03.67% │ 00.00%,000.00%· │ 013.89%→ │ 000.04%→ │ 005.77%←,26.23%,59.67%,14.10%,005.28%→ │ 012.12%← │ 033.81%→,49.91%,50.09%,49.51%,50.49%,29043591570.82,29143826602.04,8552691654,8720318797,7009696009,543262538,540368332,3310067079,3488136565,3811679156,1375281105,1162675072,012.12%←,02.43%,12.38%,12.90%,13.05%,09.16%,02.48%,11.58%,13.57%,12.96%,09.49%,00.00%,02.71%,09.73%,07.20%,00.00%,03.67%,08.57%,06.48%,002.22%→,006.89%←,004.96%→,000.66%←,003.45%→,000.00%·,013.89%→,000.04%→,005.77%←
_mlfq,cther,_pgvj,zdob_,snaiu,xykw_,!cthersnaiu,46209.223262,04.49%,003.06%→,40.10%,000.15%→,06.44%,21.83%,08.44%,27.89%,57918574064.36,002.83%←,001.66%→,01.66,001.00%→,01.65,01.67,03.79% │ 12.63% │ 09.77% │ 14.93% │ 09.59%,09.42% │ 12.82% │ 12.55% │ 10.85% │ 03.66%,03.33% │ 13.55% │ 11.00% │ 15.23% │ 06.86%,06.77% │ 13.02% │ 16.58% │ 10.90% │ 02.78%,003.47%← │ 016.39%← │ 022.16%→ │ 016.44%← │ 001.71%←,00.00% │ 03.44% │ 02.79% │ 06.51%,07.30% │ 02.20% │ 04.33% │ 00.00%,000.00%· │ 001.33%→ │ 015.73%→ │ 000.43%→,25.05%,62.41%,12.54%,032.43%→ │ 017.48%← │ 021.67%←,50.70%,49.30%,49.96%,50.04%,29362995253.40,28555578810.96,8629989133,8643021318,6925675808,381863577,393930668,3412318179,3469905666,3770465750,1458617777,1113101067,017.48%←,03.79%,12.63%,09.77%,14.93%,09.59%,03.66%,10.85%,12.55%,12.82%,09.42%,00.00%,03.44%,02.79%,06.51%,00.00%,04.33%,02.20%,07.30%,003.47%←,016.39%←,022.16%→,016.44%←,001.71%←,000.00%·,001.33%→,015.73%→,000.43%→
_frdq,uains,_vkmx,gjhb_,leotc,zpwy_,uainsleotc,46207.939664,06.27%,003.46%→,40.42%,000.68%→,06.29%,21.52%,08.67%,28.71%,58275063590.51,002.27%→,004.75%←,01.65,003.54%←,01.68,01.63,03.49% │ 10.93% │ 12.66% │ 13.05% │ 09.30%,09.05% │ 13.90% │ 12.99% │ 10.89% │ 03.74%,02.78% │ 11.53% │ 14.86% │ 13.92% │ 06.74%,06.45% │ 14.35% │ 13.93% │ 12.12% │ 03.33%,006.92%→ │ 000.38%← │ 002.54%→ │ 006.14%→ │ 002.79%←,00.00% │ 04.09% │ 08.53% │ 06.49%,06.37% │ 09.73% │ 04.23% │ 00.00%,000.00%· │ 007.83%→ │ 006.47%→ │ 001.31%←,25.39%,61.54%,13.07%,028.58%← │ 009.17%→ │ 018.96%→,49.43%,50.57%,49.83%,50.17%,28802829948.11,29472233642.40,8606992404,8666018047,6981549394,532079738,551152242,3492284616,3334065643,3717755933,1497559722,1085699224,009.17%→,03.49%,10.93%,12.66%,13.05%,09.30%,03.74%,10.89%,12.99%,13.90%,09.05%,00.00%,04.09%,08.53%,06.49%,00.00%,04.23%,09.73%,06.37%,006.92%→,000.38%←,002.54%→,006.14%→,002.79%←,000.00%·,007.83%→,006.47%→,001.31%←
_mlfj,cther,_pgvq,zdob_,snaiu,xykw_,cthersnaiu,46207.254905,04.49%,003.08%→,40.10%,000.15%→,06.44%,21.83%,08.44%,27.89%,57914620241.74,002.81%←,001.66%→,01.66,001.00%→,01.65,01.67,03.79% │ 12.63% │ 09.77% │ 14.92% │ 09.58%,09.42% │ 12.82% │ 12.55% │ 10.85% │ 03.66%,03.33% │ 13.55% │ 11.00% │ 15.23% │ 06.86%,06.77% │ 13.02% │ 16.58% │ 10.90% │ 02.78%,003.47%← │ 016.39%← │ 022.16%→ │ 016.43%← │ 001.66%←,00.00% │ 03.44% │ 02.79% │ 06.51%,07.30% │ 02.20% │ 04.33% │ 00.00%,000.00%· │ 001.33%→ │ 015.73%→ │ 000.46%→,25.22%,62.42%,12.36%,031.27%→ │ 017.47%← │ 018.52%←,50.69%,49.31%,49.96%,50.04%,29359041430.78,28555578810.96,8629989133,8643021318,6925675808,381802807,393930668,3412318179,3469905666,3770465750,1458617777,1113101067,017.47%←,03.79%,12.63%,09.77%,14.92%,09.58%,03.66%,10.85%,12.55%,12.82%,09.42%,00.00%,03.44%,02.79%,06.51%,00.00%,04.33%,02.20%,07.30%,003.47%←,016.39%←,022.16%→,016.43%←,001.66%←,000.00%·,001.33%→,015.73%→,000.46%→
_chkq,ptoel,_bwgy,xdru_,sniaf,zmvj_,fainsleotp,46181.218574,06.32%,004.98%→,40.54%,002.67%←,06.73%,22.13%,07.76%,25.96%,58014966167.86,004.90%←,000.71%→,01.65,002.15%→,01.63,01.67,02.45% │ 12.44% │ 12.93% │ 14.49% │ 08.89%,09.44% │ 13.09% │ 12.89% │ 10.90% │ 02.49%,02.15% │ 13.74% │ 13.93% │ 14.77% │ 06.07%,06.77% │ 13.92% │ 15.19% │ 11.28% │ 02.19%,001.59%→ │ 014.10%← │ 000.29%← │ 010.75%← │ 005.84%→,00.00% │ 02.71% │ 09.73% │ 06.50%,06.48% │ 09.74% │ 03.75% │ 00.00%,000.00%· │ 011.87%→ │ 008.42%→ │ 001.00%←,26.05%,59.57%,14.38%,030.91%→ │ 010.29%← │ 083.58%←,51.19%,48.81%,50.66%,49.34%,29700690934.75,28314275233.11,8750115981,8522894470,7002968172,532209361,560087223,3390311824,3414619657,3822775588,1340102605,1162848485,010.29%←,02.45%,12.44%,12.93%,14.49%,08.89%,02.49%,10.90%,12.89%,13.09%,09.44%,00.00%,02.71%,09.73%,06.50%,00.00%,03.75%,09.74%,06.48%,001.59%→,014.10%←,000.29%←,010.75%←,005.84%→,000.00%·,011.87%→,008.42%→,001.00%←
_chkq,ptoel,_bwgy,zdru_,sniaf,xmvj_,fainsleotp,46173.556375,06.32%,004.93%→,40.54%,002.67%←,06.73%,22.13%,07.76%,25.96%,58018292198.89,004.88%←,000.71%→,01.65,002.15%→,01.63,01.67,02.45% │ 12.44% │ 12.93% │ 14.49% │ 08.89%,09.44% │ 13.08% │ 12.89% │ 10.90% │ 02.49%,02.15% │ 13.74% │ 13.93% │ 14.77% │ 06.07%,06.77% │ 13.92% │ 15.19% │ 11.28% │ 02.19%,001.60%→ │ 014.08%← │ 000.30%← │ 010.75%← │ 005.89%→,00.00% │ 02.71% │ 09.73% │ 06.50%,06.47% │ 09.74% │ 03.75% │ 00.00%,000.00%· │ 011.87%→ │ 008.42%→ │ 001.12%←,25.97%,59.56%,14.46%,030.59%→ │ 010.28%← │ 080.78%←,51.19%,48.81%,50.66%,49.34%,29700690934.75,28317601264.14,8750115981,8522894470,7002968172,532209361,559809147,3390311824,3414619657,3822775588,1340102605,1162848485,010.28%←,02.45%,12.44%,12.93%,14.49%,08.89%,02.49%,10.90%,12.89%,13.08%,09.44%,00.00%,02.71%,09.73%,06.50%,00.00%,03.75%,09.74%,06.47%,001.60%→,014.08%←,000.30%←,010.75%←,005.89%→,000.00%·,011.87%→,008.42%→,001.12%←
_phkq,ctoel,_mwgz,jsrf_,dniau,xybv_,ctoeldniau,46085.892586,05.33%,000.84%→,40.80%,000.27%←,05.52%,22.09%,08.17%,26.99%,57581065233.73,000.54%←,000.56%→,01.64,000.53%→,01.64,01.65,03.78% │ 12.60% │ 12.98% │ 14.72% │ 06.05%,05.99% │ 15.59% │ 13.72% │ 10.97% │ 03.59%,03.33% │ 13.55% │ 13.93% │ 14.77% │ 04.49%,04.24% │ 15.64% │ 15.74% │ 11.53% │ 02.78%,005.30%← │ 014.89%← │ 005.42%→ │ 005.59%→ │ 000.99%←,00.00% │ 03.44% │ 09.73% │ 04.33%,04.33% │ 08.54% │ 04.09% │ 00.00%,000.00%· │ 001.33%→ │ 000.88%← │ 003.23%→,27.96%,58.18%,13.86%,046.00%→ │ 025.92%← │ 032.64%←,50.13%,49.87%,50.07%,49.93%,28867621064.42,28713444169.31,8647998358,8625012093,7047658625,458597606,462467174,3370609078,3389631950,3816076505,1410910329,952745940,025.92%←,03.78%,12.60%,12.98%,14.72%,06.05%,03.59%,10.97%,13.72%,15.59%,05.99%,00.00%,03.44%,09.73%,04.33%,00.00%,04.09%,08.54%,04.33%,005.30%←,014.89%←,005.42%→,005.59%→,000.99%←,000.00%·,001.33%→,000.88%←,003.23%→
_phkq,ctoel,_mwgz,xsrf_,dniau,jybv_,ctoeldniau,46083.771608,05.34%,000.97%→,40.80%,000.27%←,05.52%,22.09%,08.17%,26.99%,57582850641.56,000.53%←,000.56%→,01.64,000.53%→,01.64,01.65,03.78% │ 12.60% │ 12.98% │ 14.72% │ 06.05%,05.99% │ 15.60% │ 13.72% │ 10.96% │ 03.60%,03.33% │ 13.55% │ 13.93% │ 14.77% │ 04.49%,04.24% │ 15.64% │ 15.74% │ 11.53% │ 02.78%,005.19%← │ 014.92%← │ 005.43%→ │ 005.59%→ │ 001.00%←,00.00% │ 03.44% │ 09.73% │ 04.33%,04.35% │ 08.54% │ 04.09% │ 00.00%,000.00%· │ 001.33%→ │ 000.88%← │ 003.65%→,27.89%,58.18%,13.93%,045.81%→ │ 025.91%← │ 031.20%←,50.13%,49.87%,50.07%,49.93%,28867621064.42,28715229577.14,8647998358,8625012093,7047658625,458597606,463107042,3370609078,3389631950,3816076505,1410910329,952745940,025.91%←,03.78%,12.60%,12.98%,14.72%,06.05%,03.60%,10.96%,13.72%,15.60%,05.99%,00.00%,03.44%,09.73%,04.33%,00.00%,04.09%,08.54%,04.35%,005.19%←,014.92%←,005.43%→,005.59%→,001.00%←,000.00%·,001.33%→,000.88%←,003.65%→
_phkz,ctoel,_mwgq,xsrf_,dniau,jybv_,ctoeldniau,46083.141483,05.34%,000.97%→,40.80%,000.27%←,05.52%,22.09%,08.17%,26.99%,57579882893.81,000.52%←,000.56%→,01.64,000.53%→,01.64,01.65,03.78% │ 12.60% │ 12.98% │ 14.72% │ 06.04%,05.99% │ 15.60% │ 13.72% │ 10.96% │ 03.60%,03.33% │ 13.55% │ 13.93% │ 14.77% │ 04.49%,04.24% │ 15.64% │ 15.74% │ 11.53% │ 02.78%,005.19%← │ 014.92%← │ 005.44%→ │ 005.61%→ │ 000.96%←,00.00% │ 03.44% │ 09.73% │ 04.33%,04.35% │ 08.54% │ 04.09% │ 00.00%,000.00%· │ 001.33%→ │ 000.88%← │ 003.64%→,27.93%,58.18%,13.89%,045.63%→ │ 025.90%← │ 030.60%←,50.13%,49.87%,50.07%,49.93%,28864653316.67,28715229577.14,8647998358,8625012093,7047658625,458615296,463107042,3370609078,3389631950,3816076505,1410910329,952745940,025.90%←,03.78%,12.60%,12.98%,14.72%,06.04%,03.60%,10.96%,13.72%,15.60%,05.99%,00.00%,03.44%,09.73%,04.33%,00.00%,04.09%,08.54%,04.35%,005.19%←,014.92%←,005.44%→,005.61%→,000.96%←,000.00%·,001.33%→,000.88%←,003.64%→
_chby,mtoel,_jpvq,zgrf_,sniau,xdwk_,mtoelsniau,46064.157860,07.25%,007.10%→,39.09%,000.32%←,06.02%,21.73%,08.29%,27.60%,58420890043.67,001.84%←,000.38%→,01.69,000.49%→,01.69,01.69,03.01% │ 10.66% │ 13.17% │ 14.78% │ 08.84%,09.35% │ 12.74% │ 13.49% │ 10.57% │ 03.40%,02.60% │ 12.35% │ 14.39% │ 14.67% │ 06.07%,06.77% │ 13.36% │ 15.81% │ 11.20% │ 02.78%,011.34%→ │ 000.84%← │ 002.35%→ │ 015.99%← │ 005.49%→,00.00% │ 02.70% │ 07.26% │ 10.18%,10.56% │ 08.09% │ 03.13% │ 00.00%,000.00%· │ 004.78%→ │ 018.41%→ │ 000.67%→,26.33%,61.26%,12.41%,013.69%← │ 010.04%← │ 045.97%→,50.46%,49.54%,50.08%,49.92%,29476350912.63,28944539131.04,8650386909,8622623542,6752102407,602690382,648742917,3521118018,3534679228,3753772079,1431307807,1039790754,010.04%←,03.01%,10.66%,13.17%,14.78%,08.84%,03.40%,10.57%,13.49%,12.74%,09.35%,00.00%,02.70%,07.26%,10.18%,00.00%,03.13%,08.09%,10.56%,011.34%→,000.84%←,002.35%→,015.99%←,005.49%→,000.00%·,004.78%→,018.41%→,000.67%→
_chby,mtoel,_jpvq,xgrf_,sniau,zdwk_,mtoelsniau,46057.648623,07.24%,007.08%→,39.09%,000.32%←,06.02%,21.73%,08.29%,27.60%,58417115629.97,001.85%←,000.38%→,01.69,000.49%→,01.69,01.69,03.01% │ 10.66% │ 13.17% │ 14.78% │ 08.84%,09.35% │ 12.74% │ 13.49% │ 10.57% │ 03.40%,02.60% │ 12.35% │ 14.39% │ 14.67% │ 06.07%,06.77% │ 13.36% │ 15.81% │ 11.20% │ 02.78%,011.34%→ │ 000.86%← │ 002.36%→ │ 015.99%← │ 005.43%→,00.00% │ 02.70% │ 07.26% │ 10.18%,10.56% │ 08.09% │ 03.13% │ 00.00%,000.00%· │ 004.78%→ │ 018.41%→ │ 000.63%→,26.40%,61.26%,12.33%,013.03%← │ 010.04%← │ 045.44%→,50.46%,49.54%,50.08%,49.92%,29476350912.63,28940764717.34,8650386909,8622623542,6752102407,602690382,648584629,3521118018,3534679228,3753772079,1431307807,1039790754,010.04%←,03.01%,10.66%,13.17%,14.78%,08.84%,03.40%,10.57%,13.49%,12.74%,09.35%,00.00%,02.70%,07.26%,10.18%,00.00%,03.13%,08.09%,10.56%,011.34%→,000.86%←,002.36%→,015.99%←,005.43%→,000.00%·,004.78%→,018.41%→,000.63%→
_frdj,uains,_vkmx,gqhb_,leotc,zpwy_,uainsleotc,46019.011199,06.26%,003.07%→,40.47%,000.16%→,06.39%,21.52%,08.63%,28.63%,58269710955.01,001.30%→,005.45%←,01.65,003.63%←,01.68,01.62,03.47% │ 10.98% │ 12.67% │ 13.05% │ 09.50%,09.05% │ 13.73% │ 12.91% │ 10.89% │ 03.75%,02.78% │ 11.53% │ 14.86% │ 13.92% │ 06.87%,06.45% │ 14.22% │ 13.93% │ 12.12% │ 03.33%,007.40%→ │ 000.86%← │ 001.82%→ │ 004.98%→ │ 004.96%←,00.00% │ 04.09% │ 08.53% │ 06.45%,06.34% │ 09.73% │ 04.23% │ 00.00%,000.00%· │ 007.83%→ │ 006.47%→ │ 002.30%←,25.46%,61.47%,13.07%,031.95%← │ 008.69%→ │ 018.94%→,49.67%,50.33%,49.96%,50.04%,28944352821.89,29325358133.12,8629594341,8643416110,6989809083,532074615,548953232,3499497216,3318593354,3717343480,1491515571,1103068835,008.69%→,03.47%,10.98%,12.67%,13.05%,09.50%,03.75%,10.89%,12.91%,13.73%,09.05%,00.00%,04.09%,08.53%,06.45%,00.00%,04.23%,09.73%,06.34%,007.40%→,000.86%←,001.82%→,004.98%→,004.96%←,000.00%·,007.83%→,006.47%→,002.30%←
_chvq,mtoel,_jpby,xdrf_,sniau,zgwk_,mtoelsniau,46018.648670,07.25%,007.10%→,39.09%,000.32%←,06.02%,21.73%,08.29%,27.60%,58512142482.79,001.45%←,000.38%→,01.69,000.49%→,01.69,01.69,03.01% │ 10.64% │ 13.08% │ 14.84% │ 08.79%,09.33% │ 12.74% │ 13.62% │ 10.55% │ 03.40%,02.60% │ 12.35% │ 14.39% │ 14.67% │ 06.07%,06.77% │ 13.36% │ 15.81% │ 11.20% │ 02.78%,011.49%→ │ 000.89%← │ 003.97%→ │ 016.44%← │ 005.77%→,00.00% │ 02.70% │ 07.26% │ 10.18%,10.56% │ 08.09% │ 03.13% │ 00.00%,000.00%· │ 004.78%→ │ 018.41%→ │ 000.67%→,25.15%,61.24%,13.61%,026.70%→ │ 009.58%← │ 030.37%←,50.36%,49.64%,50.08%,49.92%,29466502039.48,29045640443.31,8650386909,8622623542,6752102407,602690382,648742917,3521118018,3534679228,3753772079,1431307807,1039790754,009.58%←,03.01%,10.64%,13.08%,14.84%,08.79%,03.40%,10.55%,13.62%,12.74%,09.33%,00.00%,02.70%,07.26%,10.18%,00.00%,03.13%,08.09%,10.56%,011.49%→,000.89%←,003.97%→,016.44%←,005.77%→,000.00%·,004.78%→,018.41%→,000.67%→
_mhky,ctoed,_bpvq,xgrf_,sniau,zlwj_,ctoedsniau,46015.042959,05.51%,004.83%→,39.65%,000.61%←,06.38%,22.74%,08.29%,26.72%,58008765197.96,001.82%←,007.22%→,01.67,005.32%→,01.63,01.72,03.77% │ 11.65% │ 13.12% │ 13.88% │ 08.03%,09.41% │ 13.02% │ 13.57% │ 10.08% │ 03.47%,03.33% │ 13.02% │ 14.39% │ 13.79% │ 05.63%,06.77% │ 13.81% │ 15.81% │ 10.69% │ 02.78%,008.45%← │ 015.60%← │ 003.27%→ │ 006.60%← │ 014.63%→,00.00% │ 01.95% │ 07.26% │ 07.15%,06.19% │ 08.09% │ 02.52% │ 00.00%,000.00%· │ 005.80%→ │ 018.41%→ │ 009.04%←,24.93%,61.37%,13.70%,000.86%← │ 007.12%← │ 017.48%→,50.45%,49.55%,50.15%,49.85%,29266532696.83,28742232501.13,8662901321,8610109130,6848937691,463823494,487357407,3349238473,3609723489,3927252564,1431907929,1101403694,007.12%←,03.77%,11.65%,13.12%,13.88%,08.03%,03.47%,10.08%,13.57%,13.02%,09.41%,00.00%,01.95%,07.26%,07.15%,00.00%,02.52%,08.09%,06.19%,008.45%←,015.60%←,003.27%→,006.60%←,014.63%→,000.00%·,005.80%→,018.41%→,009.04%←
_mhky,ctoed,_bpvq,zgrf_,sniau,xlwj_,ctoedsniau,46013.499289,05.51%,004.89%→,39.65%,000.61%←,06.38%,22.74%,08.29%,26.72%,58012559431.59,001.81%←,007.22%→,01.67,005.32%→,01.63,01.72,03.77% │ 11.65% │ 13.12% │ 13.88% │ 08.03%,09.42% │ 13.02% │ 13.57% │ 10.08% │ 03.47%,03.33% │ 13.02% │ 14.39% │ 13.79% │ 05.63%,06.77% │ 13.81% │ 15.81% │ 10.69% │ 02.78%,008.45%← │ 015.58%← │ 003.26%→ │ 006.60%← │ 014.68%→,00.00% │ 01.95% │ 07.26% │ 07.15%,06.19% │ 08.09% │ 02.52% │ 00.00%,000.00%· │ 005.80%→ │ 018.41%→ │ 008.88%←,24.86%,61.37%,13.78%,001.45%← │ 007.12%← │ 018.33%→,50.45%,49.55%,50.15%,49.85%,29266532696.83,28746026734.76,8662901321,8610109130,6848937691,463823494,487667799,3349238473,3609723489,3927252564,1431907929,1101403694,007.12%←,03.77%,11.65%,13.12%,13.88%,08.03%,03.47%,10.08%,13.57%,13.02%,09.42%,00.00%,01.95%,07.26%,07.15%,00.00%,02.52%,08.09%,06.19%,008.45%←,015.58%←,003.26%→,006.60%←,014.68%→,000.00%·,005.80%→,018.41%→,008.88%←
_chvq,mtoel,_jpby,zdrf_,sniau,xgwk_,mtoelsniau,46008.923456,07.24%,007.08%→,39.09%,000.32%←,06.02%,21.73%,08.29%,27.60%,58515674291.52,001.44%←,000.38%→,01.69,000.49%→,01.69,01.69,03.01% │ 10.64% │ 13.08% │ 14.84% │ 08.79%,09.33% │ 12.74% │ 13.62% │ 10.55% │ 03.40%,02.60% │ 12.35% │ 14.39% │ 14.67% │ 06.07%,06.77% │ 13.36% │ 15.81% │ 11.20% │ 02.78%,011.49%→ │ 000.87%← │ 003.96%→ │ 016.44%← │ 005.82%→,00.00% │ 02.70% │ 07.26% │ 10.18%,10.56% │ 08.09% │ 03.13% │ 00.00%,000.00%· │ 004.78%→ │ 018.41%→ │ 000.63%→,25.08%,61.23%,13.69%,026.34%→ │ 009.58%← │ 028.68%←,50.36%,49.64%,50.08%,49.92%,29466502039.48,29049172252.04,8650386909,8622623542,6752102407,602690382,648584629,3521118018,3534679228,3753772079,1431307807,1039790754,009.58%←,03.01%,10.64%,13.08%,14.84%,08.79%,03.40%,10.55%,13.62%,12.74%,09.33%,00.00%,02.70%,07.26%,10.18%,00.00%,03.13%,08.09%,10.56%,011.49%→,000.87%←,003.96%→,016.44%←,005.82%→,000.00%·,004.78%→,018.41%→,000.63%→
_chbq,mtoel,_jwvp,zdrf_,sniau,xgyk_,uainsleotm,45870.215216,07.80%,003.73%←,39.29%,000.27%←,05.83%,21.53%,08.23%,27.66%,58612613699.03,003.05%←,000.03%→,01.68,000.21%→,01.68,01.69,02.99% │ 10.62% │ 12.90% │ 15.02% │ 09.21%,09.34% │ 12.69% │ 13.58% │ 10.25% │ 03.40%,02.60% │ 12.35% │ 13.93% │ 14.67% │ 06.51%,06.77% │ 13.36% │ 15.82% │ 11.20% │ 02.78%,011.93%→ │ 003.61%← │ 004.96%→ │ 018.41%← │ 001.36%→,00.00% │ 02.70% │ 09.73% │ 10.79%,10.56% │ 08.57% │ 03.13% │ 00.00%,000.00%· │ 004.78%→ │ 000.04%→ │ 007.54%←,25.85%,60.97%,13.19%,020.53%→ │ 013.69%← │ 008.72%←,50.75%,49.25%,50.07%,49.93%,29746184236.53,28866429462.50,8648208369,8624802082,6786543564,686414991,661726962,3510115130,3511240959,3718726451,1421925846,1007770209,013.69%←,02.99%,10.62%,12.90%,15.02%,09.21%,03.40%,10.25%,13.58%,12.69%,09.34%,00.00%,02.70%,09.73%,10.79%,00.00%,03.13%,08.57%,10.56%,011.93%→,003.61%←,004.96%→,018.41%←,001.36%→,000.00%·,004.78%→,000.04%→,007.54%←
_phzg,ctoed,_mwjb,qlrf_,nsiau,xykv_,ctoednsiau,45855.269588,05.68%,002.26%←,40.61%,002.54%←,05.63%,22.15%,08.33%,27.33%,59945593089.99,001.76%←,005.62%→,01.65,005.24%→,01.61,01.69,03.64% │ 12.03% │ 12.66% │ 11.88% │ 10.23%,10.64% │ 12.67% │ 12.19% │ 10.77% │ 03.29%,03.33% │ 13.55% │ 13.93% │ 12.33% │ 07.49%,07.78% │ 12.42% │ 14.86% │ 11.53% │ 02.78%,010.67%← │ 011.72%← │ 003.87%← │ 006.30%→ │ 003.89%→,00.00% │ 03.44% │ 09.73% │ 05.31%,05.30% │ 08.53% │ 04.09% │ 00.00%,000.00%· │ 001.33%→ │ 006.92%← │ 001.68%→,25.83%,61.26%,12.91%,019.93%→ │ 003.40%← │ 052.99%←,50.44%,49.56%,50.63%,49.37%,30233885443.85,29711707646.14,8744830734,8528179717,7014258468,496453908,485500619,3298595857,3495045328,3826296146,1438662895,972601704,003.40%←,03.64%,12.03%,12.66%,11.88%,10.23%,03.29%,10.77%,12.19%,12.67%,10.64%,00.00%,03.44%,09.73%,05.31%,00.00%,04.09%,08.53%,05.30%,010.67%←,011.72%←,003.87%←,006.30%→,003.89%→,000.00%·,001.33%→,006.92%←,001.68%→
_phzg,ctoed,_mwjb,xlrf_,nsiau,qykv_,ctoednsiau,45846.590831,05.69%,002.15%←,40.61%,002.54%←,05.63%,22.15%,08.33%,27.33%,59952137180.01,001.74%←,005.62%→,01.65,005.24%→,01.61,01.69,03.64% │ 12.03% │ 12.66% │ 11.87% │ 10.23%,10.64% │ 12.67% │ 12.19% │ 10.77% │ 03.29%,03.33% │ 13.55% │ 13.93% │ 12.33% │ 07.49%,07.78% │ 12.42% │ 14.86% │ 11.53% │ 02.78%,010.50%← │ 011.71%← │ 003.84%← │ 006.31%→ │ 003.90%→,00.00% │ 03.44% │ 09.73% │ 05.31%,05.32% │ 08.53% │ 04.09% │ 00.00%,000.00%· │ 001.33%→ │ 006.92%← │ 001.96%→,25.96%,61.26%,12.78%,020.67%→ │ 003.37%← │ 057.07%←,50.43%,49.57%,50.63%,49.37%,30233885443.85,29718251736.16,8744830734,8528179717,7014258468,496453908,486015555,3298595857,3495045328,3826296146,1438662895,972601704,003.37%←,03.64%,12.03%,12.66%,11.87%,10.23%,03.29%,10.77%,12.19%,12.67%,10.64%,00.00%,03.44%,09.73%,05.31%,00.00%,04.09%,08.53%,05.32%,010.50%←,011.71%←,003.84%←,006.31%→,003.90%→,000.00%·,001.33%→,006.92%←,001.96%→
_chwj,mtoel,_qpvb,zdif_,snrau,xgyk_,mtoelsnrau,45839.418040,06.99%,008.48%→,39.29%,000.27%←,05.94%,21.77%,08.44%,27.94%,59008246685.12,000.09%←,000.03%→,01.68,000.21%→,01.68,01.69,02.97% │ 10.39% │ 13.16% │ 15.06% │ 08.44%,09.36% │ 13.91% │ 13.29% │ 10.07% │ 03.35%,02.60% │ 12.22% │ 14.39% │ 14.74% │ 06.12%,06.77% │ 13.36% │ 15.82% │ 11.20% │ 02.78%,011.49%→ │ 003.22%← │ 000.98%→ │ 008.27%← │ 009.76%→,00.00% │ 02.78% │ 07.26% │ 09.38%,10.56% │ 07.43% │ 03.13% │ 00.00%,000.00%· │ 003.04%→ │ 011.13%→ │ 007.91%→,26.87%,60.48%,12.65%,026.24%→ │ 013.89%← │ 002.81%←,50.02%,49.98%,50.07%,49.93%,29517660876.86,29490585808.26,8648208369,8624802082,6786543564,577027262,630460345,3510115130,3511240959,3761087544,1458010603,1026606401,013.89%←,02.97%,10.39%,13.16%,15.06%,08.44%,03.35%,10.07%,13.29%,13.91%,09.36%,00.00%,02.78%,07.26%,09.38%,00.00%,03.13%,07.43%,10.56%,011.49%→,003.22%←,000.98%→,008.27%←,009.76%→,000.00%·,003.04%→,011.13%→,007.91%→
_chvj,mtoel,_qpwb,zdif_,snrau,xgyk_,mtoelsnrau,45782.128578,06.99%,008.45%→,39.29%,000.27%←,05.94%,21.77%,08.44%,27.94%,59081385880.12,000.34%←,000.03%→,01.68,000.21%→,01.68,01.69,02.96% │ 10.38% │ 13.26% │ 15.05% │ 08.43%,09.35% │ 13.89% │ 13.28% │ 10.05% │ 03.35%,02.60% │ 12.22% │ 14.39% │ 14.74% │ 06.12%,06.77% │ 13.36% │ 15.82% │ 11.20% │ 02.78%,011.50%→ │ 003.22%← │ 000.15%→ │ 008.37%← │ 009.76%→,00.00% │ 02.78% │ 07.26% │ 09.39%,10.56% │ 07.43% │ 03.13% │ 00.00%,000.00%· │ 003.04%→ │ 011.13%→ │ 007.87%→,26.35%,60.40%,13.25%,029.39%→ │ 013.88%← │ 012.65%←,50.08%,49.92%,50.07%,49.93%,29590800071.86,29490585808.26,8648208369,8624802082,6786543564,577170868,630460345,3510115130,3511240959,3761087544,1458010603,1026606401,013.88%←,02.96%,10.38%,13.26%,15.05%,08.43%,03.35%,10.05%,13.28%,13.89%,09.35%,00.00%,02.78%,07.26%,09.39%,00.00%,03.13%,07.43%,10.56%,011.50%→,003.22%←,000.15%→,008.37%←,009.76%→,000.00%·,003.04%→,011.13%→,007.87%→
_mhvq,ctoed,_bpky,xlrf_,sniau,zgwj_,ctoedsniau,45741.795337,05.51%,004.89%→,39.65%,000.61%←,06.38%,22.74%,08.29%,26.72%,58390291425.93,000.80%←,007.22%→,01.67,005.32%→,01.63,01.72,03.74% │ 11.58% │ 13.04% │ 13.91% │ 07.92%,09.34% │ 13.19% │ 13.76% │ 10.05% │ 03.45%,03.33% │ 13.02% │ 14.39% │ 13.79% │ 05.63%,06.77% │ 13.81% │ 15.81% │ 10.69% │ 02.78%,008.33%← │ 015.20%← │ 005.21%→ │ 005.45%← │ 015.22%→,00.00% │ 01.95% │ 07.26% │ 07.15%,06.19% │ 08.09% │ 02.52% │ 00.00%,000.00%· │ 005.80%→ │ 018.41%→ │ 008.88%←,25.19%,61.26%,13.56%,032.23%→ │ 006.54%← │ 064.23%←,50.20%,49.80%,50.15%,49.85%,29311120854.92,29079170571.01,8662901321,8610109130,6848937691,463823494,487667799,3349238473,3609723489,3927252564,1431907929,1101403694,006.54%←,03.74%,11.58%,13.04%,13.91%,07.92%,03.45%,10.05%,13.76%,13.19%,09.34%,00.00%,01.95%,07.26%,07.15%,00.00%,02.52%,08.09%,06.19%,008.33%←,015.20%←,005.21%→,005.45%←,015.22%→,000.00%·,005.80%→,018.41%→,008.88%←
_mhkq,ctoed,_bpvy,xlrf_,sniau,zgwj_,ctoedsniau,45739.937224,05.52%,004.50%→,39.65%,000.61%←,06.38%,22.74%,08.29%,26.72%,58307038454.88,000.51%←,007.22%→,01.67,005.32%→,01.63,01.72,03.75% │ 11.60% │ 13.04% │ 13.81% │ 07.93%,09.36% │ 13.21% │ 13.77% │ 10.07% │ 03.46%,03.33% │ 13.02% │ 14.39% │ 13.79% │ 05.63%,06.77% │ 13.81% │ 15.81% │ 10.69% │ 02.78%,008.33%← │ 015.18%← │ 005.36%→ │ 004.53%← │ 015.20%→,00.00% │ 01.95% │ 07.26% │ 07.20%,06.19% │ 08.09% │ 02.52% │ 00.00%,000.00%· │ 005.80%→ │ 018.41%→ │ 009.75%←,24.78%,61.27%,13.95%,035.17%→ │ 006.28%← │ 071.54%←,50.13%,49.87%,50.15%,49.85%,29227867883.87,29079170571.01,8662901321,8610109130,6848937691,465733746,487667799,3349238473,3609723489,3927252564,1431907929,1101403694,006.28%←,03.75%,11.60%,13.04%,13.81%,07.93%,03.46%,10.07%,13.77%,13.21%,09.36%,00.00%,01.95%,07.26%,07.20%,00.00%,02.52%,08.09%,06.19%,008.33%←,015.18%←,005.36%→,004.53%←,015.20%→,000.00%·,005.80%→,018.41%→,009.75%←
_chvq,mtoel,_jwbp,xdrf_,sniau,zgyk_,uainsleotm,45739.874599,07.80%,003.62%←,39.29%,000.27%←,05.83%,21.53%,08.23%,27.66%,58630650155.98,003.14%←,000.03%→,01.68,000.21%→,01.68,01.69,02.99% │ 10.62% │ 12.85% │ 15.10% │ 09.22%,09.33% │ 12.68% │ 13.57% │ 10.25% │ 03.39%,02.60% │ 12.35% │ 13.93% │ 14.67% │ 06.51%,06.77% │ 13.36% │ 15.82% │ 11.20% │ 02.78%,011.95%→ │ 003.61%← │ 005.32%→ │ 019.02%← │ 001.19%→,00.00% │ 02.70% │ 09.73% │ 10.77%,10.56% │ 08.57% │ 03.13% │ 00.00%,000.00%· │ 004.78%→ │ 000.04%→ │ 007.33%←,25.38%,60.93%,13.69%,024.60%→ │ 013.65%← │ 019.43%←,50.77%,49.23%,50.07%,49.93%,29768072934.23,28862577221.75,8648208369,8624802082,6786543564,685821367,661885250,3510115130,3511240959,3718726451,1421925846,1007770209,013.65%←,02.99%,10.62%,12.85%,15.10%,09.22%,03.39%,10.25%,13.57%,12.68%,09.33%,00.00%,02.70%,09.73%,10.77%,00.00%,03.13%,08.57%,10.56%,011.95%→,003.61%←,005.32%→,019.02%←,001.19%→,000.00%·,004.78%→,000.04%→,007.33%←
_yhkf,ctoed,_bmvq,xgrp_,sniau,zlwj_,ctoedsniau,45683.177603,06.06%,000.55%→,38.81%,000.77%←,06.15%,22.89%,08.42%,26.89%,58503929757.25,001.79%←,009.29%→,01.70,007.09%→,01.64,01.76,03.73% │ 10.69% │ 13.65% │ 13.76% │ 08.61%,09.36% │ 13.05% │ 13.35% │ 10.34% │ 03.46%,03.33% │ 12.12% │ 14.84% │ 13.79% │ 06.11%,06.77% │ 13.81% │ 15.81% │ 10.65% │ 02.78%,007.87%← │ 003.33%← │ 002.27%← │ 005.44%← │ 007.93%→,00.00% │ 04.23% │ 07.57% │ 06.97%,06.19% │ 08.09% │ 04.58% │ 00.00%,000.00%· │ 005.10%← │ 012.22%→ │ 009.02%←,24.69%,61.16%,14.14%,002.84%→ │ 007.69%← │ 013.48%→,50.44%,49.56%,50.19%,49.81%,29511489901.15,28992439856.10,8669801970,8603208481,6704372599,522122071,525005127,3378698538,3724828516,3953193523,1453818591,1061763167,007.69%←,03.73%,10.69%,13.65%,13.76%,08.61%,03.46%,10.34%,13.35%,13.05%,09.36%,00.00%,04.23%,07.57%,06.97%,00.00%,04.58%,08.09%,06.19%,007.87%←,003.33%←,002.27%←,005.44%←,007.93%→,000.00%·,005.10%←,012.22%→,009.02%←
_bhkf,ctoed,_ymvq,xgrp_,sniau,zlwj_,ctoedsniau,45668.596370,06.06%,000.55%→,38.81%,000.77%←,06.15%,22.89%,08.42%,26.89%,58453424580.72,001.62%←,009.29%→,01.70,007.09%→,01.64,01.76,03.74% │ 10.70% │ 13.66% │ 13.68% │ 08.62%,09.36% │ 13.06% │ 13.36% │ 10.35% │ 03.46%,03.33% │ 12.12% │ 14.84% │ 13.79% │ 06.11%,06.77% │ 13.81% │ 15.81% │ 10.65% │ 02.78%,007.90%← │ 003.36%← │ 002.26%← │ 004.75%← │ 007.93%→,00.00% │ 04.23% │ 07.57% │ 06.97%,06.19% │ 08.09% │ 04.58% │ 00.00%,000.00%· │ 005.10%← │ 012.22%→ │ 009.02%←,24.32%,61.14%,14.54%,005.97%→ │ 007.42%← │ 008.40%→,50.40%,49.60%,50.19%,49.81%,29460984724.62,28992439856.10,8669801970,8603208481,6704372599,522122071,525005127,3378698538,3724828516,3953193523,1453818591,1061763167,007.42%←,03.74%,10.70%,13.66%,13.68%,08.62%,03.46%,10.35%,13.36%,13.06%,09.36%,00.00%,04.23%,07.57%,06.97%,00.00%,04.58%,08.09%,06.19%,007.90%←,003.36%←,002.26%←,004.75%←,007.93%→,000.00%·,005.10%←,012.22%→,009.02%←
_bhqg,ctoel,_ymvj,xdrp_,sniau,zfwk_,ctoelsniau,45655.704501,06.13%,000.85%→,40.39%,000.06%→,05.93%,21.45%,08.60%,28.62%,58447281980.68,001.12%←,001.38%→,01.65,000.87%→,01.65,01.66,03.74% │ 10.91% │ 13.61% │ 13.01% │ 09.00%,09.34% │ 12.44% │ 13.64% │ 10.90% │ 03.41%,03.33% │ 12.12% │ 14.84% │ 13.15% │ 06.55%,06.77% │ 13.50% │ 15.81% │ 11.16% │ 02.78%,009.58%← │ 000.12%← │ 000.22%→ │ 004.66%← │ 003.55%→,00.00% │ 04.23% │ 07.57% │ 07.20%,06.08% │ 08.09% │ 05.09% │ 00.00%,000.00%· │ 009.84%→ │ 012.22%→ │ 015.09%←,25.45%,61.56%,13.00%,027.70%→ │ 010.04%← │ 030.24%←,50.28%,49.72%,49.98%,50.02%,29386923791.19,29060358189.49,8633891225,8639119226,6976084129,527352375,531895035,3392096153,3439719371,3705007409,1485286197,1024277117,010.04%←,03.74%,10.91%,13.61%,13.01%,09.00%,03.41%,10.90%,13.64%,12.44%,09.34%,00.00%,04.23%,07.57%,07.20%,00.00%,05.09%,08.09%,06.08%,009.58%←,000.12%←,000.22%→,004.66%←,003.55%→,000.00%·,009.84%→,012.22%→,015.09%←
_chkw,gtoel,_pbvq,zmru_,sinaf,xdyj_,fanisleotg,45623.358410,05.20%,001.18%←,40.69%,000.12%←,05.98%,21.26%,08.61%,28.82%,58063383871.62,002.25%←,000.95%→,01.65,000.69%→,01.64,01.65,02.29% │ 13.08% │ 12.65% │ 13.95% │ 08.58%,09.52% │ 14.25% │ 12.29% │ 10.91% │ 02.48%,02.05% │ 14.27% │ 13.86% │ 13.79% │ 06.06%,06.77% │ 14.01% │ 15.72% │ 11.28% │ 02.19%,007.47%→ │ 019.90%← │ 002.98%← │ 002.08%→ │ 009.93%→,00.00% │ 02.88% │ 04.95% │ 07.64%,07.06% │ 04.41% │ 03.75% │ 00.00%,000.00%· │ 002.65%→ │ 001.00%→ │ 003.32%←,26.58%,60.19%,13.23%,003.89%→ │ 010.49%← │ 018.66%→,50.56%,49.44%,50.03%,49.97%,29354074860.44,28709309011.18,8641868900,8631141551,7028155618,451448655,446163224,3373710174,3406033861,3672432829,1487017883,1032341940,010.49%←,02.29%,13.08%,12.65%,13.95%,08.58%,02.48%,10.91%,12.29%,14.25%,09.52%,00.00%,02.88%,04.95%,07.64%,00.00%,03.75%,04.41%,07.06%,007.47%→,019.90%←,002.98%←,002.08%→,009.93%→,000.00%·,002.65%→,001.00%→,003.32%←
_vhkg,ctoel,_ypbj,xdrf_,sniau,zmwq_,ctoelsniau,45418.395292,05.55%,004.20%→,40.50%,000.70%←,06.74%,21.49%,08.94%,29.37%,58255424583.73,002.77%←,000.65%→,01.65,000.87%→,01.64,01.66,03.74% │ 10.26% │ 13.10% │ 14.39% │ 09.19%,09.36% │ 13.07% │ 13.59% │ 09.81% │ 03.49%,03.33% │ 11.58% │ 14.39% │ 14.34% │ 06.55%,06.77% │ 13.92% │ 15.81% │ 10.56% │ 02.78%,007.40%← │ 004.60%← │ 003.61%→ │ 010.06%← │ 001.78%→,00.00% │ 01.81% │ 07.26% │ 07.01%,06.48% │ 08.09% │ 02.05% │ 00.00%,000.00%· │ 003.00%→ │ 018.41%→ │ 009.17%←,25.43%,62.05%,12.51%,023.93%→ │ 010.24%← │ 033.65%←,50.68%,49.32%,50.17%,49.83%,29525989908.51,28729434675.22,8666649377,8606361074,6995472716,469336151,489931653,3395176379,3417250558,3712332512,1543998553,1164300767,010.24%←,03.74%,10.26%,13.10%,14.39%,09.19%,03.49%,09.81%,13.59%,13.07%,09.36%,00.00%,01.81%,07.26%,07.01%,00.00%,02.05%,08.09%,06.48%,007.40%←,004.60%←,003.61%→,010.06%←,001.78%→,000.00%·,003.00%→,018.41%→,009.17%←
_chkg,ptoel,_wbvq,zmru_,sinaf,xdyj_,fanisleotp,45376.067424,05.30%,005.29%←,40.69%,000.12%←,06.01%,21.11%,08.65%,29.07%,58098869862.98,002.37%←,000.95%→,01.65,000.69%→,01.64,01.65,02.43% │ 12.53% │ 12.66% │ 13.97% │ 08.99%,09.52% │ 14.24% │ 12.28% │ 10.90% │ 02.48%,02.15% │ 13.81% │ 13.86% │ 13.79% │ 06.42%,06.77% │ 14.01% │ 15.72% │ 11.28% │ 02.19%,001.85%→ │ 014.95%← │ 003.09%← │ 001.91%→ │ 005.47%→,00.00% │ 02.91% │ 04.95% │ 08.07%,07.06% │ 04.41% │ 03.75% │ 00.00%,000.00%· │ 004.80%→ │ 001.00%→ │ 011.17%←,27.07%,60.23%,12.70%,000.21%→ │ 010.78%← │ 025.79%→,50.59%,49.41%,50.03%,49.97%,29389560851.80,28709309011.18,8641868900,8631141551,7028155618,469770474,446163224,3373710174,3406033861,3646389484,1494680830,1038264962,010.78%←,02.43%,12.53%,12.66%,13.97%,08.99%,02.48%,10.90%,12.28%,14.24%,09.52%,00.00%,02.91%,04.95%,08.07%,00.00%,03.75%,04.41%,07.06%,001.85%→,014.95%←,003.09%←,001.91%→,005.47%→,000.00%·,004.80%→,001.00%→,011.17%←
_chkg,ptoel,_wbvq,xmru_,sinaf,zdyj_,fanisleotp,45354.644268,05.30%,005.36%←,40.69%,000.12%←,06.01%,21.11%,08.65%,29.07%,58093912641.59,002.39%←,000.95%→,01.65,000.69%→,01.64,01.65,02.43% │ 12.53% │ 12.66% │ 13.97% │ 09.00%,09.51% │ 14.24% │ 12.28% │ 10.90% │ 02.48%,02.15% │ 13.81% │ 13.86% │ 13.79% │ 06.42%,06.77% │ 14.01% │ 15.72% │ 11.28% │ 02.19%,001.85%→ │ 014.96%← │ 003.09%← │ 001.90%→ │ 005.41%→,00.00% │ 02.91% │ 04.95% │ 08.07%,07.05% │ 04.41% │ 03.75% │ 00.00%,000.00%· │ 004.80%→ │ 001.00%→ │ 011.29%←,27.13%,60.24%,12.63%,000.69%→ │ 010.78%← │ 025.05%→,50.59%,49.41%,50.03%,49.97%,29389560851.80,28704351789.79,8641868900,8631141551,7028155618,469770474,445885148,3373710174,3406033861,3646389484,1494680830,1038264962,010.78%←,02.43%,12.53%,12.66%,13.97%,09.00%,02.48%,10.90%,12.28%,14.24%,09.51%,00.00%,02.91%,04.95%,08.07%,00.00%,03.75%,04.41%,07.05%,001.85%→,014.96%←,003.09%←,001.90%→,005.41%→,000.00%·,004.80%→,001.00%→,011.29%←
_mhkg,ctoel,_bwvq,zprf_,sniau,xdyj_,uainsleotc,45348.485401,06.30%,005.89%←,40.68%,001.97%←,05.75%,21.76%,08.22%,27.43%,57927137226.73,006.07%←,003.31%←,01.65,000.85%←,01.65,01.64,03.76% │ 11.69% │ 12.89% │ 14.23% │ 08.90%,09.42% │ 12.48% │ 13.46% │ 09.69% │ 03.48%,03.33% │ 13.02% │ 13.93% │ 13.79% │ 06.42%,06.77% │ 13.46% │ 15.82% │ 10.69% │ 02.78%,008.05%← │ 020.62%← │ 004.20%→ │ 014.05%← │ 005.54%→,00.00% │ 01.95% │ 09.73% │ 08.07%,07.09% │ 08.57% │ 02.52% │ 00.00%,000.00%· │ 005.80%→ │ 000.04%→ │ 013.69%←,25.27%,61.49%,13.24%,007.72%← │ 014.34%← │ 027.46%→,51.47%,48.53%,50.49%,49.51%,29816285606.45,28110851620.28,8720889931,8552120520,7026524085,559606046,528478928,3445966765,3335408803,3759137125,1420701261,992969988,014.34%←,03.76%,11.69%,12.89%,14.23%,08.90%,03.48%,09.69%,13.46%,12.48%,09.42%,00.00%,01.95%,09.73%,08.07%,00.00%,02.52%,08.57%,07.09%,008.05%←,020.62%←,004.20%→,014.05%←,005.54%→,000.00%·,005.80%→,000.04%→,013.69%←
_vhkg,ctoel,_ypbz,xdrf_,sniau,jmwq_,ctoelsniau,45345.446187,05.57%,004.05%→,40.51%,000.29%←,06.79%,21.45%,08.96%,29.48%,58256608165.64,001.92%←,000.96%→,01.65,000.82%→,01.64,01.66,03.74% │ 10.27% │ 13.02% │ 14.40% │ 09.05%,09.49% │ 13.07% │ 13.58% │ 09.83% │ 03.55%,03.33% │ 11.58% │ 14.39% │ 14.34% │ 06.45%,06.87% │ 13.92% │ 15.81% │ 10.56% │ 02.78%,005.60%← │ 004.41%← │ 004.08%→ │ 010.13%← │ 004.73%→,00.00% │ 01.81% │ 07.26% │ 07.10%,06.48% │ 08.09% │ 02.05% │ 00.00%,000.00%· │ 003.00%→ │ 018.41%→ │ 009.41%←,25.44%,62.06%,12.50%,023.91%→ │ 009.76%← │ 027.69%←,50.48%,49.52%,50.07%,49.93%,29405939253.30,28850668912.34,8649126752,8623883699,6997156342,471349805,491252786,3388909451,3421833860,3704531036,1548431859,1172691007,009.76%←,03.74%,10.27%,13.02%,14.40%,09.05%,03.55%,09.83%,13.58%,13.07%,09.49%,00.00%,01.81%,07.26%,07.10%,00.00%,02.05%,08.09%,06.48%,005.60%←,004.41%←,004.08%→,010.13%←,004.73%→,000.00%·,003.00%→,018.41%→,009.41%←
_bhvg,ctoel,_ymqj,xdrp_,sniau,zfwk_,ctoelsniau,45275.538674,06.13%,000.88%→,40.39%,000.06%→,05.93%,21.45%,08.60%,28.62%,58574555287.91,001.56%←,001.38%→,01.65,000.87%→,01.65,01.66,03.73% │ 10.89% │ 13.61% │ 13.18% │ 08.98%,09.32% │ 12.41% │ 13.61% │ 10.87% │ 03.40%,03.33% │ 12.12% │ 14.84% │ 13.15% │ 06.55%,06.77% │ 13.50% │ 15.81% │ 11.16% │ 02.78%,009.58%← │ 000.15%← │ 000.04%→ │ 006.20%← │ 003.55%→,00.00% │ 04.23% │ 07.57% │ 07.19%,06.08% │ 08.09% │ 05.09% │ 00.00%,000.00%· │ 009.84%→ │ 012.22%→ │ 015.03%←,26.63%,61.54%,11.83%,019.26%→ │ 010.43%← │ 009.98%←,50.39%,49.61%,49.98%,50.02%,29514197098.42,29060358189.49,8633891225,8639119226,6976084129,527213681,531895035,3392096153,3439719371,3705007409,1485286197,1024277117,010.43%←,03.73%,10.89%,13.61%,13.18%,08.98%,03.40%,10.87%,13.61%,12.41%,09.32%,00.00%,04.23%,07.57%,07.19%,00.00%,05.09%,08.09%,06.08%,009.58%←,000.15%←,000.04%→,006.20%←,003.55%→,000.00%·,009.84%→,012.22%→,015.03%←
_mhkq,ctoel,_bwvg,xdrf_,sniau,zpyj_,uainsleotc,45264.970437,06.30%,006.07%←,40.68%,001.97%←,05.75%,21.76%,08.22%,27.43%,58229015429.77,005.20%←,003.31%←,01.65,000.85%←,01.65,01.64,03.75% │ 11.63% │ 12.90% │ 14.17% │ 08.83%,09.37% │ 12.60% │ 13.68% │ 09.62% │ 03.47%,03.33% │ 13.02% │ 13.93% │ 13.79% │ 06.42%,06.77% │ 13.46% │ 15.82% │ 10.69% │ 02.78%,007.88%← │ 020.88%← │ 005.72%→ │ 012.51%← │ 005.76%→,00.00% │ 01.95% │ 09.73% │ 08.10%,07.09% │ 08.57% │ 02.52% │ 00.00%,000.00%· │ 005.80%→ │ 000.04%→ │ 014.08%←,24.89%,61.26%,13.84%,030.62%→ │ 013.97%← │ 056.12%←,51.27%,48.73%,50.49%,49.51%,29852454231.69,28376561198.08,8720889931,8552120520,7026524085,560572002,528478928,3445966765,3335408803,3759137125,1420701261,992969988,013.97%←,03.75%,11.63%,12.90%,14.17%,08.83%,03.47%,09.62%,13.68%,12.60%,09.37%,00.00%,01.95%,09.73%,08.10%,00.00%,02.52%,08.57%,07.09%,007.88%←,020.88%←,005.72%→,012.51%←,005.76%→,000.00%·,005.80%→,000.04%→,014.08%←
_phkm,ctoel,_xbwj,zgrf_,sinau,vdyq_,ctoelsinau,45261.472800,05.10%,003.74%→,39.42%,000.68%→,06.24%,21.94%,09.26%,29.67%,58691509997.26,001.33%←,003.18%→,01.68,001.72%→,01.67,01.70,03.73% │ 09.34% │ 12.67% │ 14.46% │ 10.14%,10.84% │ 13.82% │ 12.19% │ 09.36% │ 03.46%,03.33% │ 11.13% │ 13.86% │ 14.41% │ 07.10%,07.65% │ 13.46% │ 15.72% │ 10.56% │ 02.78%,007.71%← │ 000.17%→ │ 003.93%← │ 004.64%← │ 006.53%→,00.00% │ 01.59% │ 04.95% │ 07.61%,08.00% │ 04.41% │ 02.05% │ 00.00%,000.00%· │ 018.19%→ │ 001.00%→ │ 003.01%→,25.36%,61.68%,12.96%,010.53%← │ 011.93%← │ 047.89%→,50.33%,49.67%,49.83%,50.17%,29540292977.27,29151217019.99,8607003528,8666006923,6809403347,431992858,448759365,3442799192,3555697114,3789940167,1599144324,1077617016,011.93%←,03.73%,09.34%,12.67%,14.46%,10.14%,03.46%,09.36%,12.19%,13.82%,10.84%,00.00%,01.59%,04.95%,07.61%,00.00%,02.05%,04.41%,08.00%,007.71%←,000.17%→,003.93%←,004.64%←,006.53%→,000.00%·,018.19%→,001.00%→,003.01%→
_phkj,ctoel,_xbwm,vdrf_,sinau,zgyq_,ctoelsinau,45194.390883,05.11%,003.47%→,39.42%,000.68%→,06.24%,21.94%,09.26%,29.67%,58778741795.49,000.87%←,003.18%→,01.68,001.72%→,01.67,01.70,03.72% │ 09.42% │ 12.59% │ 14.48% │ 10.01%,10.85% │ 13.91% │ 12.21% │ 09.35% │ 03.46%,03.33% │ 11.13% │ 13.86% │ 14.41% │ 07.10%,07.65% │ 13.46% │ 15.72% │ 10.56% │ 02.78%,007.53%← │ 000.69%← │ 003.09%← │ 004.08%← │ 007.73%→,00.00% │ 01.59% │ 04.95% │ 07.65%,08.00% │ 04.41% │ 02.05% │ 00.00%,000.00%· │ 018.19%→ │ 001.00%→ │ 002.59%→,25.29%,61.62%,13.09%,039.08%→ │ 011.92%← │ 062.26%←,50.22%,49.78%,49.83%,50.17%,29516097142.24,29262644653.25,8607003528,8666006923,6809403347,433201736,448759365,3442799192,3555697114,3789940167,1599144324,1077617016,011.92%←,03.72%,09.42%,12.59%,14.48%,10.01%,03.46%,09.35%,12.21%,13.91%,10.85%,00.00%,01.59%,04.95%,07.65%,00.00%,02.05%,04.41%,08.00%,007.53%←,000.69%←,003.09%←,004.08%←,007.73%→,000.00%·,018.19%→,001.00%→,002.59%→
_chyk,gtoer,_zwvq,xlup_,snaif,jdmb_,fiansreotg,45193.239628,07.04%,006.57%→,37.36%,001.45%←,06.32%,22.04%,08.74%,28.39%,59753916034.73,002.39%←,002.01%←,01.74,000.41%←,01.75,01.74,02.28% │ 10.50% │ 12.46% │ 15.14% │ 10.22%,09.21% │ 14.98% │ 11.22% │ 11.57% │ 02.42%,02.05% │ 12.25% │ 13.93% │ 14.75% │ 07.37%,06.87% │ 15.58% │ 13.65% │ 11.35% │ 02.19%,006.12%→ │ 009.22%→ │ 010.96%← │ 001.09%← │ 010.90%←,00.00% │ 02.80% │ 09.73% │ 07.70%,08.23% │ 10.45% │ 03.23% │ 00.00%,000.00%· │ 006.32%→ │ 004.99%→ │ 007.84%→,24.20%,61.87%,13.93%,010.25%← │ 024.64%← │ 065.50%→,50.59%,49.41%,50.36%,49.64%,30230200453.11,29523715581.62,8698562081,8574448370,6453052818,587462258,628795952,3713951806,3640895029,3806934952,1509142136,1091718125,024.64%←,02.28%,10.50%,12.46%,15.14%,10.22%,02.42%,11.57%,11.22%,14.98%,09.21%,00.00%,02.80%,09.73%,07.70%,00.00%,03.23%,10.45%,08.23%,006.12%→,009.22%→,010.96%←,001.09%←,010.90%←,000.00%·,006.32%→,004.99%→,007.84%→
_chyj,gtoer,__kmx,vlup_,snaiw,zdfbq,gtoersnaiw,45168.965588,05.53%,007.93%→,37.92%,001.57%←,07.34%,22.76%,08.65%,27.55%,59497316103.37,001.02%←,003.33%←,01.72,001.25%←,01.74,01.71,02.29% │ 10.43% │ 11.26% │ 16.72% │ 09.55%,10.57% │ 15.09% │ 10.38% │ 11.69% │ 02.01%,02.05% │ 12.12% │ 12.99% │ 16.28% │ 06.95%,07.65% │ 15.58% │ 13.24% │ 11.35% │ 01.79%,013.84%← │ 010.77%→ │ 008.51%← │ 010.76%← │ 009.64%→,00.00% │ 02.74% │ 03.94% │ 07.78%,08.27% │ 04.47% │ 03.23% │ 00.00%,000.00%· │ 009.38%→ │ 013.53%→ │ 005.93%→,24.45%,61.46%,14.09%,009.31%→ │ 025.69%← │ 054.62%→,50.25%,49.75%,50.39%,49.61%,29899568369.46,29597747733.91,8703619948,8569390503,6550104137,458004399,497445951,3688273802,3569521714,3931411020,1494605214,1267673674,025.69%←,02.29%,10.43%,11.26%,16.72%,09.55%,02.01%,11.69%,10.38%,15.09%,10.57%,00.00%,02.74%,03.94%,07.78%,00.00%,03.23%,04.47%,08.27%,013.84%←,010.77%→,008.51%←,010.76%←,009.64%→,000.00%·,009.38%→,013.53%→,005.93%→
_chyk,gtoer,_zwvq,jlup_,snaif,xdmb_,fiansreotg,45150.934331,07.05%,006.73%→,37.36%,001.45%←,06.32%,22.04%,08.74%,28.39%,59750566295.19,002.40%←,002.01%←,01.74,000.41%←,01.75,01.74,02.28% │ 10.50% │ 12.46% │ 15.14% │ 10.22%,09.22% │ 14.98% │ 11.20% │ 11.58% │ 02.42%,02.05% │ 12.25% │ 13.93% │ 14.75% │ 07.37%,06.87% │ 15.58% │ 13.65% │ 11.35% │ 02.19%,006.12%→ │ 009.35%→ │ 011.24%← │ 001.09%← │ 010.83%←,00.00% │ 02.80% │ 09.73% │ 07.70%,08.26% │ 10.45% │ 03.23% │ 00.00%,000.00%· │ 006.32%→ │ 004.99%→ │ 008.16%→,24.25%,61.88%,13.87%,009.77%← │ 024.63%← │ 065.30%→,50.59%,49.41%,50.36%,49.64%,30230200453.11,29520365842.08,8698562081,8574448370,6453052818,587462258,629879510,3713951806,3640895029,3806934952,1509142136,1091718125,024.63%←,02.28%,10.50%,12.46%,15.14%,10.22%,02.42%,11.58%,11.20%,14.98%,09.22%,00.00%,02.80%,09.73%,07.70%,00.00%,03.23%,10.45%,08.26%,006.12%→,009.35%→,011.24%←,001.09%←,010.83%←,000.00%·,006.32%→,004.99%→,008.16%→
_vhkg,ctoel,_ywpj,xdrf_,sniau,zmbq_,uainsleotc,45142.166563,05.99%,006.69%←,40.30%,000.99%←,06.51%,21.49%,09.00%,29.51%,58224932525.64,003.18%←,001.48%→,01.66,001.61%→,01.64,01.67,03.74% │ 10.20% │ 12.87% │ 14.86% │ 09.10%,09.36% │ 13.04% │ 13.54% │ 09.67% │ 03.61%,03.33% │ 11.58% │ 13.93% │ 14.86% │ 06.55%,06.77% │ 13.92% │ 15.74% │ 10.56% │ 02.78%,003.77%← │ 005.43%← │ 004.92%→ │ 014.02%← │ 002.74%→,00.00% │ 01.81% │ 09.73% │ 07.14%,06.48% │ 08.54% │ 02.05% │ 00.00%,000.00%· │ 003.00%→ │ 000.88%← │ 014.08%←,25.82%,61.50%,12.68%,022.62%→ │ 010.56%← │ 032.60%←,50.78%,49.22%,50.25%,49.75%,29568649795.66,28656282729.98,8678958902,8594051549,6960527097,534446633,500946572,3398181026,3449191530,3711389852,1553942629,1124634069,010.56%←,03.74%,10.20%,12.87%,14.86%,09.10%,03.61%,09.67%,13.54%,13.04%,09.36%,00.00%,01.81%,09.73%,07.14%,00.00%,02.05%,08.54%,06.48%,003.77%←,005.43%←,004.92%→,014.02%←,002.74%→,000.00%·,003.00%→,000.88%←,014.08%←
_vhkg,ctoel,_ywpj,zdrf_,sniau,xmbq_,uainsleotc,45128.938541,05.99%,006.75%←,40.30%,000.99%←,06.51%,21.49%,09.00%,29.51%,58228345656.20,003.17%←,001.48%→,01.66,001.61%→,01.64,01.67,03.74% │ 10.20% │ 12.87% │ 14.86% │ 09.10%,09.37% │ 13.04% │ 13.53% │ 09.68% │ 03.61%,03.33% │ 11.58% │ 13.93% │ 14.86% │ 06.55%,06.77% │ 13.92% │ 15.74% │ 10.56% │ 02.78%,003.77%← │ 005.42%← │ 004.91%→ │ 014.02%← │ 002.79%→,00.00% │ 01.81% │ 09.73% │ 07.14%,06.47% │ 08.54% │ 02.05% │ 00.00%,000.00%· │ 003.00%→ │ 000.88%← │ 014.22%←,25.75%,61.50%,12.75%,022.24%→ │ 010.55%← │ 030.73%←,50.78%,49.22%,50.25%,49.75%,29568649795.66,28659695860.54,8678958902,8594051549,6960527097,534446633,500668496,3398181026,3449191530,3711389852,1553942629,1124634069,010.55%←,03.74%,10.20%,12.87%,14.86%,09.10%,03.61%,09.68%,13.53%,13.04%,09.37%,00.00%,01.81%,09.73%,07.14%,00.00%,02.05%,08.54%,06.47%,003.77%←,005.42%←,004.91%→,014.02%←,002.79%→,000.00%·,003.00%→,000.88%←,014.22%←
_chyx,gtoer,__kmz,vlup_,snaiw,jdfbq,gtoersnaiw,45090.412326,05.55%,007.43%→,37.92%,001.16%←,07.32%,22.72%,08.68%,27.63%,59522295854.63,000.18%←,003.02%←,01.72,001.33%←,01.74,01.71,02.28% │ 10.43% │ 11.18% │ 16.72% │ 09.43%,10.70% │ 15.09% │ 10.48% │ 11.68% │ 02.01%,02.05% │ 12.12% │ 12.99% │ 16.28% │ 06.85%,07.75% │ 15.58% │ 13.24% │ 11.35% │ 01.79%,013.86%← │ 010.73%→ │ 006.63%← │ 010.86%← │ 011.84%→,00.00% │ 02.74% │ 03.94% │ 07.88%,08.24% │ 04.47% │ 03.23% │ 00.00%,000.00%· │ 009.38%→ │ 013.53%→ │ 005.19%→,24.55%,61.38%,14.07%,009.67%→ │ 025.36%← │ 056.69%→,50.05%,49.95%,50.29%,49.71%,29788451848.99,29733844005.64,8686097323,8586913128,6549557217,460510505,497489828,3683122147,3575220289,3924925656,1498498625,1263812528,025.36%←,02.28%,10.43%,11.18%,16.72%,09.43%,02.01%,11.68%,10.48%,15.09%,10.70%,00.00%,02.74%,03.94%,07.88%,00.00%,03.23%,04.47%,08.24%,013.86%←,010.73%→,006.63%←,010.86%←,011.84%→,000.00%·,009.38%→,013.53%→,005.19%→
_phky,ctoel,_xfgj,zmaw_,sniru,qdvb_,urinsleotc,45020.957291,06.22%,000.75%←,39.95%,000.58%→,07.12%,21.89%,08.64%,28.28%,58314157291.59,001.29%→,006.11%→,01.67,003.74%→,01.64,01.70,03.75% │ 09.38% │ 13.50% │ 14.13% │ 08.92%,09.27% │ 13.07% │ 14.82% │ 09.58% │ 03.58%,03.33% │ 11.13% │ 14.43% │ 14.77% │ 06.20%,06.67% │ 13.92% │ 16.93% │ 09.84% │ 02.78%,004.73%← │ 002.07%→ │ 008.94%→ │ 008.10%← │ 003.81%→,00.00% │ 01.59% │ 10.78% │ 06.62%,06.56% │ 09.23% │ 01.86% │ 00.00%,000.00%· │ 003.26%→ │ 000.50%→ │ 002.74%←,25.71%,59.95%,14.34%,012.70%→ │ 014.83%← │ 035.02%→,49.68%,50.32%,49.86%,50.14%,28967990752.12,29346166539.47,8611508557,8661501894,6899935613,538902329,534892821,3345113935,3562850105,3781746281,1491538822,1229478984,014.83%←,03.75%,09.38%,13.50%,14.13%,08.92%,03.58%,09.58%,14.82%,13.07%,09.27%,00.00%,01.59%,10.78%,06.62%,00.00%,01.86%,09.23%,06.56%,004.73%←,002.07%→,008.94%→,008.10%←,003.81%→,000.00%·,003.26%→,000.50%→,002.74%←
_bhvj,ctoer,_xgfz,qdim_,snalu,kpyw_,ctoersnalu,44961.868919,04.94%,000.14%←,36.79%,001.40%←,07.37%,23.47%,09.50%,28.81%,59696876283.73,000.76%←,003.09%←,01.76,001.27%←,01.77,01.75,03.71% │ 08.59% │ 12.89% │ 15.45% │ 09.56%,10.04% │ 12.85% │ 14.78% │ 08.75% │ 03.40%,03.33% │ 10.61% │ 14.29% │ 15.23% │ 06.89%,07.29% │ 13.46% │ 17.56% │ 08.56% │ 02.78%,009.00%← │ 001.80%→ │ 012.81%→ │ 020.27%← │ 004.80%→,00.00% │ 00.51% │ 06.70% │ 06.60%,07.41% │ 04.96% │ 00.70% │ 00.00%,000.00%· │ 010.13%→ │ 009.97%← │ 005.03%→,25.17%,61.68%,13.15%,044.28%→ │ 040.75%← │ 036.19%→,50.19%,49.81%,50.35%,49.65%,29960842514.81,29736033768.92,8696359865,8576650586,6355471748,427044239,426434779,3782993084,3669434821,4053783629,1640311437,1273555067,040.75%←,03.71%,08.59%,12.89%,15.45%,09.56%,03.40%,08.75%,14.78%,12.85%,10.04%,00.00%,00.51%,06.70%,06.60%,00.00%,00.70%,04.96%,07.41%,009.00%←,001.80%→,012.81%→,020.27%←,004.80%→,000.00%·,010.13%→,009.97%←,005.03%→
_bhvz,ctoer,_xgfj,qdim_,snalu,kpyw_,ctoersnalu,44953.709422,04.94%,000.12%←,36.79%,001.40%←,07.37%,23.47%,09.50%,28.81%,59694394426.18,000.75%←,003.09%←,01.76,001.27%←,01.77,01.75,03.71% │ 08.59% │ 12.88% │ 15.45% │ 09.56%,10.04% │ 12.85% │ 14.78% │ 08.75% │ 03.40%,03.33% │ 10.61% │ 14.29% │ 15.23% │ 06.89%,07.29% │ 13.46% │ 17.56% │ 08.56% │ 02.78%,009.00%← │ 001.80%→ │ 012.86%→ │ 020.27%← │ 004.76%→,00.00% │ 00.51% │ 06.70% │ 06.60%,07.41% │ 04.96% │ 00.70% │ 00.00%,000.00%· │ 010.13%→ │ 009.97%← │ 005.07%→,25.03%,61.67%,13.30%,045.15%→ │ 040.72%← │ 034.39%→,50.19%,49.81%,50.35%,49.65%,29958360657.26,29736033768.92,8696359865,8576650586,6355471748,426929451,426434779,3782993084,3669434821,4053783629,1640311437,1273555067,040.72%←,03.71%,08.59%,12.88%,15.45%,09.56%,03.40%,08.75%,14.78%,12.85%,10.04%,00.00%,00.51%,06.70%,06.60%,00.00%,00.70%,04.96%,07.41%,009.00%←,001.80%→,012.86%→,020.27%←,004.76%→,000.00%·,010.13%→,009.97%←,005.07%→
_yhbq,ctoer,g_kvx,zlupm,snaiw,jdf__,ctoersnaiw,44829.448078,05.03%,009.68%→,37.57%,001.41%←,06.19%,22.93%,09.27%,28.79%,61095014484.79,000.46%←,003.38%←,01.74,001.42%←,01.75,01.72,06.58% │ 08.54% │ 11.02% │ 14.72% │ 09.25%,08.96% │ 14.56% │ 10.57% │ 09.63% │ 06.16%,05.38% │ 10.50% │ 12.99% │ 14.67% │ 06.82%,06.81% │ 15.58% │ 13.24% │ 09.73% │ 04.30%,006.94%← │ 011.37%→ │ 004.27%← │ 001.08%← │ 003.24%←,00.05% │ 01.81% │ 03.94% │ 07.84%,08.29% │ 04.47% │ 02.00% │ 00.07%,006.31%→ │ 002.31%→ │ 013.53%→ │ 009.24%→,24.73%,62.30%,12.97%,037.58%→ │ 029.08%← │ 026.19%→,50.12%,49.88%,50.35%,49.65%,30617963596.08,30477050888.71,8697102660,8575907791,6490127922,412672893,456924841,3719664319,3598107412,3960941352,1601370512,1068912695,029.08%←,06.58%,08.54%,11.02%,14.72%,09.25%,06.16%,09.63%,10.57%,14.56%,08.96%,00.05%,01.81%,03.94%,07.84%,00.07%,02.00%,04.47%,08.29%,006.94%←,011.37%→,004.27%←,001.08%←,003.24%←,006.31%→,002.31%→,013.53%→,009.24%→
_yhbx,ctoer,g_kvq,zlupm,snaiw,jdf__,ctoersnaiw,44813.258978,05.03%,009.67%→,37.57%,001.41%←,06.19%,22.93%,09.27%,28.79%,61105896620.01,000.50%←,003.38%←,01.74,001.42%←,01.75,01.72,06.58% │ 08.54% │ 11.02% │ 14.72% │ 09.27%,08.96% │ 14.56% │ 10.57% │ 09.63% │ 06.15%,05.38% │ 10.50% │ 12.99% │ 14.67% │ 06.82%,06.81% │ 15.58% │ 13.24% │ 09.73% │ 04.30%,006.93%← │ 011.34%→ │ 004.26%← │ 001.07%← │ 003.44%←,00.05% │ 01.81% │ 03.94% │ 07.84%,08.29% │ 04.47% │ 02.00% │ 00.07%,006.31%→ │ 002.31%→ │ 013.53%→ │ 009.22%→,24.92%,62.29%,12.79%,036.31%→ │ 029.08%← │ 028.56%→,50.12%,49.88%,50.35%,49.65%,30628845731.30,30477050888.71,8697102660,8575907791,6490127922,412724897,456924841,3719664319,3598107412,3960941352,1601370512,1068912695,029.08%←,06.58%,08.54%,11.02%,14.72%,09.27%,06.15%,09.63%,10.57%,14.56%,08.96%,00.05%,01.81%,03.94%,07.84%,00.07%,02.00%,04.47%,08.29%,006.93%←,011.34%→,004.26%←,001.07%←,003.44%←,006.31%→,002.31%→,013.53%→,009.22%→
_chkg,ptoel,_wvbq,zmru_,sinaf,xdyj_,ptoelsinaf,44780.079504,05.08%,003.41%→,40.69%,000.12%←,06.19%,21.05%,08.93%,29.78%,58077254582.22,002.29%←,000.95%→,01.65,000.69%→,01.64,01.65,02.43% │ 12.53% │ 12.09% │ 14.49% │ 09.02%,09.52% │ 14.24% │ 12.28% │ 10.91% │ 02.48%,02.15% │ 13.81% │ 13.32% │ 14.34% │ 06.42%,06.77% │ 14.01% │ 15.72% │ 11.28% │ 02.19%,001.86%→ │ 014.92%← │ 001.60%→ │ 001.70%← │ 005.19%→,00.00% │ 02.91% │ 04.83% │ 06.99%,07.06% │ 04.41% │ 03.75% │ 00.00%,000.00%· │ 004.80%→ │ 007.29%→ │ 001.18%→,27.07%,60.19%,12.74%,000.23%→ │ 010.55%← │ 025.39%→,50.57%,49.43%,50.03%,49.97%,29367945571.04,28709309011.18,8641868900,8631141551,7028155618,430935578,446163224,3373710174,3406033861,3636730920,1542676194,1068703176,010.55%←,02.43%,12.53%,12.09%,14.49%,09.02%,02.48%,10.91%,12.28%,14.24%,09.52%,00.00%,02.91%,04.83%,06.99%,00.00%,03.75%,04.41%,07.06%,001.86%→,014.92%←,001.60%→,001.70%←,005.19%→,000.00%·,004.80%→,007.29%→,001.18%→
_bhmq,gtoer,_ywkx,jdlu_,sniap,zcfv_,painsreotg,44745.566983,07.04%,004.42%→,37.96%,000.97%←,06.44%,21.34%,08.65%,28.83%,59045242392.50,002.08%←,002.38%→,01.72,002.41%→,01.70,01.74,02.30% │ 10.66% │ 12.15% │ 15.95% │ 09.45%,09.22% │ 13.67% │ 12.02% │ 12.04% │ 02.55%,02.05% │ 12.12% │ 13.93% │ 15.32% │ 06.82%,06.81% │ 14.64% │ 14.04% │ 12.13% │ 02.15%,009.65%→ │ 011.43%→ │ 001.13%← │ 016.69%← │ 002.57%←,00.00% │ 04.23% │ 09.73% │ 07.10%,07.65% │ 10.38% │ 04.12% │ 00.00%,000.00%· │ 002.56%← │ 007.01%→ │ 004.25%→,24.28%,61.92%,13.79%,020.52%→ │ 022.12%← │ 029.22%→,50.52%,49.48%,50.24%,49.76%,29827210288.09,29218032104.41,8678086270,8594924181,6557454443,593931656,621403037,3581536400,3668908810,3686455535,1493474881,1112443295,022.12%←,02.30%,10.66%,12.15%,15.95%,09.45%,02.55%,12.04%,12.02%,13.67%,09.22%,00.00%,04.23%,09.73%,07.10%,00.00%,04.12%,10.38%,07.65%,009.65%→,011.43%→,001.13%←,016.69%←,002.57%←,000.00%·,002.56%←,007.01%→,004.25%→
_bhmq,gtoer,_ywkx,jdlu_,sniap,zcfv_,painsreotg,44745.566983,07.04%,004.42%→,37.96%,000.97%←,06.44%,21.34%,08.65%,28.83%,59045242392.50,002.08%←,002.38%→,01.72,002.41%→,01.70,01.74,02.30% │ 10.66% │ 12.15% │ 15.95% │ 09.45%,09.22% │ 13.67% │ 12.02% │ 12.04% │ 02.55%,02.05% │ 12.12% │ 13.93% │ 15.32% │ 06.82%,06.81% │ 14.64% │ 14.04% │ 12.13% │ 02.15%,009.65%→ │ 011.43%→ │ 001.13%← │ 016.69%← │ 002.57%←,00.00% │ 04.23% │ 09.73% │ 07.10%,07.65% │ 10.38% │ 04.12% │ 00.00%,000.00%· │ 002.56%← │ 007.01%→ │ 004.25%→,24.28%,61.92%,13.79%,020.52%→ │ 022.12%← │ 029.22%→,50.52%,49.48%,50.24%,49.76%,29827210288.09,29218032104.41,8678086270,8594924181,6557454443,593931656,621403037,3581536400,3668908810,3686455535,1493474881,1112443295,022.12%←,02.30%,10.66%,12.15%,15.95%,09.45%,02.55%,12.04%,12.02%,13.67%,09.22%,00.00%,04.23%,09.73%,07.10%,00.00%,04.12%,10.38%,07.65%,009.65%→,011.43%→,001.13%←,016.69%←,002.57%←,000.00%·,002.56%←,007.01%→,004.25%→
_bhmx,gtoer,_ywkq,jdlu_,sniap,zcfv_,painsreotg,44743.137834,07.04%,004.42%→,37.96%,000.97%←,06.44%,21.34%,08.65%,28.83%,59057847983.08,002.13%←,002.38%→,01.72,002.41%→,01.70,01.74,02.30% │ 10.66% │ 12.15% │ 15.94% │ 09.47%,09.21% │ 13.66% │ 12.01% │ 12.03% │ 02.55%,02.05% │ 12.12% │ 13.93% │ 15.32% │ 06.82%,06.81% │ 14.64% │ 14.04% │ 12.13% │ 02.15%,009.65%→ │ 011.41%→ │ 001.12%← │ 016.69%← │ 002.79%←,00.00% │ 04.23% │ 09.73% │ 07.10%,07.65% │ 10.38% │ 04.12% │ 00.00%,000.00%· │ 002.56%← │ 007.01%→ │ 004.24%→,24.48%,61.91%,13.61%,019.02%→ │ 022.13%← │ 031.50%→,50.53%,49.47%,50.24%,49.76%,29839815878.67,29218032104.41,8678086270,8594924181,6557454443,593946906,621403037,3581536400,3668908810,3686455535,1493474881,1112443295,022.13%←,02.30%,10.66%,12.15%,15.94%,09.47%,02.55%,12.03%,12.01%,13.66%,09.21%,00.00%,04.23%,09.73%,07.10%,00.00%,04.12%,10.38%,07.65%,009.65%→,011.41%→,001.12%←,016.69%←,002.79%←,000.00%·,002.56%←,007.01%→,004.24%→
_bhmx,gtoer,_ywkq,jdlu_,sniap,zcfv_,painsreotg,44743.137834,07.04%,004.42%→,37.96%,000.97%←,06.44%,21.34%,08.65%,28.83%,59057847983.08,002.13%←,002.38%→,01.72,002.41%→,01.70,01.74,02.30% │ 10.66% │ 12.15% │ 15.94% │ 09.47%,09.21% │ 13.66% │ 12.01% │ 12.03% │ 02.55%,02.05% │ 12.12% │ 13.93% │ 15.32% │ 06.82%,06.81% │ 14.64% │ 14.04% │ 12.13% │ 02.15%,009.65%→ │ 011.41%→ │ 001.12%← │ 016.69%← │ 002.79%←,00.00% │ 04.23% │ 09.73% │ 07.10%,07.65% │ 10.38% │ 04.12% │ 00.00%,000.00%· │ 002.56%← │ 007.01%→ │ 004.24%→,24.48%,61.91%,13.61%,019.02%→ │ 022.13%← │ 031.50%→,50.53%,49.47%,50.24%,49.76%,29839815878.67,29218032104.41,8678086270,8594924181,6557454443,593946906,621403037,3581536400,3668908810,3686455535,1493474881,1112443295,022.13%←,02.30%,10.66%,12.15%,15.94%,09.47%,02.55%,12.03%,12.01%,13.66%,09.21%,00.00%,04.23%,09.73%,07.10%,00.00%,04.12%,10.38%,07.65%,009.65%→,011.41%→,001.12%←,016.69%←,002.79%←,000.00%·,002.56%←,007.01%→,004.24%→
_bhpg,ctoel,_yvkq,zmrw_,sinau,xdfj_,ctoelsinau,44681.992761,05.23%,004.41%←,40.55%,000.17%←,06.37%,20.80%,09.24%,30.77%,58271652536.57,002.13%←,001.31%→,01.65,000.96%→,01.64,01.66,03.74% │ 10.90% │ 11.82% │ 15.05% │ 09.01%,09.41% │ 14.37% │ 12.71% │ 09.51% │ 03.47%,03.33% │ 12.12% │ 13.32% │ 14.86% │ 06.42%,06.77% │ 14.01% │ 16.20% │ 10.19% │ 02.78%,007.99%← │ 014.61%← │ 006.99%→ │ 004.73%← │ 004.27%→,00.00% │ 04.23% │ 04.83% │ 07.13%,07.06% │ 03.79% │ 04.68% │ 00.00%,000.00%· │ 007.32%← │ 004.68%← │ 003.36%←,25.16%,62.35%,12.49%,007.89%← │ 008.80%← │ 033.66%→,50.53%,49.47%,50.04%,49.96%,29443552146.45,28828100390.12,8644047440,8628963011,7003944549,461407660,441905042,3379598018,3424357086,3591955394,1596492740,1100783835,008.80%←,03.74%,10.90%,11.82%,15.05%,09.01%,03.47%,09.51%,12.71%,14.37%,09.41%,00.00%,04.23%,04.83%,07.13%,00.00%,04.68%,03.79%,07.06%,007.99%←,014.61%←,006.99%→,004.73%←,004.27%→,000.00%·,007.32%←,004.68%←,003.36%←
_bhpg,ctoel,_yvkq,xmrw_,sinau,zdfj_,ctoelsinau,44677.575078,05.23%,004.48%←,40.55%,000.17%←,06.37%,20.80%,09.24%,30.77%,58267837533.72,002.15%←,001.31%→,01.65,000.96%→,01.64,01.66,03.74% │ 10.90% │ 11.82% │ 15.05% │ 09.01%,09.40% │ 14.37% │ 12.71% │ 09.51% │ 03.47%,03.33% │ 12.12% │ 13.32% │ 14.86% │ 06.42%,06.77% │ 14.01% │ 16.20% │ 10.19% │ 02.78%,007.99%← │ 014.62%← │ 007.00%→ │ 004.73%← │ 004.21%→,00.00% │ 04.23% │ 04.83% │ 07.13%,07.05% │ 03.79% │ 04.68% │ 00.00%,000.00%· │ 007.32%← │ 004.68%← │ 003.47%←,25.23%,62.36%,12.42%,007.31%← │ 008.81%← │ 033.03%→,50.53%,49.47%,50.04%,49.96%,29443552146.45,28824285387.27,8644047440,8628963011,7003944549,461407660,441626966,3379598018,3424357086,3591955394,1596492740,1100783835,008.81%←,03.74%,10.90%,11.82%,15.05%,09.01%,03.47%,09.51%,12.71%,14.37%,09.40%,00.00%,04.23%,04.83%,07.13%,00.00%,04.68%,03.79%,07.05%,007.99%←,014.62%←,007.00%→,004.73%←,004.21%→,000.00%·,007.32%←,004.68%←,003.47%←
_ghbq,ptoer,_ywvj,kclu_,sniaf,zdmx_,ptoersniaf,44651.834826,06.80%,011.20%→,37.52%,000.61%←,06.37%,21.52%,08.86%,29.17%,59346537708.63,000.69%←,002.58%→,01.74,002.35%→,01.72,01.76,02.40% │ 11.05% │ 12.15% │ 14.99% │ 09.58%,10.16% │ 13.82% │ 12.49% │ 10.91% │ 02.44%,02.15% │ 12.55% │ 13.93% │ 14.67% │ 06.86%,07.32% │ 14.64% │ 14.46% │ 11.24% │ 02.19%,001.53%→ │ 001.29%← │ 002.79%→ │ 008.46%← │ 005.69%→,00.00% │ 01.98% │ 09.73% │ 07.42%,08.25% │ 10.50% │ 02.43% │ 00.00%,000.00%· │ 008.96%→ │ 010.75%→ │ 011.91%→,23.18%,62.36%,14.46%,027.74%→ │ 023.36%← │ 028.89%→,50.17%,49.83%,50.15%,49.85%,29776014386.59,29570523322.04,8662872017,8610138434,6480778484,552806587,622510928,3615662046,3711459123,3716311095,1530476668,1099502097,023.36%←,02.40%,11.05%,12.15%,14.99%,09.58%,02.44%,10.91%,12.49%,13.82%,10.16%,00.00%,01.98%,09.73%,07.42%,00.00%,02.43%,10.50%,08.25%,001.53%→,001.29%←,002.79%→,008.46%←,005.69%→,000.00%·,008.96%→,010.75%→,011.91%→
_ghkx,ctoer,_ywvq,bdlf_,sniau,zpmj_,ctoersniau,44552.351909,06.20%,006.60%→,37.23%,001.70%←,05.57%,22.18%,09.20%,29.31%,59802196029.98,001.32%←,002.54%←,01.75,000.62%←,01.75,01.74,03.70% │ 11.09% │ 12.34% │ 13.83% │ 09.36%,11.31% │ 12.19% │ 12.69% │ 09.91% │ 03.57%,03.33% │ 12.55% │ 13.93% │ 13.79% │ 06.82%,08.20% │ 13.46% │ 14.46% │ 10.69% │ 02.78%,003.67%← │ 011.93%← │ 002.79%→ │ 013.50%← │ 017.25%→,00.00% │ 01.98% │ 09.73% │ 06.74%,06.55% │ 10.50% │ 02.52% │ 00.00%,000.00%· │ 007.69%→ │ 010.75%→ │ 001.94%→,23.90%,64.17%,11.93%,036.56%→ │ 022.69%← │ 008.62%→,50.33%,49.67%,50.42%,49.58%,30096704414.22,29705491615.76,8709412185,8563598266,6430254243,517069932,553602465,3735132996,3642512414,3831570568,1588404921,961523618,022.69%←,03.70%,11.09%,12.34%,13.83%,09.36%,03.57%,09.91%,12.69%,12.19%,11.31%,00.00%,01.98%,09.73%,06.74%,00.00%,02.52%,10.50%,06.55%,003.67%←,011.93%←,002.79%→,013.50%←,017.25%→,000.00%·,007.69%→,010.75%→,001.94%→
_ghkq,ctoer,_ywvx,bdlf_,sniau,zpmj_,ctoersniau,44546.731014,06.20%,006.62%→,37.23%,001.70%←,05.57%,22.18%,09.20%,29.31%,59790246125.57,001.28%←,002.54%←,01.75,000.62%←,01.75,01.74,03.70% │ 11.09% │ 12.34% │ 13.84% │ 09.34%,11.31% │ 12.19% │ 12.70% │ 09.91% │ 03.57%,03.33% │ 12.55% │ 13.93% │ 13.79% │ 06.82%,08.20% │ 13.46% │ 14.46% │ 10.69% │ 02.78%,003.69%← │ 011.89%← │ 002.78%→ │ 013.51%← │ 017.41%→,00.00% │ 01.98% │ 09.73% │ 06.74%,06.55% │ 10.50% │ 02.52% │ 00.00%,000.00%· │ 007.69%→ │ 010.75%→ │ 001.99%→,23.70%,64.18%,12.11%,037.92%→ │ 022.68%← │ 005.74%→,50.32%,49.68%,50.42%,49.58%,30084754509.81,29705491615.76,8709412185,8563598266,6430254243,516954328,553602465,3735132996,3642512414,3831570568,1588404921,961523618,022.68%←,03.70%,11.09%,12.34%,13.84%,09.34%,03.57%,09.91%,12.70%,12.19%,11.31%,00.00%,01.98%,09.73%,06.74%,00.00%,02.52%,10.50%,06.55%,003.69%←,011.89%←,002.78%→,013.51%←,017.41%→,000.00%·,007.69%→,010.75%→,001.99%→
_yhkg,ctoel,_vwpj,zmif_,snrau,xdbq_,uarnsleotc,44544.622268,06.02%,005.67%←,40.30%,000.99%←,06.51%,21.49%,09.00%,29.51%,58991214880.67,001.02%←,001.48%→,01.66,001.61%→,01.64,01.67,03.69% │ 10.03% │ 12.72% │ 14.82% │ 08.99%,09.33% │ 14.01% │ 13.35% │ 09.52% │ 03.54%,03.33% │ 11.58% │ 13.93% │ 14.86% │ 06.55%,06.77% │ 13.92% │ 15.74% │ 10.56% │ 02.78%,004.42%← │ 005.44%← │ 004.73%→ │ 005.77%← │ 003.68%→,00.00% │ 01.81% │ 09.73% │ 07.14%,06.48% │ 08.71% │ 02.05% │ 00.00%,000.00%· │ 003.00%→ │ 001.18%→ │ 014.08%←,25.92%,60.69%,13.39%,012.13%→ │ 011.75%← │ 016.28%→,50.25%,49.75%,50.25%,49.75%,29645530339.80,29345684540.87,8678958902,8594051549,6960527097,534446633,505780575,3398181026,3449191530,3711389852,1553942629,1124634069,011.75%←,03.69%,10.03%,12.72%,14.82%,08.99%,03.54%,09.52%,13.35%,14.01%,09.33%,00.00%,01.81%,09.73%,07.14%,00.00%,02.05%,08.71%,06.48%,004.42%←,005.44%←,004.73%→,005.77%←,003.68%→,000.00%·,003.00%→,001.18%→,014.08%←
_vhgj,ctoel,_ywkp,xdif_,snrau,zmbq_,uarnsleotc,44534.445005,06.02%,005.75%←,40.30%,000.99%←,06.51%,21.49%,09.00%,29.51%,59030911744.01,001.14%←,001.48%→,01.66,001.61%→,01.64,01.67,03.69% │ 10.08% │ 12.73% │ 14.61% │ 09.18%,09.33% │ 14.13% │ 13.26% │ 09.45% │ 03.54%,03.33% │ 11.58% │ 13.93% │ 14.77% │ 06.64%,06.77% │ 13.92% │ 15.74% │ 10.56% │ 02.78%,004.33%← │ 006.62%← │ 004.04%→ │ 003.36%← │ 001.63%→,00.00% │ 01.81% │ 09.73% │ 07.15%,06.48% │ 08.71% │ 02.05% │ 00.00%,000.00%· │ 003.00%→ │ 001.18%→ │ 014.26%←,25.31%,60.70%,13.99%,037.88%→ │ 012.08%← │ 055.15%←,50.28%,49.72%,50.25%,49.75%,29682653744.18,29348257999.83,8678958902,8594051549,6960527097,534863513,505780575,3398181026,3449191530,3711389852,1553942629,1124634069,012.08%←,03.69%,10.08%,12.73%,14.61%,09.18%,03.54%,09.45%,13.26%,14.13%,09.33%,00.00%,01.81%,09.73%,07.15%,00.00%,02.05%,08.71%,06.48%,004.33%←,006.62%←,004.04%→,003.36%←,001.63%→,000.00%·,003.00%→,001.18%→,014.26%←
_ghbz,ptoer,_ywvj,kclu_,sniaf,qdmx_,ptoersniaf,44530.667953,06.83%,010.68%→,37.48%,000.73%←,06.30%,21.47%,08.92%,29.36%,59406331993.13,000.93%←,002.26%→,01.74,002.20%→,01.72,01.76,02.40% │ 11.05% │ 12.15% │ 15.03% │ 09.61%,10.09% │ 13.81% │ 12.46% │ 10.97% │ 02.44%,02.15% │ 12.55% │ 13.93% │ 14.67% │ 06.89%,07.29% │ 14.64% │ 14.46% │ 11.24% │ 02.19%,001.52%→ │ 000.66%← │ 002.49%→ │ 008.87%← │ 004.80%→,00.00% │ 01.98% │ 09.73% │ 07.51%,08.28% │ 10.50% │ 02.43% │ 00.00%,000.00%· │ 008.96%→ │ 010.75%→ │ 010.87%→,23.29%,62.32%,14.40%,027.97%→ │ 023.81%← │ 028.37%→,50.23%,49.77%,50.18%,49.82%,29841227055.01,29565104938.12,8667951329,8605059122,6473685207,556751255,623287706,3625126014,3709088432,3708063985,1541067160,1088529817,023.81%←,02.40%,11.05%,12.15%,15.03%,09.61%,02.44%,10.97%,12.46%,13.81%,10.09%,00.00%,01.98%,09.73%,07.51%,00.00%,02.43%,10.50%,08.28%,001.52%→,000.66%←,002.49%→,008.87%←,004.80%→,000.00%·,008.96%→,010.75%→,010.87%→
_chkz,gtoer,_ywvq,jdlu_,sniap,xmbf_,gtoersniap,44519.747723,06.67%,004.51%→,37.36%,001.45%←,06.29%,22.00%,09.03%,29.11%,59469709573.35,002.44%←,002.01%←,01.74,000.41%←,01.75,01.74,02.29% │ 12.71% │ 12.47% │ 13.89% │ 09.24%,09.28% │ 12.66% │ 11.38% │ 13.45% │ 02.62%,02.05% │ 13.83% │ 13.93% │ 13.79% │ 06.76%,06.87% │ 13.92% │ 13.47% │ 13.24% │ 02.15%,012.78%→ │ 005.48%→ │ 009.59%← │ 009.65%← │ 000.41%→,00.00% │ 04.39% │ 09.73% │ 06.31%,06.45% │ 10.99% │ 04.47% │ 00.00%,000.00%· │ 002.64%← │ 008.50%→ │ 003.26%→,24.14%,62.19%,13.66%,023.37%→ │ 023.70%← │ 027.65%→,50.60%,49.40%,50.36%,49.64%,30092827442.29,29376882131.06,8698562081,8574448370,6453052818,562954499,589571808,3713951806,3640895029,3799311456,1560467867,1085744852,023.70%←,02.29%,12.71%,12.47%,13.89%,09.24%,02.62%,13.45%,11.38%,12.66%,09.28%,00.00%,04.39%,09.73%,06.31%,00.00%,04.47%,10.99%,06.45%,012.78%→,005.48%→,009.59%←,009.65%←,000.41%→,000.00%·,002.64%←,008.50%→,003.26%→
_chkz,gtoer,_ywvq,jdlu_,sniap,xmbf_,gtoersniap,44519.747723,06.67%,004.51%→,37.36%,001.45%←,06.29%,22.00%,09.03%,29.11%,59469709573.35,002.44%←,002.01%←,01.74,000.41%←,01.75,01.74,02.29% │ 12.71% │ 12.47% │ 13.89% │ 09.24%,09.28% │ 12.66% │ 11.38% │ 13.45% │ 02.62%,02.05% │ 13.83% │ 13.93% │ 13.79% │ 06.76%,06.87% │ 13.92% │ 13.47% │ 13.24% │ 02.15%,012.78%→ │ 005.48%→ │ 009.59%← │ 009.65%← │ 000.41%→,00.00% │ 04.39% │ 09.73% │ 06.31%,06.45% │ 10.99% │ 04.47% │ 00.00%,000.00%· │ 002.64%← │ 008.50%→ │ 003.26%→,24.14%,62.19%,13.66%,023.37%→ │ 023.70%← │ 027.65%→,50.60%,49.40%,50.36%,49.64%,30092827442.29,29376882131.06,8698562081,8574448370,6453052818,562954499,589571808,3713951806,3640895029,3799311456,1560467867,1085744852,023.70%←,02.29%,12.71%,12.47%,13.89%,09.24%,02.62%,13.45%,11.38%,12.66%,09.28%,00.00%,04.39%,09.73%,06.31%,00.00%,04.47%,10.99%,06.45%,012.78%→,005.48%→,009.59%←,009.65%←,000.41%→,000.00%·,002.64%←,008.50%→,003.26%→
_chkq,gtoer,_ywvz,jdlu_,sniap,xmbf_,gtoersniap,44512.425730,06.67%,004.49%→,37.36%,001.45%←,06.29%,22.00%,09.03%,29.11%,59471275578.22,002.44%←,002.01%←,01.74,000.41%←,01.75,01.74,02.29% │ 12.71% │ 12.47% │ 13.89% │ 09.24%,09.28% │ 12.66% │ 11.38% │ 13.45% │ 02.62%,02.05% │ 13.83% │ 13.93% │ 13.79% │ 06.76%,06.87% │ 13.92% │ 13.47% │ 13.24% │ 02.15%,012.78%→ │ 005.49%→ │ 009.59%← │ 009.67%← │ 000.40%→,00.00% │ 04.39% │ 09.73% │ 06.32%,06.45% │ 10.99% │ 04.47% │ 00.00%,000.00%· │ 002.64%← │ 008.50%→ │ 003.21%→,24.11%,62.19%,13.69%,023.61%→ │ 023.71%← │ 027.23%→,50.60%,49.40%,50.36%,49.64%,30094393447.16,29376882131.06,8698562081,8574448370,6453052818,563078875,589571808,3713951806,3640895029,3799311456,1560467867,1085744852,023.71%←,02.29%,12.71%,12.47%,13.89%,09.24%,02.62%,13.45%,11.38%,12.66%,09.28%,00.00%,04.39%,09.73%,06.32%,00.00%,04.47%,10.99%,06.45%,012.78%→,005.49%→,009.59%←,009.67%←,000.40%→,000.00%·,002.64%←,008.50%→,003.21%→
_chkq,gtoer,_ywvz,jdlu_,sniap,xmbf_,gtoersniap,44512.425730,06.67%,004.49%→,37.36%,001.45%←,06.29%,22.00%,09.03%,29.11%,59471275578.22,002.44%←,002.01%←,01.74,000.41%←,01.75,01.74,02.29% │ 12.71% │ 12.47% │ 13.89% │ 09.24%,09.28% │ 12.66% │ 11.38% │ 13.45% │ 02.62%,02.05% │ 13.83% │ 13.93% │ 13.79% │ 06.76%,06.87% │ 13.92% │ 13.47% │ 13.24% │ 02.15%,012.78%→ │ 005.49%→ │ 009.59%← │ 009.67%← │ 000.40%→,00.00% │ 04.39% │ 09.73% │ 06.32%,06.45% │ 10.99% │ 04.47% │ 00.00%,000.00%· │ 002.64%← │ 008.50%→ │ 003.21%→,24.11%,62.19%,13.69%,023.61%→ │ 023.71%← │ 027.23%→,50.60%,49.40%,50.36%,49.64%,30094393447.16,29376882131.06,8698562081,8574448370,6453052818,563078875,589571808,3713951806,3640895029,3799311456,1560467867,1085744852,023.71%←,02.29%,12.71%,12.47%,13.89%,09.24%,02.62%,13.45%,11.38%,12.66%,09.28%,00.00%,04.39%,09.73%,06.32%,00.00%,04.47%,10.99%,06.45%,012.78%→,005.49%→,009.59%←,009.67%←,000.40%→,000.00%·,002.64%←,008.50%→,003.21%→
_phvq,ctoel,_mwbz,xsry_,dniau,jgkf_,!ctoeldniau,44449.858058,06.65%,005.94%←,39.31%,000.13%→,05.47%,22.02%,08.34%,27.47%,58084410296.15,000.92%←,000.34%→,01.68,000.14%→,01.68,01.69,03.75% │ 12.48% │ 12.82% │ 15.10% │ 06.07%,05.93% │ 16.09% │ 12.63% │ 11.62% │ 03.50%,03.33% │ 13.55% │ 13.93% │ 14.67% │ 04.49%,04.24% │ 15.99% │ 14.86% │ 12.16% │ 02.78%,007.30%← │ 007.43%← │ 001.47%← │ 006.12%→ │ 002.37%←,00.00% │ 03.44% │ 09.73% │ 08.36%,07.44% │ 08.53% │ 03.77% │ 00.00%,000.00%· │ 001.73%← │ 006.92%← │ 006.39%←,27.72%,58.08%,14.20%,043.49%→ │ 030.21%← │ 007.94%←,50.23%,49.77%,49.97%,50.03%,29175674955.73,28908735340.42,8630685744,8642324707,6789247816,591288737,558153438,3503337889,3515313948,3802829954,1439940173,944171577,030.21%←,03.75%,12.48%,12.82%,15.10%,06.07%,03.50%,11.62%,12.63%,16.09%,05.93%,00.00%,03.44%,09.73%,08.36%,00.00%,03.77%,08.53%,07.44%,007.30%←,007.43%←,001.47%←,006.12%→,002.37%←,000.00%·,001.73%←,006.92%←,006.39%←
_whyz,cioer,_pbxq,mgsf_,dtnau,jlkv_,cioerdtnau,44397.683724,03.67%,002.63%←,42.42%,003.01%→,06.24%,20.10%,08.87%,30.63%,58291243470.06,001.75%←,005.43%←,01.60,005.15%←,01.64,01.56,03.91% │ 11.39% │ 11.54% │ 13.99% │ 09.61%,09.65% │ 14.18% │ 10.96% │ 11.25% │ 03.53%,03.33% │ 11.42% │ 13.86% │ 13.86% │ 06.76%,06.66% │ 15.11% │ 14.68% │ 11.53% │ 02.78%,010.83%← │ 001.22%← │ 005.33%← │ 001.37%→ │ 000.42%→,00.00% │ 04.37% │ 04.95% │ 03.27%,03.12% │ 04.50% │ 04.09% │ 00.00%,000.00%· │ 005.77%← │ 003.84%← │ 000.71%→,25.03%,62.25%,12.73%,043.76%→ │ 041.04%← │ 035.23%→,50.43%,49.57%,49.23%,50.77%,29398700428.78,28892543041.28,8504362289,8768648162,7326449186,321362871,313112402,3326458737,3154991730,3472049418,1532716661,1077655216,041.04%←,03.91%,11.39%,11.54%,13.99%,09.61%,03.53%,11.25%,10.96%,14.18%,09.65%,00.00%,04.37%,04.95%,03.27%,00.00%,04.09%,04.50%,03.12%,010.83%←,001.22%←,005.33%←,001.37%→,000.42%→,000.00%·,005.77%←,003.84%←,000.71%→
_whyq,cioer,_pbxz,mgsf_,dtnau,jlkv_,cioerdtnau,44395.449862,03.68%,003.05%←,42.42%,003.01%→,06.24%,20.10%,08.87%,30.63%,58292801142.30,001.76%←,005.43%←,01.60,005.15%←,01.64,01.56,03.91% │ 11.39% │ 11.54% │ 13.99% │ 09.61%,09.65% │ 14.18% │ 10.95% │ 11.25% │ 03.53%,03.33% │ 11.42% │ 13.86% │ 13.86% │ 06.76%,06.66% │ 15.11% │ 14.68% │ 11.53% │ 02.78%,010.83%← │ 001.21%← │ 005.33%← │ 001.34%→ │ 000.42%→,00.00% │ 04.37% │ 04.95% │ 03.31%,03.12% │ 04.50% │ 04.09% │ 00.00%,000.00%· │ 005.77%← │ 003.84%← │ 000.39%←,24.98%,62.25%,12.78%,044.06%→ │ 041.04%← │ 034.56%→,50.44%,49.56%,49.23%,50.77%,29400258101.02,28892543041.28,8504362289,8768648162,7326449186,322652915,313112402,3326458737,3154991730,3472049418,1532716661,1077655216,041.04%←,03.91%,11.39%,11.54%,13.99%,09.61%,03.53%,11.25%,10.95%,14.18%,09.65%,00.00%,04.37%,04.95%,03.31%,00.00%,04.09%,04.50%,03.12%,010.83%←,001.21%←,005.33%←,001.34%→,000.42%→,000.00%·,005.77%←,003.84%←,000.39%←
_phbx,gtoer,_ywvj,kclu_,sniaf,qdmz_,gtoersniaf,44336.983590,07.00%,006.76%→,37.29%,000.98%←,06.26%,21.41%,09.00%,29.59%,59570238366.33,001.77%←,001.73%→,01.74,002.01%→,01.73,01.76,02.28% │ 11.22% │ 12.20% │ 14.96% │ 09.78%,10.07% │ 13.76% │ 12.42% │ 10.89% │ 02.43%,02.05% │ 12.65% │ 13.93% │ 14.67% │ 06.95%,07.29% │ 14.64% │ 14.46% │ 11.18% │ 02.19%,006.00%→ │ 003.01%← │ 001.74%→ │ 008.71%← │ 002.86%→,00.00% │ 02.44% │ 09.73% │ 07.92%,08.28% │ 10.50% │ 02.55% │ 00.00%,000.00%· │ 008.10%← │ 010.75%→ │ 005.76%→,23.58%,62.13%,14.29%,025.18%→ │ 023.73%← │ 027.89%→,50.44%,49.56%,50.24%,49.76%,30046276498.71,29523961867.62,8678801433,8594209018,6441383824,583054397,625355775,3651058608,3715457221,3698699194,1554519278,1080450829,023.73%←,02.28%,11.22%,12.20%,14.96%,09.78%,02.43%,10.89%,12.42%,13.76%,10.07%,00.00%,02.44%,09.73%,07.92%,00.00%,02.55%,10.50%,08.28%,006.00%→,003.01%←,001.74%→,008.71%←,002.86%→,000.00%·,008.10%←,010.75%→,005.76%→
_phbx,gtoer,_ywvq,kclu_,sniaf,jdmz_,gtoersniaf,44320.036041,06.96%,007.38%→,37.35%,000.46%←,06.35%,21.41%,08.96%,29.50%,59512547584.13,000.67%←,002.34%→,01.74,002.07%→,01.72,01.76,02.28% │ 11.23% │ 12.13% │ 14.92% │ 09.60%,10.27% │ 13.77% │ 12.44% │ 10.92% │ 02.43%,02.05% │ 12.65% │ 13.93% │ 14.67% │ 06.82%,07.42% │ 14.64% │ 14.46% │ 11.18% │ 02.19%,006.01%→ │ 002.79%← │ 002.52%→ │ 008.36%← │ 006.45%→,00.00% │ 02.44% │ 09.73% │ 07.84%,08.21% │ 10.50% │ 02.55% │ 00.00%,000.00%· │ 008.10%← │ 010.75%→ │ 006.98%→,23.58%,62.11%,14.31%,025.06%→ │ 022.99%← │ 031.64%→,50.17%,49.83%,50.11%,49.89%,29855996987.35,29656550596.78,8656199496,8616810955,6451035625,578402275,624465900,3634890263,3721973765,3699011191,1548030907,1096314485,022.99%←,02.28%,11.23%,12.13%,14.92%,09.60%,02.43%,10.92%,12.44%,13.77%,10.27%,00.00%,02.44%,09.73%,07.84%,00.00%,02.55%,10.50%,08.21%,006.01%→,002.79%←,002.52%→,008.36%←,006.45%→,000.00%·,008.10%←,010.75%→,006.98%→
_chkz,btoer,_ypvq,jldu_,sniaw,xgmf_,btoersniaw,44252.534993,05.96%,002.17%→,36.87%,001.55%←,06.27%,22.47%,09.45%,29.61%,59675490094.71,002.76%←,003.73%←,01.76,001.62%←,01.77,01.74,01.79% │ 12.82% │ 12.74% │ 13.96% │ 09.38%,09.25% │ 12.79% │ 11.97% │ 13.46% │ 01.85%,01.62% │ 13.83% │ 14.39% │ 13.79% │ 06.76%,06.87% │ 13.81% │ 14.01% │ 13.24% │ 01.69%,003.66%→ │ 004.80%→ │ 006.48%← │ 009.17%← │ 001.38%←,00.00% │ 04.39% │ 07.26% │ 06.31%,06.17% │ 08.19% │ 04.47% │ 00.00%,000.00%· │ 002.64%← │ 009.01%→ │ 001.75%←,23.16%,61.77%,15.07%,022.38%→ │ 024.64%← │ 028.42%→,50.68%,49.32%,50.38%,49.62%,30244462802.40,29431027292.31,8702748240,8570262211,6368415541,509209480,520522148,3787769611,3651714501,3881507753,1632974524,1082470475,024.64%←,01.79%,12.82%,12.74%,13.96%,09.38%,01.85%,13.46%,11.97%,12.79%,09.25%,00.00%,04.39%,07.26%,06.31%,00.00%,04.47%,08.19%,06.17%,003.66%→,004.80%→,006.48%←,009.17%←,001.38%←,000.00%·,002.64%←,009.01%→,001.75%←
_chkz,btoer,_ypvq,jldu_,sniaw,xgmf_,!btoersniaw,44252.534993,05.96%,002.17%→,36.87%,001.55%←,06.27%,22.47%,09.45%,29.61%,59675490094.71,002.76%←,003.73%←,01.76,001.62%←,01.77,01.74,01.79% │ 12.82% │ 12.74% │ 13.96% │ 09.38%,09.25% │ 12.79% │ 11.97% │ 13.46% │ 01.85%,01.62% │ 13.83% │ 14.39% │ 13.79% │ 06.76%,06.87% │ 13.81% │ 14.01% │ 13.24% │ 01.69%,003.66%→ │ 004.80%→ │ 006.48%← │ 009.17%← │ 001.38%←,00.00% │ 04.39% │ 07.26% │ 06.31%,06.17% │ 08.19% │ 04.47% │ 00.00%,000.00%· │ 002.64%← │ 009.01%→ │ 001.75%←,23.16%,61.77%,15.07%,022.38%→ │ 024.64%← │ 028.42%→,50.68%,49.32%,50.38%,49.62%,30244462802.40,29431027292.31,8702748240,8570262211,6368415541,509209480,520522148,3787769611,3651714501,3881507753,1632974524,1082470475,024.64%←,01.79%,12.82%,12.74%,13.96%,09.38%,01.85%,13.46%,11.97%,12.79%,09.25%,00.00%,04.39%,07.26%,06.31%,00.00%,04.47%,08.19%,06.17%,003.66%→,004.80%→,006.48%←,009.17%←,001.38%←,000.00%·,002.64%←,009.01%→,001.75%←
_huyx,boies,_vmkz,jdlp_,rtnaw,qcgf_,wantrseiob,44237.468749,05.03%,000.10%→,44.86%,003.56%→,07.47%,18.32%,07.64%,29.45%,58019430986.26,000.26%←,001.37%←,01.54,002.73%←,01.56,01.52,01.94% │ 13.37% │ 11.01% │ 14.41% │ 09.33%,09.36% │ 15.26% │ 10.42% │ 12.99% │ 01.91%,01.62% │ 13.32% │ 12.97% │ 14.42% │ 06.77%,06.86% │ 15.95% │ 13.81% │ 12.60% │ 01.69%,001.74%← │ 002.92%← │ 005.71%← │ 005.58%→ │ 000.29%→,00.00% │ 04.83% │ 07.75% │ 04.10%,03.70% │ 07.50% │ 05.07% │ 00.00%,000.00%· │ 000.66%← │ 002.89%→ │ 002.75%←,23.29%,61.37%,15.34%,008.84%→ │ 016.17%← │ 036.16%→,50.06%,49.94%,49.09%,50.91%,29046944569.94,28972486416.32,8480040321,8792970130,7748290406,434618694,435063699,3050373676,3009235571,3163710934,1320341761,1289580941,016.17%←,01.94%,13.37%,11.01%,14.41%,09.33%,01.91%,12.99%,10.42%,15.26%,09.36%,00.00%,04.83%,07.75%,04.10%,00.00%,05.07%,07.50%,03.70%,001.74%←,002.92%←,005.71%←,005.58%→,000.29%→,000.00%·,000.66%←,002.89%→,002.75%←
_chkq,btoer,_ypvz,jldu_,sniaw,xgmf_,btoersniaw,44235.034629,05.96%,002.15%→,36.87%,001.55%←,06.27%,22.47%,09.45%,29.61%,59677100192.89,002.77%←,003.73%←,01.76,001.62%←,01.77,01.74,01.79% │ 12.81% │ 12.74% │ 13.96% │ 09.38%,09.25% │ 12.79% │ 11.97% │ 13.46% │ 01.85%,01.62% │ 13.83% │ 14.39% │ 13.79% │ 06.76%,06.87% │ 13.81% │ 14.01% │ 13.24% │ 01.69%,003.65%→ │ 004.81%→ │ 006.49%← │ 009.19%← │ 001.39%←,00.00% │ 04.39% │ 07.26% │ 06.32%,06.17% │ 08.19% │ 04.47% │ 00.00%,000.00%· │ 002.64%← │ 009.01%→ │ 001.81%←,23.13%,61.77%,15.10%,022.63%→ │ 024.65%← │ 028.03%→,50.68%,49.32%,50.38%,49.62%,30246072900.58,29431027292.31,8702748240,8570262211,6368415541,509333856,520522148,3787769611,3651714501,3881507753,1632974524,1082470475,024.65%←,01.79%,12.81%,12.74%,13.96%,09.38%,01.85%,13.46%,11.97%,12.79%,09.25%,00.00%,04.39%,07.26%,06.32%,00.00%,04.47%,08.19%,06.17%,003.65%→,004.81%→,006.49%←,009.19%←,001.39%←,000.00%·,002.64%←,009.01%→,001.81%←
_govx,cther,_ywkq,zdlf_,sniau,bpmj_,cthersniau,44234.771168,06.39%,000.98%→,37.23%,001.70%←,05.57%,22.18%,09.20%,29.31%,59856175203.69,001.45%←,002.54%←,01.75,000.62%←,01.75,01.74,03.72% │ 11.15% │ 13.53% │ 12.47% │ 09.49%,11.26% │ 12.18% │ 12.75% │ 09.88% │ 03.58%,03.33% │ 12.55% │ 13.93% │ 13.79% │ 06.82%,08.20% │ 13.46% │ 14.46% │ 10.69% │ 02.78%,004.08%← │ 012.81%← │ 006.11%← │ 002.43%← │ 015.71%→,00.00% │ 01.98% │ 11.06% │ 06.74%,06.57% │ 10.50% │ 02.52% │ 00.00%,000.00%· │ 007.69%→ │ 001.52%← │ 002.36%→,24.53%,61.42%,14.05%,001.50%→ │ 013.46%← │ 034.89%→,50.36%,49.64%,50.42%,49.58%,30142924808.29,29713250395.40,8709412185,8563598266,6430254243,549134619,554542253,3735132996,3642512414,3831570568,1588404921,961523618,013.46%←,03.72%,11.15%,13.53%,12.47%,09.49%,03.58%,09.88%,12.75%,12.18%,11.26%,00.00%,01.98%,11.06%,06.74%,00.00%,02.52%,10.50%,06.57%,004.08%←,012.81%←,006.11%←,002.43%←,015.71%→,000.00%·,007.69%→,001.52%←,002.36%→
_govq,cther,_ywkx,zdlf_,sniau,bpmj_,cthersniau,44212.101733,06.39%,000.95%→,37.23%,001.70%←,05.57%,22.18%,09.20%,29.31%,59848412714.31,001.42%←,002.54%←,01.75,000.62%←,01.75,01.74,03.72% │ 11.14% │ 13.53% │ 12.47% │ 09.48%,11.26% │ 12.18% │ 12.75% │ 09.88% │ 03.58%,03.33% │ 12.55% │ 13.93% │ 13.79% │ 06.82%,08.20% │ 13.46% │ 14.46% │ 10.69% │ 02.78%,004.10%← │ 012.77%← │ 006.12%← │ 002.43%← │ 015.81%→,00.00% │ 01.98% │ 11.06% │ 06.74%,06.57% │ 10.50% │ 02.52% │ 00.00%,000.00%· │ 007.69%→ │ 001.52%← │ 002.32%→,24.34%,61.42%,14.24%,003.10%→ │ 013.46%← │ 032.70%→,50.35%,49.65%,50.42%,49.58%,30135162318.91,29713250395.40,8709412185,8563598266,6430254243,549250223,554542253,3735132996,3642512414,3831570568,1588404921,961523618,013.46%←,03.72%,11.14%,13.53%,12.47%,09.48%,03.58%,09.88%,12.75%,12.18%,11.26%,00.00%,01.98%,11.06%,06.74%,00.00%,02.52%,10.50%,06.57%,004.10%←,012.77%←,006.12%←,002.43%←,015.81%→,000.00%·,007.69%→,001.52%←,002.32%→
_govq,cther,_ywkx,zdlf_,sniau,bpmj_,?cthersniau,44212.101733,06.39%,000.95%→,37.23%,001.70%←,05.57%,22.18%,09.20%,29.31%,59848412714.31,001.42%←,002.54%←,01.75,000.62%←,01.75,01.74,03.72% │ 11.14% │ 13.53% │ 12.47% │ 09.48%,11.26% │ 12.18% │ 12.75% │ 09.88% │ 03.58%,03.33% │ 12.55% │ 13.93% │ 13.79% │ 06.82%,08.20% │ 13.46% │ 14.46% │ 10.69% │ 02.78%,004.10%← │ 012.77%← │ 006.12%← │ 002.43%← │ 015.81%→,00.00% │ 01.98% │ 11.06% │ 06.74%,06.57% │ 10.50% │ 02.52% │ 00.00%,000.00%· │ 007.69%→ │ 001.52%← │ 002.32%→,24.34%,61.42%,14.24%,003.10%→ │ 013.46%← │ 032.70%→,50.35%,49.65%,50.42%,49.58%,30135162318.91,29713250395.40,8709412185,8563598266,6430254243,549250223,554542253,3735132996,3642512414,3831570568,1588404921,961523618,013.46%←,03.72%,11.14%,13.53%,12.47%,09.48%,03.58%,09.88%,12.75%,12.18%,11.26%,00.00%,01.98%,11.06%,06.74%,00.00%,02.52%,10.50%,06.57%,004.10%←,012.77%←,006.12%←,002.43%←,015.81%→,000.00%·,007.69%→,001.52%←,002.32%→
_huyx,boies,_vmkz,jdlf_,rtnaw,qcgp_,wantrseiob,44205.828728,05.03%,000.10%→,44.86%,003.56%→,07.47%,18.32%,07.64%,29.45%,58095769088.70,000.01%→,001.37%←,01.54,002.73%←,01.56,01.52,01.94% │ 13.35% │ 11.00% │ 14.39% │ 09.32%,09.35% │ 15.24% │ 10.54% │ 12.97% │ 01.90%,01.62% │ 13.32% │ 12.97% │ 14.42% │ 06.77%,06.86% │ 15.95% │ 13.81% │ 12.60% │ 01.69%,001.74%← │ 002.99%← │ 004.28%← │ 005.57%→ │ 000.29%→,00.00% │ 04.83% │ 07.75% │ 04.10%,03.70% │ 07.50% │ 05.07% │ 00.00%,000.00%· │ 000.66%← │ 002.89%→ │ 002.75%←,23.42%,61.29%,15.29%,010.03%→ │ 016.16%← │ 035.94%→,50.00%,50.00%,49.09%,50.91%,29046944569.94,29048824518.76,8480040321,8792970130,7748290406,434618694,435063699,3050373676,3009235571,3163710934,1320341761,1289580941,016.16%←,01.94%,13.35%,11.00%,14.39%,09.32%,01.90%,12.97%,10.54%,15.24%,09.35%,00.00%,04.83%,07.75%,04.10%,00.00%,05.07%,07.50%,03.70%,001.74%←,002.99%←,004.28%←,005.57%→,000.29%→,000.00%·,000.66%←,002.89%→,002.75%←
_khvz,ctoer,_ywbj,pslf_,dniau,xgmq_,!!ctoerdniau,44196.625110,06.50%,004.29%→,36.58%,000.24%←,05.66%,21.72%,09.24%,29.86%,60157776378.99,000.19%→,001.07%→,01.77,001.00%→,01.76,01.77,03.67% │ 09.71% │ 12.35% │ 14.91% │ 09.31%,08.84% │ 15.47% │ 12.56% │ 09.66% │ 03.51%,03.33% │ 11.25% │ 13.93% │ 14.67% │ 06.89%,06.16% │ 15.99% │ 14.46% │ 10.56% │ 02.78%,004.68%← │ 000.54%← │ 001.72%→ │ 003.62%→ │ 005.26%←,00.00% │ 01.93% │ 09.73% │ 07.45%,07.16% │ 10.50% │ 02.05% │ 00.00%,000.00%· │ 000.35%← │ 010.75%→ │ 001.26%←,26.68%,60.75%,12.57%,056.45%→ │ 040.39%← │ 003.08%←,49.95%,50.05%,50.06%,49.94%,30050512120.38,30107264258.61,8646717147,8626293304,6319196861,548951376,573572236,3724160357,3764542435,3751140098,1596850800,977521846,040.39%←,03.67%,09.71%,12.35%,14.91%,09.31%,03.51%,09.66%,12.56%,15.47%,08.84%,00.00%,01.93%,09.73%,07.45%,00.00%,02.05%,10.50%,07.16%,004.68%←,000.54%←,001.72%→,003.62%→,005.26%←,000.00%·,000.35%←,010.75%→,001.26%←
_khvz,ctoer,_ywbj,pslf_,dniau,xgmq_,ctoerdniau,44196.625110,06.50%,004.29%→,36.58%,000.24%←,05.66%,21.72%,09.24%,29.86%,60157776378.99,000.19%→,001.07%→,01.77,001.00%→,01.76,01.77,03.67% │ 09.71% │ 12.35% │ 14.91% │ 09.31%,08.84% │ 15.47% │ 12.56% │ 09.66% │ 03.51%,03.33% │ 11.25% │ 13.93% │ 14.67% │ 06.89%,06.16% │ 15.99% │ 14.46% │ 10.56% │ 02.78%,004.68%← │ 000.54%← │ 001.72%→ │ 003.62%→ │ 005.26%←,00.00% │ 01.93% │ 09.73% │ 07.45%,07.16% │ 10.50% │ 02.05% │ 00.00%,000.00%· │ 000.35%← │ 010.75%→ │ 001.26%←,26.68%,60.75%,12.57%,056.45%→ │ 040.39%← │ 003.08%←,49.95%,50.05%,50.06%,49.94%,30050512120.38,30107264258.61,8646717147,8626293304,6319196861,548951376,573572236,3724160357,3764542435,3751140098,1596850800,977521846,040.39%←,03.67%,09.71%,12.35%,14.91%,09.31%,03.51%,09.66%,12.56%,15.47%,08.84%,00.00%,01.93%,09.73%,07.45%,00.00%,02.05%,10.50%,07.16%,004.68%←,000.54%←,001.72%→,003.62%→,005.26%←,000.00%·,000.35%←,010.75%→,001.26%←
_whyz,cioer,_pbxq,mgnf_,dtsau,jlkv_,cioerdtsau,44174.816431,03.68%,002.07%←,42.42%,003.01%→,06.24%,20.10%,08.87%,30.63%,58645230561.78,000.52%←,005.43%←,01.60,005.15%←,01.64,01.56,03.89% │ 11.32% │ 11.47% │ 13.90% │ 09.55%,09.74% │ 13.62% │ 11.77% │ 11.26% │ 03.48%,03.33% │ 11.42% │ 13.86% │ 13.86% │ 06.76%,06.66% │ 15.11% │ 14.68% │ 11.53% │ 02.78%,011.62%← │ 000.53%← │ 002.55%→ │ 002.09%← │ 001.95%→,00.00% │ 04.37% │ 04.95% │ 03.27%,03.12% │ 04.57% │ 04.09% │ 00.00%,000.00%· │ 005.77%← │ 002.29%← │ 000.71%→,25.32%,62.00%,12.68%,045.29%→ │ 040.35%← │ 035.50%→,50.13%,49.87%,49.23%,50.77%,29398700428.78,29246530133.00,8504362289,8768648162,7326449186,321362871,314843589,3326458737,3154991730,3472049418,1532716661,1077655216,040.35%←,03.89%,11.32%,11.47%,13.90%,09.55%,03.48%,11.26%,11.77%,13.62%,09.74%,00.00%,04.37%,04.95%,03.27%,00.00%,04.09%,04.57%,03.12%,011.62%←,000.53%←,002.55%→,002.09%←,001.95%→,000.00%·,005.77%←,002.29%←,000.71%→
_whyq,cioer,_pbxz,mgnf_,dtsau,jlkv_,cioerdtsau,44174.121499,03.69%,002.48%←,42.42%,003.01%→,06.24%,20.10%,08.87%,30.63%,58646788234.02,000.53%←,005.43%←,01.60,005.15%←,01.64,01.56,03.89% │ 11.32% │ 11.47% │ 13.91% │ 09.55%,09.74% │ 13.62% │ 11.77% │ 11.26% │ 03.48%,03.33% │ 11.42% │ 13.86% │ 13.86% │ 06.76%,06.66% │ 15.11% │ 14.68% │ 11.53% │ 02.78%,011.62%← │ 000.52%← │ 002.55%→ │ 002.11%← │ 001.94%→,00.00% │ 04.37% │ 04.95% │ 03.31%,03.12% │ 04.57% │ 04.09% │ 00.00%,000.00%· │ 005.77%← │ 002.29%← │ 000.39%←,25.27%,62.00%,12.73%,045.58%→ │ 040.35%← │ 034.85%→,50.13%,49.87%,49.23%,50.77%,29400258101.02,29246530133.00,8504362289,8768648162,7326449186,322652915,314843589,3326458737,3154991730,3472049418,1532716661,1077655216,040.35%←,03.89%,11.32%,11.47%,13.91%,09.55%,03.48%,11.26%,11.77%,13.62%,09.74%,00.00%,04.37%,04.95%,03.31%,00.00%,04.09%,04.57%,03.12%,011.62%←,000.52%←,002.55%→,002.11%←,001.94%→,000.00%·,005.77%←,002.29%←,000.39%←
_phkj,ctoer,_qgbx,vdiw_,snalu,zfym_,ulansreotc,44157.829174,04.38%,001.16%→,37.96%,000.21%→,07.28%,23.11%,09.25%,28.57%,59524568402.77,000.74%→,001.23%←,01.72,001.04%←,01.73,01.71,03.71% │ 09.18% │ 12.82% │ 14.27% │ 09.84%,10.60% │ 12.60% │ 14.93% │ 08.72% │ 03.34%,03.33% │ 11.04% │ 14.29% │ 14.34% │ 06.95%,07.65% │ 13.50% │ 17.56% │ 08.56% │ 02.78%,011.17%← │ 005.25%← │ 014.15%→ │ 013.27%← │ 007.18%→,00.00% │ 00.64% │ 06.70% │ 05.41%,06.02% │ 04.96% │ 00.70% │ 00.00%,000.00%· │ 018.67%← │ 009.97%← │ 009.71%→,25.95%,61.23%,12.82%,043.76%→ │ 041.50%← │ 044.05%→,49.82%,50.18%,49.95%,50.05%,29652183399.89,29872385002.88,8627245647,8645764804,6556389660,376465820,380898792,3647854001,3603655992,3991590783,1596913740,1257273012,041.50%←,03.71%,09.18%,12.82%,14.27%,09.84%,03.34%,08.72%,14.93%,12.60%,10.60%,00.00%,00.64%,06.70%,05.41%,00.00%,00.70%,04.96%,06.02%,011.17%←,005.25%←,014.15%→,013.27%←,007.18%→,000.00%·,018.67%←,009.97%←,009.71%→
_khvj,ctoer,_ywbz,pslf_,dniau,xgmq_,ctoerdniau,44142.427146,06.51%,003.88%→,36.58%,000.24%←,05.66%,21.72%,09.24%,29.86%,60163098547.48,000.17%→,001.07%→,01.77,001.00%→,01.76,01.77,03.67% │ 09.71% │ 12.36% │ 14.91% │ 09.31%,08.84% │ 15.47% │ 12.56% │ 09.66% │ 03.51%,03.33% │ 11.25% │ 13.93% │ 14.67% │ 06.89%,06.16% │ 15.99% │ 14.46% │ 10.56% │ 02.78%,004.68%← │ 000.53%← │ 001.66%→ │ 003.62%→ │ 005.28%←,00.00% │ 01.93% │ 09.73% │ 07.51%,07.16% │ 10.50% │ 02.05% │ 00.00%,000.00%· │ 000.35%← │ 010.75%→ │ 002.13%←,26.83%,60.75%,12.42%,055.67%→ │ 040.42%← │ 000.78%←,49.96%,50.04%,50.06%,49.94%,30055834288.87,30107264258.61,8646717147,8626293304,6319196861,551343804,573572236,3724160357,3764542435,3751140098,1596850800,977521846,040.42%←,03.67%,09.71%,12.36%,14.91%,09.31%,03.51%,09.66%,12.56%,15.47%,08.84%,00.00%,01.93%,09.73%,07.51%,00.00%,02.05%,10.50%,07.16%,004.68%←,000.53%←,001.66%→,003.62%→,005.28%←,000.00%·,000.35%←,010.75%→,002.13%←
_khvj,ctoer,_ywbz,pslf_,dniau,xgmq_,ctoerdniau,44142.427146,06.51%,003.88%→,36.58%,000.24%←,05.66%,21.72%,09.24%,29.86%,60163098547.48,000.17%→,001.07%→,01.77,001.00%→,01.76,01.77,03.67% │ 09.71% │ 12.36% │ 14.91% │ 09.31%,08.84% │ 15.47% │ 12.56% │ 09.66% │ 03.51%,03.33% │ 11.25% │ 13.93% │ 14.67% │ 06.89%,06.16% │ 15.99% │ 14.46% │ 10.56% │ 02.78%,004.68%← │ 000.53%← │ 001.66%→ │ 003.62%→ │ 005.28%←,00.00% │ 01.93% │ 09.73% │ 07.51%,07.16% │ 10.50% │ 02.05% │ 00.00%,000.00%· │ 000.35%← │ 010.75%→ │ 002.13%←,26.83%,60.75%,12.42%,055.67%→ │ 040.42%← │ 000.78%←,49.96%,50.04%,50.06%,49.94%,30055834288.87,30107264258.61,8646717147,8626293304,6319196861,551343804,573572236,3724160357,3764542435,3751140098,1596850800,977521846,040.42%←,03.67%,09.71%,12.36%,14.91%,09.31%,03.51%,09.66%,12.56%,15.47%,08.84%,00.00%,01.93%,09.73%,07.51%,00.00%,02.05%,10.50%,07.16%,004.68%←,000.53%←,001.66%→,003.62%→,005.28%←,000.00%·,000.35%←,010.75%→,002.13%←
_chkz,gtoer,_bvyq,jldu_,snaim,xpfw_,gtoersnaim,44105.794054,03.88%,003.78%→,37.71%,001.16%←,07.33%,23.07%,10.07%,30.38%,59140474878.72,002.17%←,002.84%←,01.73,001.21%←,01.74,01.72,02.30% │ 12.40% │ 11.53% │ 14.95% │ 09.35%,09.34% │ 13.19% │ 11.25% │ 12.62% │ 03.06%,02.05% │ 13.74% │ 13.32% │ 14.42% │ 06.76%,06.87% │ 13.90% │ 14.28% │ 12.06% │ 02.60%,024.96%→ │ 001.68%→ │ 002.46%← │ 013.31%← │ 000.18%←,00.00% │ 02.71% │ 04.83% │ 04.18%,04.30% │ 04.79% │ 03.31% │ 00.00%,000.00%· │ 006.63%→ │ 005.95%→ │ 000.84%→,23.45%,63.38%,13.16%,022.44%→ │ 020.46%← │ 024.59%→,50.54%,49.46%,50.29%,49.71%,29887828313.89,29252646564.83,8686252556,8586757895,6512796185,328289004,341173808,3698548285,3596555183,3984083855,1738758438,1265288888,020.46%←,02.30%,12.40%,11.53%,14.95%,09.35%,03.06%,12.62%,11.25%,13.19%,09.34%,00.00%,02.71%,04.83%,04.18%,00.00%,03.31%,04.79%,04.30%,024.96%→,001.68%→,002.46%←,013.31%←,000.18%←,000.00%·,006.63%→,005.95%→,000.84%→
_chkz,gtoer,_bvyq,jldu_,snaim,xpfw_,gtoersnaim,44105.794054,03.88%,003.78%→,37.71%,001.16%←,07.33%,23.07%,10.07%,30.38%,59140474878.72,002.17%←,002.84%←,01.73,001.21%←,01.74,01.72,02.30% │ 12.40% │ 11.53% │ 14.95% │ 09.35%,09.34% │ 13.19% │ 11.25% │ 12.62% │ 03.06%,02.05% │ 13.74% │ 13.32% │ 14.42% │ 06.76%,06.87% │ 13.90% │ 14.28% │ 12.06% │ 02.60%,024.96%→ │ 001.68%→ │ 002.46%← │ 013.31%← │ 000.18%←,00.00% │ 02.71% │ 04.83% │ 04.18%,04.30% │ 04.79% │ 03.31% │ 00.00%,000.00%· │ 006.63%→ │ 005.95%→ │ 000.84%→,23.45%,63.38%,13.16%,022.44%→ │ 020.46%← │ 024.59%→,50.54%,49.46%,50.29%,49.71%,29887828313.89,29252646564.83,8686252556,8586757895,6512796185,328289004,341173808,3698548285,3596555183,3984083855,1738758438,1265288888,020.46%←,02.30%,12.40%,11.53%,14.95%,09.35%,03.06%,12.62%,11.25%,13.19%,09.34%,00.00%,02.71%,04.83%,04.18%,00.00%,03.31%,04.79%,04.30%,024.96%→,001.68%→,002.46%←,013.31%←,000.18%←,000.00%·,006.63%→,005.95%→,000.84%→
_chkz,gtoer,_bvyq,jldu_,snaim,xpfw_,!!gtoersnaim,44105.794054,03.88%,003.78%→,37.71%,001.16%←,07.33%,23.07%,10.07%,30.38%,59140474878.72,002.17%←,002.84%←,01.73,001.21%←,01.74,01.72,02.30% │ 12.40% │ 11.53% │ 14.95% │ 09.35%,09.34% │ 13.19% │ 11.25% │ 12.62% │ 03.06%,02.05% │ 13.74% │ 13.32% │ 14.42% │ 06.76%,06.87% │ 13.90% │ 14.28% │ 12.06% │ 02.60%,024.96%→ │ 001.68%→ │ 002.46%← │ 013.31%← │ 000.18%←,00.00% │ 02.71% │ 04.83% │ 04.18%,04.30% │ 04.79% │ 03.31% │ 00.00%,000.00%· │ 006.63%→ │ 005.95%→ │ 000.84%→,23.45%,63.38%,13.16%,022.44%→ │ 020.46%← │ 024.59%→,50.54%,49.46%,50.29%,49.71%,29887828313.89,29252646564.83,8686252556,8586757895,6512796185,328289004,341173808,3698548285,3596555183,3984083855,1738758438,1265288888,020.46%←,02.30%,12.40%,11.53%,14.95%,09.35%,03.06%,12.62%,11.25%,13.19%,09.34%,00.00%,02.71%,04.83%,04.18%,00.00%,03.31%,04.79%,04.30%,024.96%→,001.68%→,002.46%←,013.31%←,000.18%←,000.00%·,006.63%→,005.95%→,000.84%→
_chkq,gtoer,_bvyz,jldu_,snaim,xpfw_,gtoersnaim,44092.130181,03.87%,004.10%→,37.71%,001.16%←,07.33%,23.07%,10.07%,30.38%,59141740775.24,002.18%←,002.84%←,01.73,001.21%←,01.74,01.72,02.30% │ 12.40% │ 11.53% │ 14.95% │ 09.35%,09.34% │ 13.19% │ 11.25% │ 12.61% │ 03.06%,02.05% │ 13.74% │ 13.32% │ 14.42% │ 06.76%,06.87% │ 13.90% │ 14.28% │ 12.06% │ 02.60%,024.96%→ │ 001.68%→ │ 002.47%← │ 013.32%← │ 000.19%←,00.00% │ 02.71% │ 04.83% │ 04.15%,04.30% │ 04.79% │ 03.31% │ 00.00%,000.00%· │ 006.63%→ │ 005.95%→ │ 001.56%→,23.42%,63.38%,13.20%,022.69%→ │ 020.47%← │ 024.14%→,50.54%,49.46%,50.29%,49.71%,29889094210.41,29252646564.83,8686252556,8586757895,6512796185,327181136,341173808,3698548285,3596555183,3984083855,1738758438,1265288888,020.47%←,02.30%,12.40%,11.53%,14.95%,09.35%,03.06%,12.61%,11.25%,13.19%,09.34%,00.00%,02.71%,04.83%,04.15%,00.00%,03.31%,04.79%,04.30%,024.96%→,001.68%→,002.47%←,013.32%←,000.19%←,000.00%·,006.63%→,005.95%→,001.56%→
_chkq,gtoer,_bvyz,jldu_,snaim,xpfw_,gtoersnaim,44092.130181,03.87%,004.10%→,37.71%,001.16%←,07.33%,23.07%,10.07%,30.38%,59141740775.24,002.18%←,002.84%←,01.73,001.21%←,01.74,01.72,02.30% │ 12.40% │ 11.53% │ 14.95% │ 09.35%,09.34% │ 13.19% │ 11.25% │ 12.61% │ 03.06%,02.05% │ 13.74% │ 13.32% │ 14.42% │ 06.76%,06.87% │ 13.90% │ 14.28% │ 12.06% │ 02.60%,024.96%→ │ 001.68%→ │ 002.47%← │ 013.32%← │ 000.19%←,00.00% │ 02.71% │ 04.83% │ 04.15%,04.30% │ 04.79% │ 03.31% │ 00.00%,000.00%· │ 006.63%→ │ 005.95%→ │ 001.56%→,23.42%,63.38%,13.20%,022.69%→ │ 020.47%← │ 024.14%→,50.54%,49.46%,50.29%,49.71%,29889094210.41,29252646564.83,8686252556,8586757895,6512796185,327181136,341173808,3698548285,3596555183,3984083855,1738758438,1265288888,020.47%←,02.30%,12.40%,11.53%,14.95%,09.35%,03.06%,12.61%,11.25%,13.19%,09.34%,00.00%,02.71%,04.83%,04.15%,00.00%,03.31%,04.79%,04.30%,024.96%→,001.68%→,002.47%←,013.32%←,000.19%←,000.00%·,006.63%→,005.95%→,001.56%→
_mhkj,ptoel,_bwvg,qdru_,sniaf,zcyx_,ptoelsniaf,44085.077818,06.53%,000.58%→,40.70%,002.22%→,06.41%,21.43%,08.29%,27.89%,57883341625.94,000.65%→,006.81%→,01.65,003.05%→,01.62,01.67,02.56% │ 11.52% │ 12.49% │ 14.17% │ 09.10%,09.33% │ 14.07% │ 13.53% │ 10.74% │ 02.50%,02.15% │ 13.02% │ 13.93% │ 13.79% │ 06.55%,06.67% │ 14.64% │ 15.82% │ 11.24% │ 02.19%,002.59%← │ 007.27%← │ 007.70%→ │ 000.73%← │ 002.47%→,00.00% │ 01.95% │ 09.73% │ 08.10%,07.73% │ 08.57% │ 02.43% │ 00.00%,000.00%· │ 007.09%→ │ 000.04%→ │ 000.06%←,25.52%,59.16%,15.32%,034.43%→ │ 011.91%← │ 024.27%←,49.84%,50.16%,49.44%,50.56%,28848030809.77,29035310816.17,8539385906,8733624545,7030464165,562659392,565933898,3269208069,3508227419,3700841900,1431084282,1107734788,011.91%←,02.56%,11.52%,12.49%,14.17%,09.10%,02.50%,10.74%,13.53%,14.07%,09.33%,00.00%,01.95%,09.73%,08.10%,00.00%,02.43%,08.57%,07.73%,002.59%←,007.27%←,007.70%→,000.73%←,002.47%→,000.00%·,007.09%→,000.04%→,000.06%←
_pugj,cther,_xlwk,ydob_,snaim,zfvq_,cthersnaim,43911.640220,04.82%,000.17%→,38.58%,002.36%→,06.22%,22.32%,09.35%,29.52%,59025589715.12,001.39%←,002.44%→,01.71,000.06%→,01.70,01.71,03.77% │ 09.51% │ 11.59% │ 14.89% │ 10.58%,11.49% │ 13.06% │ 13.29% │ 08.67% │ 03.14%,03.33% │ 11.13% │ 11.73% │ 15.71% │ 07.51%,08.28% │ 13.50% │ 16.91% │ 09.31% │ 02.60%,020.03%← │ 009.69%← │ 012.81%→ │ 014.07%← │ 007.96%→,00.00% │ 01.59% │ 06.57% │ 06.30%,06.65% │ 04.68% │ 01.88% │ 00.00%,000.00%· │ 001.22%← │ 002.64%→ │ 001.01%←,25.52%,60.89%,13.59%,053.63%→ │ 021.57%← │ 086.76%←,50.34%,49.66%,49.40%,50.60%,29716234472.10,29309355243.02,8533477385,8739533066,6664113183,416341585,417043378,3527735801,3616050669,3856148904,1614807306,1073728315,021.57%←,03.77%,09.51%,11.59%,14.89%,10.58%,03.14%,08.67%,13.29%,13.06%,11.49%,00.00%,01.59%,06.57%,06.30%,00.00%,01.88%,04.68%,06.65%,020.03%←,009.69%←,012.81%→,014.07%←,007.96%→,000.00%·,001.22%←,002.64%→,001.01%←
_pugj,cther,_xlkw,ydob_,snaim,zfvq_,cthersnaim,43758.550386,04.82%,000.17%→,38.58%,002.36%→,06.22%,22.32%,09.35%,29.52%,59342028948.36,002.47%←,002.44%→,01.71,000.06%→,01.70,01.71,03.75% │ 09.46% │ 11.64% │ 13.94% │ 11.82%,11.43% │ 12.99% │ 13.22% │ 08.63% │ 03.12%,03.33% │ 11.13% │ 11.73% │ 14.77% │ 08.45%,08.28% │ 13.50% │ 16.91% │ 09.31% │ 02.60%,020.05%← │ 009.70%← │ 011.99%→ │ 007.35%← │ 003.38%←,00.00% │ 01.59% │ 06.57% │ 06.30%,06.65% │ 04.68% │ 01.88% │ 00.00%,000.00%· │ 001.22%← │ 002.64%→ │ 001.01%←,25.38%,60.72%,13.90%,053.66%→ │ 022.13%← │ 094.93%←,50.61%,49.39%,49.40%,50.60%,30032673705.34,29309355243.02,8533477385,8739533066,6664113183,416341585,417043378,3527735801,3616050669,3856148904,1614807306,1073728315,022.13%←,03.75%,09.46%,11.64%,13.94%,11.82%,03.12%,08.63%,13.22%,12.99%,11.43%,00.00%,01.59%,06.57%,06.30%,00.00%,01.88%,04.68%,06.65%,020.05%←,009.70%←,011.99%→,007.35%←,003.38%←,000.00%·,001.22%←,002.64%→,001.01%←
_ucsk,oanrd,_xvgq,zybm_,leiht,jfpw_,oanrdleiht,43631.659060,03.22%,005.21%→,39.85%,001.58%←,06.05%,24.09%,09.34%,27.95%,60652873916.69,001.12%←,009.17%←,01.67,004.94%←,01.71,01.63,08.69% │ 10.61% │ 09.10% │ 15.46% │ 06.41%,05.97% │ 15.05% │ 08.90% │ 10.19% │ 09.62%,07.56% │ 11.24% │ 11.89% │ 15.03% │ 04.67%,04.63% │ 15.86% │ 11.35% │ 08.97% │ 08.79%,009.63%→ │ 004.17%← │ 002.30%← │ 002.76%← │ 007.33%←,00.00% │ 02.43% │ 02.91% │ 04.80%,04.95% │ 03.23% │ 03.02% │ 00.00%,000.00%· │ 000.80%← │ 005.41%→ │ 006.75%→,23.13%,65.58%,11.29%,138.15%← │ 015.98%→ │ 044.12%→,50.28%,49.72%,50.39%,49.61%,30495371050.06,30157502866.63,8704125362,8568885089,6883917627,270426573,285297262,3613809992,3310172034,4160383338,1613522015,1045787896,015.98%→,08.69%,10.61%,09.10%,15.46%,06.41%,09.62%,10.19%,08.90%,15.05%,05.97%,00.00%,02.43%,02.91%,04.80%,00.00%,03.02%,03.23%,04.95%,009.63%→,004.17%←,002.30%←,002.76%←,007.33%←,000.00%·,000.80%←,005.41%→,006.75%→
_plgw,uther,_xckz,jfob_,snaim,ydvq_,uthersnaim,43534.587952,04.85%,000.60%←,38.59%,002.75%→,06.28%,21.85%,09.60%,30.53%,58706235147.19,003.00%←,002.74%→,01.71,000.01%←,01.71,01.70,03.40% │ 09.69% │ 11.82% │ 13.99% │ 11.84%,11.71% │ 12.39% │ 13.32% │ 08.69% │ 03.15%,02.78% │ 11.13% │ 12.27% │ 14.77% │ 08.35%,08.38% │ 13.50% │ 16.91% │ 09.31% │ 02.60%,007.82%← │ 011.52%← │ 011.24%→ │ 012.90%← │ 001.10%←,00.00% │ 01.59% │ 06.32% │ 06.39%,06.62% │ 04.68% │ 01.88% │ 00.00%,000.00%· │ 001.22%← │ 001.92%→ │ 001.90%←,24.39%,61.12%,14.49%,005.90%→ │ 021.47%← │ 040.74%→,50.74%,49.26%,49.30%,50.70%,29786541647.82,28919693499.37,8515954760,8757055691,6665670985,419711508,417195133,3521531785,3620696883,3773780975,1658335103,1085541567,021.47%←,03.40%,09.69%,11.82%,13.99%,11.84%,03.15%,08.69%,13.32%,12.39%,11.71%,00.00%,01.59%,06.32%,06.39%,00.00%,01.88%,04.68%,06.62%,007.82%←,011.52%←,011.24%→,012.90%←,001.10%←,000.00%·,001.22%←,001.92%→,001.90%←
_plkw,uther,_xcgz,yfob_,snaim,jdvq_,uthersnaim,43526.210255,04.91%,002.11%→,38.59%,002.75%→,06.28%,21.85%,09.60%,30.53%,58677891048.31,003.06%←,002.74%→,01.71,000.01%←,01.71,01.70,03.39% │ 09.69% │ 11.79% │ 14.03% │ 11.86%,11.72% │ 12.40% │ 13.29% │ 08.69% │ 03.15%,02.78% │ 11.13% │ 12.27% │ 14.77% │ 08.35%,08.38% │ 13.50% │ 16.91% │ 09.31% │ 02.60%,007.32%← │ 011.52%← │ 011.32%→ │ 013.20%← │ 001.22%←,00.00% │ 01.59% │ 06.32% │ 06.38%,06.92% │ 04.68% │ 01.88% │ 00.00%,000.00%· │ 001.22%← │ 001.92%→ │ 002.60%→,25.38%,61.06%,13.56%,029.95%→ │ 021.11%← │ 002.19%←,50.75%,49.25%,49.30%,50.70%,29780894962.28,28896996086.03,8515954760,8757055691,6665670985,419147114,428193895,3521531785,3620696883,3773780975,1658335103,1085541567,021.11%←,03.39%,09.69%,11.79%,14.03%,11.86%,03.15%,08.69%,13.29%,12.40%,11.72%,00.00%,01.59%,06.32%,06.38%,00.00%,01.88%,04.68%,06.92%,007.32%←,011.52%←,011.32%→,013.20%←,001.22%←,000.00%·,001.22%←,001.92%→,002.60%→
_ucsk,oanrd,_xvgz,qfbm_,leiht,jypw_,oanrdleiht,43505.598110,03.18%,004.61%→,39.98%,001.70%←,06.09%,24.07%,09.27%,27.81%,60729695804.58,000.81%←,009.58%←,01.67,005.09%←,01.71,01.62,08.69% │ 10.53% │ 09.09% │ 15.44% │ 06.44%,05.91% │ 15.15% │ 08.94% │ 10.18% │ 09.62%,07.56% │ 11.24% │ 11.89% │ 15.03% │ 04.70%,04.60% │ 15.86% │ 11.35% │ 08.97% │ 08.79%,009.66%→ │ 003.45%← │ 001.69%← │ 001.96%← │ 009.03%←,00.00% │ 02.43% │ 02.91% │ 04.73%,04.85% │ 03.23% │ 03.02% │ 00.00%,000.00%· │ 000.80%← │ 005.41%→ │ 005.80%→,23.18%,65.55%,11.27%,130.81%← │ 015.93%→ │ 043.03%→,50.20%,49.80%,50.42%,49.58%,30487360640.50,30242335164.08,8709204674,8563805777,6905137634,268320608,281301860,3609117318,3293644701,4157082083,1601070101,1052248537,015.93%→,08.69%,10.53%,09.09%,15.44%,06.44%,09.62%,10.18%,08.94%,15.15%,05.91%,00.00%,02.43%,02.91%,04.73%,00.00%,03.02%,03.23%,04.85%,009.66%→,003.45%←,001.69%←,001.96%←,009.03%←,000.00%·,000.80%←,005.41%→,005.80%→
_yovz,cther,_bwkq,jdlf_,sniau,xpmg_,cthersniau,43473.006194,06.79%,002.60%→,36.63%,000.29%→,05.56%,22.06%,09.60%,30.32%,59696391834.94,000.03%←,001.67%→,01.76,001.06%→,01.75,01.77,03.73% │ 10.85% │ 13.43% │ 12.69% │ 09.32%,09.19% │ 12.28% │ 12.63% │ 12.37% │ 03.52%,03.33% │ 12.12% │ 13.93% │ 13.79% │ 06.76%,06.87% │ 13.46% │ 14.46% │ 12.51% │ 02.78%,005.98%← │ 012.31%→ │ 006.28%← │ 003.32%← │ 001.39%←,00.00% │ 04.23% │ 11.06% │ 06.32%,06.70% │ 10.50% │ 04.49% │ 00.00%,000.00%· │ 008.80%→ │ 001.52%← │ 004.63%→,24.51%,61.41%,14.08%,001.82%→ │ 013.41%← │ 040.87%→,50.01%,49.99%,49.93%,50.07%,29853161443.12,29843230391.82,8624115210,8648895241,6327542736,578899880,594352596,3708644975,3771711942,3810461931,1657745315,960939488,013.41%←,03.73%,10.85%,13.43%,12.69%,09.32%,03.52%,12.37%,12.63%,12.28%,09.19%,00.00%,04.23%,11.06%,06.32%,00.00%,04.49%,10.50%,06.70%,005.98%←,012.31%→,006.28%←,003.32%←,001.39%←,000.00%·,008.80%→,001.52%←,004.63%→
_yovz,cther,_bwkq,jdlg_,sniau,xpmf_,cthersniau,43460.263109,06.79%,002.60%→,36.63%,000.29%→,05.56%,22.06%,09.60%,30.32%,59679410564.60,000.09%←,001.67%→,01.76,001.06%→,01.75,01.77,03.73% │ 10.85% │ 13.43% │ 12.69% │ 09.32%,09.19% │ 12.27% │ 12.61% │ 12.39% │ 03.51%,03.33% │ 12.12% │ 13.93% │ 13.79% │ 06.76%,06.87% │ 13.46% │ 14.46% │ 12.51% │ 02.78%,006.13%← │ 012.42%→ │ 006.47%← │ 003.47%← │ 001.39%←,00.00% │ 04.23% │ 11.06% │ 06.32%,06.70% │ 10.50% │ 04.49% │ 00.00%,000.00%· │ 008.80%→ │ 001.52%← │ 004.63%→,24.69%,61.39%,13.92%,003.17%→ │ 013.57%← │ 039.79%→,50.02%,49.98%,49.93%,50.07%,29853161443.12,29826249121.48,8624115210,8648895241,6327542736,578899880,594352596,3708644975,3771711942,3810461931,1657745315,960939488,013.57%←,03.73%,10.85%,13.43%,12.69%,09.32%,03.51%,12.39%,12.61%,12.27%,09.19%,00.00%,04.23%,11.06%,06.32%,00.00%,04.49%,10.50%,06.70%,006.13%←,012.42%→,006.47%←,003.47%←,001.39%←,000.00%·,008.80%→,001.52%←,004.63%→
_fryz,uains,_wxlv,pjhc_,deotm,bqgk_,uainsdeotm,43416.727503,05.34%,002.25%←,41.05%,001.40%←,06.44%,22.13%,08.01%,26.57%,58589056309.18,000.12%←,011.72%←,01.64,006.36%←,01.69,01.59,03.33% │ 11.80% │ 11.84% │ 12.25% │ 10.80%,10.75% │ 11.99% │ 12.92% │ 11.33% │ 02.99%,02.78% │ 12.15% │ 14.31% │ 13.46% │ 07.65%,07.59% │ 12.30% │ 14.29% │ 12.87% │ 02.60%,011.33%← │ 004.20%← │ 008.29%→ │ 002.20%← │ 000.48%←,00.00% │ 05.18% │ 06.59% │ 05.35%,05.46% │ 06.70% │ 04.65% │ 00.00%,000.00%· │ 005.27%← │ 001.59%→ │ 003.98%←,24.56%,60.51%,14.94%,010.09%→ │ 005.48%→ │ 051.73%←,50.03%,49.97%,50.35%,49.65%,29312232736.56,29276823572.62,8696461827,8576548624,7091246357,466646008,456365753,3544279609,3172373687,3821970920,1383139627,1112561422,005.48%→,03.33%,11.80%,11.84%,12.25%,10.80%,02.99%,11.33%,12.92%,11.99%,10.75%,00.00%,05.18%,06.59%,05.35%,00.00%,04.65%,06.70%,05.46%,011.33%←,004.20%←,008.29%→,002.20%←,000.48%←,000.00%·,005.27%←,001.59%→,003.98%←
_fryx,uains,_wzlv,pjhc_,deotm,bqgk_,uainsdeotm,43317.646894,05.36%,002.85%←,41.05%,001.40%←,06.44%,22.10%,08.02%,26.63%,58599072346.20,000.16%←,011.72%←,01.64,006.36%←,01.69,01.59,03.33% │ 11.80% │ 11.79% │ 12.25% │ 10.87%,10.75% │ 11.99% │ 12.91% │ 11.32% │ 02.99%,02.78% │ 12.15% │ 14.25% │ 13.46% │ 07.72%,07.59% │ 12.30% │ 14.29% │ 12.87% │ 02.60%,011.33%← │ 004.16%← │ 008.67%→ │ 002.19%← │ 001.15%←,00.00% │ 05.18% │ 06.80% │ 05.29%,05.46% │ 06.70% │ 04.65% │ 00.00%,000.00%· │ 005.27%← │ 001.05%← │ 003.11%←,24.62%,60.50%,14.88%,009.53%→ │ 005.49%→ │ 050.85%←,50.04%,49.96%,50.35%,49.65%,29322248773.58,29276823572.62,8696461827,8576548624,7091246357,469390042,456365753,3544279609,3172373687,3817287006,1385569184,1113010193,005.49%→,03.33%,11.80%,11.79%,12.25%,10.87%,02.99%,11.32%,12.91%,11.99%,10.75%,00.00%,05.18%,06.80%,05.29%,00.00%,04.65%,06.70%,05.46%,011.33%←,004.16%←,008.67%→,002.19%←,001.15%←,000.00%·,005.27%←,001.05%←,003.11%←
byhkz,ptoer,__vuq,jdlf_,sinam,xgc_w,manisreotp,43221.287227,04.08%,002.59%→,37.43%,000.66%→,06.79%,22.13%,10.07%,31.28%,59756252126.62,001.44%←,002.80%←,01.74,002.56%←,01.76,01.72,05.10% │ 08.74% │ 10.80% │ 16.11% │ 09.61%,09.05% │ 13.77% │ 11.46% │ 09.99% │ 05.38%,03.77% │ 10.50% │ 13.32% │ 15.49% │ 06.76%,06.87% │ 13.46% │ 15.08% │ 10.46% │ 04.30%,005.29%→ │ 012.48%→ │ 005.75%→ │ 017.02%← │ 006.21%←,00.07% │ 01.81% │ 04.83% │ 05.28%,05.94% │ 04.28% │ 01.99% │ 00.07%,003.75%→ │ 008.73%→ │ 000.33%→ │ 002.73%→,23.01%,62.96%,14.04%,006.34%→ │ 019.89%← │ 046.27%→,50.36%,49.64%,49.83%,50.17%,30091918673.09,29664333453.53,8607890081,8665120370,6465716348,347427736,356651196,3721689845,3620493460,3821714853,1739636194,1172222481,019.89%←,05.10%,08.74%,10.80%,16.11%,09.61%,05.38%,09.99%,11.46%,13.77%,09.05%,00.07%,01.81%,04.83%,05.28%,00.07%,01.99%,04.28%,05.94%,005.29%→,012.48%→,005.75%→,017.02%←,006.21%←,003.75%→,008.73%→,000.33%→,002.73%→
_chyq,gtoer,_bkvx,jdlu_,sanif,zmpw_,!!finasreotg,43204.715222,04.93%,004.80%→,37.57%,001.41%←,07.48%,21.68%,10.03%,31.64%,59603202185.08,002.24%←,003.38%←,01.74,001.42%←,01.75,01.72,02.28% │ 12.35% │ 11.17% │ 15.33% │ 09.42%,09.22% │ 14.80% │ 10.57% │ 12.42% │ 02.43%,02.05% │ 13.74% │ 12.99% │ 14.75% │ 06.82%,06.81% │ 14.70% │ 13.90% │ 12.06% │ 02.19%,005.93%→ │ 000.57%→ │ 005.63%← │ 003.56%← │ 002.19%←,00.00% │ 02.71% │ 03.94% │ 07.05%,07.51% │ 03.68% │ 03.31% │ 00.00%,000.00%· │ 006.63%→ │ 000.11%→ │ 005.83%→,24.54%,62.84%,12.61%,011.40%→ │ 021.35%← │ 043.15%→,50.55%,49.45%,50.35%,49.65%,30132358616.86,29470843568.22,8697102660,8575907791,6490127922,415460116,436391919,3719664319,3598107412,3744211377,1732598683,1291664933,021.35%←,02.28%,12.35%,11.17%,15.33%,09.42%,02.43%,12.42%,10.57%,14.80%,09.22%,00.00%,02.71%,03.94%,07.05%,00.00%,03.31%,03.68%,07.51%,005.93%→,000.57%→,005.63%←,003.56%←,002.19%←,000.00%·,006.63%→,000.11%→,005.83%→
byhkz,ptoer,__vuq,xdlf_,sinam,jgc_w,manisreotp,43188.705275,04.08%,002.88%→,37.43%,000.66%→,06.79%,22.13%,10.07%,31.28%,59757561551.22,001.44%←,002.80%←,01.74,002.56%←,01.76,01.72,05.10% │ 08.74% │ 10.80% │ 16.11% │ 09.61%,09.05% │ 13.77% │ 11.47% │ 09.98% │ 05.38%,03.77% │ 10.50% │ 13.32% │ 15.49% │ 06.76%,06.87% │ 13.46% │ 15.08% │ 10.46% │ 04.30%,005.30%→ │ 012.45%→ │ 005.78%→ │ 017.03%← │ 006.18%←,00.07% │ 01.81% │ 04.83% │ 05.28%,05.98% │ 04.28% │ 01.99% │ 00.07%,003.75%→ │ 008.73%→ │ 000.33%→ │ 003.23%→,22.95%,62.95%,14.10%,005.93%→ │ 019.90%← │ 046.61%→,50.36%,49.64%,49.83%,50.17%,30091918673.09,29665642878.13,8607890081,8665120370,6465716348,347427736,357728876,3721689845,3620493460,3821714853,1739636194,1172222481,019.90%←,05.10%,08.74%,10.80%,16.11%,09.61%,05.38%,09.98%,11.47%,13.77%,09.05%,00.07%,01.81%,04.83%,05.28%,00.07%,01.99%,04.28%,05.98%,005.30%→,012.45%→,005.78%→,017.03%←,006.18%←,003.75%→,008.73%→,000.33%→,003.23%→
_chyx,gtoer,_bkvq,jdlu_,sanif,zmpw_,finasreotg,43176.172194,04.93%,004.91%→,37.57%,001.41%←,07.48%,21.68%,10.03%,31.64%,59612517036.95,002.28%←,003.38%←,01.74,001.42%←,01.75,01.72,02.28% │ 12.35% │ 11.17% │ 15.32% │ 09.44%,09.22% │ 14.80% │ 10.57% │ 12.42% │ 02.42%,02.05% │ 13.74% │ 12.99% │ 14.75% │ 06.82%,06.81% │ 14.70% │ 13.90% │ 12.06% │ 02.19%,005.93%→ │ 000.60%→ │ 005.62%← │ 003.56%← │ 002.42%←,00.00% │ 02.71% │ 03.94% │ 07.04%,07.51% │ 03.68% │ 03.31% │ 00.00%,000.00%· │ 006.63%→ │ 000.11%→ │ 006.01%→,24.73%,62.84%,12.43%,009.91%→ │ 021.36%← │ 045.38%→,50.56%,49.44%,50.35%,49.65%,30141673468.73,29470843568.22,8697102660,8575907791,6490127922,414966454,436391919,3719664319,3598107412,3744211377,1732598683,1291664933,021.36%←,02.28%,12.35%,11.17%,15.32%,09.44%,02.42%,12.42%,10.57%,14.80%,09.22%,00.00%,02.71%,03.94%,07.04%,00.00%,03.31%,03.68%,07.51%,005.93%→,000.60%→,005.62%←,003.56%←,002.42%←,000.00%·,006.63%→,000.11%→,006.01%→
_phbj,ctoer,_qgvz,xdiw_,snalu,kfym_,ulansreotc,43141.317099,04.97%,012.96%←,37.86%,000.86%←,06.92%,22.84%,09.03%,28.33%,59586662415.13,001.50%←,004.73%←,01.73,002.77%←,01.75,01.70,03.70% │ 09.09% │ 12.90% │ 15.01% │ 09.66%,10.16% │ 12.64% │ 14.76% │ 08.73% │ 03.34%,03.33% │ 11.04% │ 14.29% │ 14.67% │ 06.89%,07.38% │ 13.50% │ 17.56% │ 08.56% │ 02.78%,010.64%← │ 004.17%← │ 012.54%→ │ 018.81%← │ 004.93%→,00.00% │ 00.64% │ 06.70% │ 07.45%,06.71% │ 04.96% │ 00.70% │ 00.00%,000.00%· │ 018.67%← │ 009.97%← │ 014.57%←,25.23%,61.65%,13.12%,033.08%→ │ 043.38%← │ 057.10%→,50.37%,49.63%,50.21%,49.79%,30015325811.91,29571336603.22,8673529800,8599480651,6539801810,455066350,402853596,3717951302,3550146541,3945550625,1559353286,1196022626,043.38%←,03.70%,09.09%,12.90%,15.01%,09.66%,03.34%,08.73%,14.76%,12.64%,10.16%,00.00%,00.64%,06.70%,07.45%,00.00%,00.70%,04.96%,06.71%,010.64%←,004.17%←,012.54%→,018.81%←,004.93%→,000.00%·,018.67%←,009.97%←,014.57%←
_yhvj,ctoer,_bwkq,xldf_,snaiu,zgmp_,uiansreotc,43002.212184,06.27%,001.17%←,36.62%,000.12%←,06.59%,22.09%,09.99%,31.14%,59707795762.85,001.63%←,001.39%→,01.76,001.15%→,01.75,01.77,03.70% │ 10.74% │ 12.48% │ 14.15% │ 09.33%,09.08% │ 13.11% │ 11.80% │ 12.16% │ 03.46%,03.33% │ 12.12% │ 13.93% │ 13.79% │ 06.86%,06.77% │ 13.81% │ 14.70% │ 11.92% │ 02.78%,007.11%← │ 011.69%→ │ 005.79%← │ 007.99%← │ 002.77%←,00.00% │ 04.23% │ 09.73% │ 06.23%,06.19% │ 08.79% │ 04.64% │ 00.00%,000.00%· │ 007.31%→ │ 004.93%← │ 001.03%←,21.78%,64.38%,13.85%,020.33%→ │ 024.71%← │ 043.15%→,50.40%,49.60%,50.03%,49.97%,30094572123.39,29613223639.46,8641637835,8631372616,6325679774,544928921,538630231,3715001571,3767218308,3815464647,1725475965,1137866904,024.71%←,03.70%,10.74%,12.48%,14.15%,09.33%,03.46%,12.16%,11.80%,13.11%,09.08%,00.00%,04.23%,09.73%,06.23%,00.00%,04.64%,08.79%,06.19%,007.11%←,011.69%→,005.79%←,007.99%←,002.77%←,000.00%·,007.31%→,004.93%←,001.03%←
_bhvj,ctoer,_ywkq,xldf_,snaiu,zgmp_,uiansreotc,42881.648564,06.27%,001.17%←,36.62%,000.12%←,06.59%,22.09%,09.99%,31.14%,59622927648.45,001.34%←,001.39%→,01.76,001.15%→,01.75,01.77,03.71% │ 10.70% │ 12.51% │ 14.08% │ 09.34%,09.09% │ 13.12% │ 11.82% │ 12.18% │ 03.46%,03.33% │ 12.12% │ 13.93% │ 13.79% │ 06.86%,06.77% │ 13.81% │ 14.70% │ 11.92% │ 02.78%,007.13%← │ 012.12%→ │ 005.84%← │ 007.29%← │ 002.73%←,00.00% │ 04.23% │ 09.73% │ 06.23%,06.19% │ 08.79% │ 04.64% │ 00.00%,000.00%· │ 007.31%→ │ 004.93%← │ 001.03%←,21.25%,64.39%,14.36%,024.92%→ │ 024.44%← │ 037.57%→,50.33%,49.67%,50.03%,49.97%,30009704008.99,29613223639.46,8641637835,8631372616,6325679774,544928921,538630231,3715001571,3767218308,3815464647,1725475965,1137866904,024.44%←,03.71%,10.70%,12.51%,14.08%,09.34%,03.46%,12.18%,11.82%,13.12%,09.09%,00.00%,04.23%,09.73%,06.23%,00.00%,04.64%,08.79%,06.19%,007.13%←,012.12%→,005.84%←,007.29%←,002.73%←,000.00%·,007.31%→,004.93%←,001.03%←
_bhvz,ctoer,_ywkq,jldf_,snaiu,xgmp_,uiansreotc,42836.567281,06.28%,001.48%←,36.63%,000.29%→,06.59%,22.04%,10.02%,31.24%,59607366127.52,000.55%←,001.67%→,01.76,001.06%→,01.75,01.77,03.71% │ 10.71% │ 12.43% │ 14.09% │ 09.20%,09.22% │ 13.13% │ 11.85% │ 12.15% │ 03.52%,03.33% │ 12.12% │ 13.93% │ 13.79% │ 06.76%,06.87% │ 13.81% │ 14.70% │ 11.92% │ 02.78%,005.48%← │ 011.92%→ │ 004.93%← │ 007.36%← │ 000.21%→,00.00% │ 04.23% │ 09.73% │ 06.32%,06.17% │ 08.79% │ 04.64% │ 00.00%,000.00%· │ 007.31%→ │ 004.93%← │ 001.81%←,21.17%,64.40%,14.42%,026.37%→ │ 023.87%← │ 037.93%→,50.14%,49.86%,49.93%,50.07%,29885748022.72,29721618104.80,8624115210,8648895241,6327542736,546719589,538721580,3708644975,3771711942,3807032450,1729972928,1137784100,023.87%←,03.71%,10.71%,12.43%,14.09%,09.20%,03.52%,12.15%,11.85%,13.13%,09.22%,00.00%,04.23%,09.73%,06.32%,00.00%,04.64%,08.79%,06.17%,005.48%←,011.92%→,004.93%←,007.36%←,000.21%→,000.00%·,007.31%→,004.93%←,001.81%←
pyhkz,btoer,__vuq,jdlf_,sinam,xgc_w,manisreotb,42791.712435,04.08%,002.59%→,37.43%,000.66%→,06.79%,22.13%,10.07%,31.28%,60062027296.36,002.47%←,002.80%←,01.74,002.56%←,01.76,01.72,05.43% │ 08.73% │ 10.86% │ 15.92% │ 09.67%,09.00% │ 13.70% │ 11.40% │ 09.93% │ 05.35%,03.77% │ 10.50% │ 13.32% │ 15.49% │ 06.76%,06.87% │ 13.46% │ 15.08% │ 10.46% │ 04.30%,001.45%← │ 012.11%→ │ 004.73%→ │ 016.19%← │ 007.43%←,00.07% │ 01.81% │ 04.83% │ 05.28%,05.94% │ 04.28% │ 01.99% │ 00.07%,003.75%→ │ 008.73%→ │ 000.33%→ │ 002.73%→,23.87%,62.22%,13.91%,001.93%← │ 018.44%← │ 046.88%→,50.61%,49.39%,49.83%,50.17%,30397693842.83,29664333453.53,8607890081,8665120370,6465716348,347427736,356651196,3721689845,3620493460,3821714853,1739636194,1172222481,018.44%←,05.43%,08.73%,10.86%,15.92%,09.67%,05.35%,09.93%,11.40%,13.70%,09.00%,00.07%,01.81%,04.83%,05.28%,00.07%,01.99%,04.28%,05.94%,001.45%←,012.11%→,004.73%→,016.19%←,007.43%←,003.75%→,008.73%→,000.33%→,002.73%→
pyhkz,btoer,__vuq,xdlf_,sinam,jgc_w,manisreotb,42764.071326,04.08%,002.88%→,37.43%,000.66%→,06.79%,22.13%,10.07%,31.28%,60063336720.96,002.47%←,002.80%←,01.74,002.56%←,01.76,01.72,05.43% │ 08.73% │ 10.86% │ 15.92% │ 09.67%,09.00% │ 13.70% │ 11.41% │ 09.93% │ 05.35%,03.77% │ 10.50% │ 13.32% │ 15.49% │ 06.76%,06.87% │ 13.46% │ 15.08% │ 10.46% │ 04.30%,001.45%← │ 012.08%→ │ 004.76%→ │ 016.19%← │ 007.40%←,00.07% │ 01.81% │ 04.83% │ 05.28%,05.98% │ 04.28% │ 01.99% │ 00.07%,003.75%→ │ 008.73%→ │ 000.33%→ │ 003.23%→,23.81%,62.22%,13.97%,002.37%← │ 018.45%← │ 047.21%→,50.61%,49.39%,49.83%,50.17%,30397693842.83,29665642878.13,8607890081,8665120370,6465716348,347427736,357728876,3721689845,3620493460,3821714853,1739636194,1172222481,018.45%←,05.43%,08.73%,10.86%,15.92%,09.67%,05.35%,09.93%,11.41%,13.70%,09.00%,00.07%,01.81%,04.83%,05.28%,00.07%,01.99%,04.28%,05.98%,001.45%←,012.08%→,004.76%→,016.19%←,007.40%←,003.75%→,008.73%→,000.33%→,003.23%→
_mufx,hoeas,_zkwq,jcrp_,dtnil,ygbv_,lintdsaeoh,42614.277028,03.74%,003.79%←,45.00%,002.56%→,06.09%,19.12%,09.25%,32.61%,56431005166.92,001.85%→,002.76%→,01.54,000.11%→,01.54,01.54,05.60% │ 10.32% │ 12.37% │ 11.84% │ 09.41%,08.79% │ 13.04% │ 11.78% │ 11.45% │ 05.39%,04.68% │ 10.29% │ 15.49% │ 12.15% │ 06.74%,05.76% │ 14.17% │ 15.64% │ 10.81% │ 04.27%,003.72%← │ 009.91%→ │ 004.97%← │ 009.24%→ │ 007.06%←,00.00% │ 06.84% │ 02.90% │ 03.97%,03.58% │ 02.94% │ 06.11% │ 00.00%,000.00%· │ 006.56%← │ 002.01%→ │ 004.96%←,23.64%,64.20%,12.15%,026.18%→ │ 029.26%← │ 062.83%→,49.53%,50.47%,49.35%,50.65%,27952146632.40,28478858534.52,8524717978,8748292473,7772351278,328668159,316670325,2975596369,3059952006,3302927473,1598058097,1051617920,029.26%←,05.60%,10.32%,12.37%,11.84%,09.41%,05.39%,11.45%,11.78%,13.04%,08.79%,00.00%,06.84%,02.90%,03.97%,00.00%,06.11%,02.94%,03.58%,003.72%←,009.91%→,004.97%←,009.24%→,007.06%←,000.00%·,006.56%←,002.01%→,004.96%←
_mufq,hoeas,_zkwx,jcrp_,dtnil,ygbv_,lintdsaeoh,42612.860723,03.74%,003.91%←,45.00%,002.56%→,06.09%,19.12%,09.25%,32.61%,56395455531.30,001.97%→,002.76%→,01.54,000.11%→,01.54,01.54,05.60% │ 10.32% │ 12.33% │ 11.85% │ 09.40%,08.80% │ 13.05% │ 11.79% │ 11.46% │ 05.40%,04.68% │ 10.29% │ 15.49% │ 12.15% │ 06.74%,05.76% │ 14.17% │ 15.64% │ 10.81% │ 04.27%,003.72%← │ 009.91%→ │ 004.57%← │ 009.23%→ │ 006.87%←,00.00% │ 06.84% │ 02.90% │ 03.98%,03.58% │ 02.94% │ 06.11% │ 00.00%,000.00%· │ 006.56%← │ 002.01%→ │ 005.28%←,23.43%,64.24%,12.33%,027.88%→ │ 029.25%← │ 060.92%→,49.50%,50.50%,49.35%,50.65%,27916596996.78,28478858534.52,8524717978,8748292473,7772351278,329062415,316670325,2975596369,3059952006,3302927473,1598058097,1051617920,029.25%←,05.60%,10.32%,12.33%,11.85%,09.40%,05.40%,11.46%,11.79%,13.05%,08.80%,00.00%,06.84%,02.90%,03.98%,00.00%,06.11%,02.94%,03.58%,003.72%←,009.91%→,004.57%←,009.23%→,006.87%←,000.00%·,006.56%←,002.01%→,005.28%←
_bufj,hoeas,_kvyq,gprw_,dtnil,xmcz_,hoeasdtnil,42481.565815,03.94%,002.65%←,46.29%,002.49%→,06.76%,18.19%,08.96%,33.01%,56643367180.07,002.34%→,004.01%→,01.51,000.79%→,01.50,01.51,05.48% │ 09.60% │ 13.25% │ 11.68% │ 09.39%,09.15% │ 12.27% │ 14.16% │ 09.74% │ 05.27%,04.68% │ 09.93% │ 15.83% │ 12.16% │ 06.78%,06.07% │ 13.55% │ 17.35% │ 09.41% │ 04.27%,004.14%← │ 001.42%→ │ 006.42%→ │ 004.83%→ │ 002.63%←,00.00% │ 03.45% │ 06.30% │ 03.46%,03.33% │ 05.35% │ 03.86% │ 00.00%,000.00%· │ 005.59%→ │ 007.50%← │ 000.33%←,23.23%,64.08%,12.68%,041.59%→ │ 028.42%← │ 038.81%→,49.41%,50.59%,49.37%,50.63%,27986829688.78,28656537491.29,8527439581,8745570870,7995031241,344639932,335753828,2847031502,2965836910,3141572931,1548127483,1167679795,028.42%←,05.48%,09.60%,13.25%,11.68%,09.39%,05.27%,09.74%,14.16%,12.27%,09.15%,00.00%,03.45%,06.30%,03.46%,00.00%,03.86%,05.35%,03.33%,004.14%←,001.42%→,006.42%→,004.83%→,002.63%←,000.00%·,005.59%→,007.50%←,000.33%←
_bufq,hoeas,_kvyj,gprw_,dtnil,xmcz_,hoeasdtnil,42449.839574,03.94%,002.63%←,46.29%,002.49%→,06.76%,18.19%,08.96%,33.01%,56636041497.71,002.36%→,004.01%→,01.51,000.79%→,01.50,01.51,05.48% │ 09.60% │ 13.24% │ 11.68% │ 09.40%,09.15% │ 12.27% │ 14.16% │ 09.74% │ 05.27%,04.68% │ 09.93% │ 15.83% │ 12.16% │ 06.78%,06.07% │ 13.55% │ 17.35% │ 09.41% │ 04.27%,004.14%← │ 001.49%→ │ 006.53%→ │ 004.81%→ │ 002.71%←,00.00% │ 03.45% │ 06.30% │ 03.46%,03.33% │ 05.35% │ 03.86% │ 00.00%,000.00%· │ 005.59%→ │ 007.50%← │ 000.29%←,23.03%,64.08%,12.89%,043.00%→ │ 028.39%← │ 036.25%→,49.40%,50.60%,49.37%,50.63%,27979504006.42,28656537491.29,8527439581,8745570870,7995031241,344596242,335753828,2847031502,2965836910,3141572931,1548127483,1167679795,028.39%←,05.48%,09.60%,13.24%,11.68%,09.40%,05.27%,09.74%,14.16%,12.27%,09.15%,00.00%,03.45%,06.30%,03.46%,00.00%,03.86%,05.35%,03.33%,004.14%←,001.49%→,006.53%→,004.81%→,002.71%←,000.00%·,005.59%→,007.50%←,000.29%←
_yhkf,ctoed,_bmvz,xgsp_,rnaiu,qljw_,ctoedrnaiu,42118.647069,05.94%,005.25%←,38.78%,000.89%←,06.35%,22.25%,09.40%,29.70%,58748797026.29,001.40%←,008.98%→,01.70,006.95%→,01.64,01.76,03.72% │ 10.65% │ 13.61% │ 13.76% │ 08.61%,09.07% │ 13.31% │ 12.20% │ 11.59% │ 03.49%,03.33% │ 12.12% │ 14.84% │ 13.79% │ 06.14%,06.82% │ 13.81% │ 14.95% │ 11.42% │ 02.78%,006.62%← │ 008.10%→ │ 011.57%← │ 003.34%← │ 005.01%→,00.00% │ 04.23% │ 07.57% │ 07.07%,06.70% │ 06.77% │ 04.37% │ 00.00%,000.00%· │ 002.58%← │ 011.01%← │ 002.00%←,25.07%,60.86%,14.07%,006.33%→ │ 008.36%← │ 012.39%→,50.35%,49.65%,50.22%,49.78%,29578321651.32,29170475374.97,8674881282,8598129169,6698605942,525861660,499617114,3387499196,3721794515,3843869408,1623941062,1096583489,008.36%←,03.72%,10.65%,13.61%,13.76%,08.61%,03.49%,11.59%,12.20%,13.31%,09.07%,00.00%,04.23%,07.57%,07.07%,00.00%,04.37%,06.77%,06.70%,006.62%←,008.10%→,011.57%←,003.34%←,005.01%→,000.00%·,002.58%←,011.01%←,002.00%←
_bhkf,ctoed,_ymvz,xgsp_,rnaiu,qljw_,ctoedrnaiu,42111.435928,05.94%,005.25%←,38.78%,000.89%←,06.35%,22.25%,09.40%,29.70%,58697698744.62,001.22%←,008.98%→,01.70,006.95%→,01.64,01.76,03.72% │ 10.66% │ 13.62% │ 13.68% │ 08.62%,09.08% │ 13.33% │ 12.21% │ 11.60% │ 03.49%,03.33% │ 12.12% │ 14.84% │ 13.79% │ 06.14%,06.82% │ 13.81% │ 14.95% │ 11.42% │ 02.78%,006.64%← │ 008.08%→ │ 011.57%← │ 002.67%← │ 005.01%→,00.00% │ 04.23% │ 07.57% │ 07.07%,06.70% │ 06.77% │ 04.37% │ 00.00%,000.00%· │ 002.58%← │ 011.01%← │ 002.00%←,24.70%,60.83%,14.47%,009.36%→ │ 008.09%← │ 007.26%→,50.30%,49.70%,50.22%,49.78%,29527223369.65,29170475374.97,8674881282,8598129169,6698605942,525861660,499617114,3387499196,3721794515,3843869408,1623941062,1096583489,008.09%←,03.72%,10.66%,13.62%,13.68%,08.62%,03.49%,11.60%,12.21%,13.33%,09.08%,00.00%,04.23%,07.57%,07.07%,00.00%,04.37%,06.77%,06.70%,006.64%←,008.08%→,011.57%←,002.67%←,005.01%→,000.00%·,002.58%←,011.01%←,002.00%←
_chbj,gtoer,_ykvq,xdlu_,sinaf,zmpw_,fanisreotg,41888.939704,05.32%,002.90%←,37.69%,001.57%←,06.12%,20.85%,10.01%,32.43%,59706117126.87,002.51%←,003.14%←,01.73,001.13%←,01.74,01.72,02.28% │ 12.77% │ 11.25% │ 14.91% │ 09.41%,09.16% │ 14.49% │ 10.56% │ 12.76% │ 02.42%,02.05% │ 13.83% │ 12.99% │ 14.67% │ 06.86%,06.77% │ 14.01% │ 13.90% │ 12.74% │ 02.19%,005.73%→ │ 000.09%← │ 006.51%← │ 002.93%← │ 002.78%←,00.00% │ 04.39% │ 03.94% │ 07.35%,07.06% │ 03.68% │ 05.06% │ 00.00%,000.00%· │ 005.90%→ │ 000.11%→ │ 007.82%←,24.20%,62.88%,12.91%,014.11%→ │ 022.11%← │ 039.54%→,50.62%,49.38%,50.39%,49.61%,30223165903.18,29482951223.69,8703775181,8569235270,6510969203,466347184,453198838,3704886891,3592043559,3601710087,1728602584,1057567655,022.11%←,02.28%,12.77%,11.25%,14.91%,09.41%,02.42%,12.76%,10.56%,14.49%,09.16%,00.00%,04.39%,03.94%,07.35%,00.00%,05.06%,03.68%,07.06%,005.73%→,000.09%←,006.51%←,002.93%←,002.78%←,000.00%·,005.90%→,000.11%→,007.82%←
_chbj,gtoer,_ykvq,zdlu_,sinaf,xmpw_,fanisreotg,41874.597634,05.32%,002.96%←,37.69%,001.57%←,06.12%,20.85%,10.01%,32.43%,59702805633.35,002.52%←,003.14%←,01.73,001.13%←,01.74,01.72,02.28% │ 12.77% │ 11.25% │ 14.91% │ 09.41%,09.16% │ 14.49% │ 10.55% │ 12.76% │ 02.42%,02.05% │ 13.83% │ 12.99% │ 14.67% │ 06.86%,06.77% │ 14.01% │ 13.90% │ 12.74% │ 02.19%,005.74%→ │ 000.08%← │ 006.64%← │ 002.93%← │ 002.72%←,00.00% │ 04.39% │ 03.94% │ 07.35%,07.05% │ 03.68% │ 05.06% │ 00.00%,000.00%· │ 005.90%→ │ 000.11%→ │ 007.94%←,24.14%,62.89%,12.97%,013.67%→ │ 022.10%← │ 039.98%→,50.62%,49.38%,50.39%,49.61%,30223165903.18,29479639730.17,8703775181,8569235270,6510969203,466347184,452920762,3704886891,3592043559,3601710087,1728602584,1057567655,022.10%←,02.28%,12.77%,11.25%,14.91%,09.41%,02.42%,12.76%,10.55%,14.49%,09.16%,00.00%,04.39%,03.94%,07.35%,00.00%,05.06%,03.68%,07.05%,005.74%→,000.08%←,006.64%←,002.93%←,002.72%←,000.00%·,005.90%→,000.11%→,007.94%←
_mswy,lintg,_jfcp,qdub_,raeoh,zxkv_,lintgraeoh,41522.318037,03.58%,003.90%←,43.32%,002.13%←,06.62%,20.48%,09.04%,30.63%,57902017450.45,001.90%→,010.72%→,01.58,007.47%→,01.52,01.64,05.18% │ 10.59% │ 12.22% │ 12.33% │ 09.20%,09.86% │ 12.01% │ 13.58% │ 09.82% │ 05.22%,04.27% │ 10.42% │ 16.12% │ 13.81% │ 05.90%,06.76% │ 12.28% │ 15.49% │ 10.26% │ 04.68%,000.68%→ │ 007.89%← │ 009.95%→ │ 002.64%← │ 006.74%→,00.00% │ 04.94% │ 02.98% │ 04.21%,04.26% │ 02.90% │ 04.83% │ 00.00%,000.00%· │ 003.80%← │ 006.76%← │ 002.38%←,24.52%,62.49%,12.99%,043.39%← │ 033.41%→ │ 248.62%←,49.52%,50.48%,50.53%,49.47%,28673181994.45,29228835456.00,8727391741,8545618710,7482914069,315182414,303340337,2983354565,3341631019,3536859346,1561774752,1143950505,033.41%→,05.18%,10.59%,12.22%,12.33%,09.20%,05.22%,09.82%,13.58%,12.01%,09.86%,00.00%,04.94%,02.98%,04.21%,00.00%,04.83%,02.90%,04.26%,000.68%→,007.89%←,009.95%→,002.64%←,006.74%→,000.00%·,003.80%←,006.76%←,002.38%←
_mswy,lintp,_jfcg,qdub_,raeoh,zxkv_,lintpraeoh,41504.104050,03.53%,000.76%←,43.32%,002.13%←,06.62%,20.48%,09.04%,30.63%,57756650195.36,002.40%→,010.72%→,01.58,007.47%→,01.52,01.64,05.14% │ 10.62% │ 12.27% │ 12.35% │ 09.03%,09.89% │ 12.04% │ 13.61% │ 09.84% │ 05.23%,04.27% │ 10.42% │ 16.12% │ 13.81% │ 05.90%,06.76% │ 12.28% │ 15.49% │ 10.26% │ 04.68%,001.76%→ │ 007.88%← │ 009.87%→ │ 002.54%← │ 008.69%→,00.00% │ 04.94% │ 02.98% │ 03.93%,04.26% │ 02.90% │ 04.83% │ 00.00%,000.00%· │ 003.80%← │ 006.76%← │ 004.44%→,24.59%,62.56%,12.85%,043.41%← │ 033.62%→ │ 242.64%←,49.39%,50.61%,50.53%,49.47%,28527814739.36,29228835456.00,8727391741,8545618710,7482914069,305631226,303340337,2983354565,3341631019,3536859346,1561774752,1143950505,033.62%→,05.14%,10.62%,12.27%,12.35%,09.03%,05.23%,09.84%,13.61%,12.04%,09.89%,00.00%,04.94%,02.98%,03.93%,00.00%,04.83%,02.90%,04.26%,001.76%→,007.88%←,009.87%→,002.54%←,008.69%→,000.00%·,003.80%←,006.76%←,004.44%→
_mswy,lintg,_jfcp,zdub_,raeoh,qxkv_,lintgraeoh,41472.198060,03.58%,003.85%←,43.32%,002.13%←,06.62%,20.48%,09.04%,30.63%,57929618967.80,001.99%→,010.72%→,01.58,007.47%→,01.52,01.64,05.18% │ 10.59% │ 12.22% │ 12.32% │ 09.19%,09.86% │ 12.00% │ 13.62% │ 09.81% │ 05.21%,04.27% │ 10.42% │ 16.12% │ 13.81% │ 05.90%,06.76% │ 12.28% │ 15.49% │ 10.26% │ 04.68%,000.68%→ │ 007.88%← │ 010.27%→ │ 002.65%← │ 006.73%→,00.00% │ 04.94% │ 02.98% │ 04.21%,04.26% │ 02.90% │ 04.83% │ 00.00%,000.00%· │ 003.80%← │ 006.76%← │ 002.26%←,24.60%,62.46%,12.94%,042.07%← │ 033.42%→ │ 254.79%←,49.50%,50.50%,50.53%,49.47%,28673181994.45,29256436973.35,8727391741,8545618710,7482914069,315182414,303511465,2983354565,3341631019,3536859346,1561774752,1143950505,033.42%→,05.18%,10.59%,12.22%,12.32%,09.19%,05.21%,09.81%,13.62%,12.00%,09.86%,00.00%,04.94%,02.98%,04.21%,00.00%,04.83%,02.90%,04.26%,000.68%→,007.88%←,010.27%→,002.65%←,006.73%→,000.00%·,003.80%←,006.76%←,002.26%←
_mswy,lintp,_jfcg,zdub_,raeoh,qxkv_,lintpraeoh,41444.424477,03.53%,000.70%←,43.32%,002.13%←,06.62%,20.48%,09.04%,30.63%,57784251712.71,002.49%→,010.72%→,01.58,007.47%→,01.52,01.64,05.13% │ 10.61% │ 12.26% │ 12.34% │ 09.02%,09.88% │ 12.03% │ 13.65% │ 09.84% │ 05.23%,04.27% │ 10.42% │ 16.12% │ 13.81% │ 05.90%,06.76% │ 12.28% │ 15.49% │ 10.26% │ 04.68%,001.76%→ │ 007.87%← │ 010.19%→ │ 002.55%← │ 008.69%→,00.00% │ 04.94% │ 02.98% │ 03.93%,04.26% │ 02.90% │ 04.83% │ 00.00%,000.00%· │ 003.80%← │ 006.76%← │ 004.56%→,24.67%,62.54%,12.79%,042.09%← │ 033.63%→ │ 248.70%←,49.37%,50.63%,50.53%,49.47%,28527814739.36,29256436973.35,8727391741,8545618710,7482914069,305631226,303511465,2983354565,3341631019,3536859346,1561774752,1143950505,033.63%→,05.13%,10.61%,12.26%,12.34%,09.02%,05.23%,09.84%,13.65%,12.03%,09.88%,00.00%,04.94%,02.98%,03.93%,00.00%,04.83%,02.90%,04.26%,001.76%→,007.87%←,010.19%→,002.55%←,008.69%→,000.00%·,003.80%←,006.76%←,004.56%→
_whgj,ptoer,_ybvq,kdlu_,sinaf,zmcx_,?fanisreotp,41349.642565,05.20%,000.03%←,37.52%,000.61%←,06.58%,20.60%,10.46%,33.69%,59334965078.01,000.64%→,002.58%→,01.74,002.35%→,01.72,01.76,02.40% │ 10.62% │ 11.73% │ 15.50% │ 09.58%,10.25% │ 14.56% │ 12.05% │ 10.87% │ 02.43%,02.15% │ 12.19% │ 13.86% │ 15.10% │ 06.86%,07.32% │ 14.01% │ 15.08% │ 11.24% │ 02.19%,001.25%→ │ 002.28%→ │ 002.66%→ │ 006.51%← │ 006.52%→,00.00% │ 02.24% │ 04.95% │ 07.46%,07.87% │ 04.28% │ 02.43% │ 00.00%,000.00%· │ 000.13%← │ 006.44%← │ 002.44%→,23.90%,62.66%,13.44%,030.00%→ │ 021.88%← │ 029.00%→,49.84%,50.16%,50.15%,49.85%,29572823362.61,29762141715.40,8662872017,8610138434,6480778484,448842390,448699275,3615662046,3711459123,3557785052,1807307684,1136520127,021.88%←,02.40%,10.62%,11.73%,15.50%,09.58%,02.43%,10.87%,12.05%,14.56%,10.25%,00.00%,02.24%,04.95%,07.46%,00.00%,02.43%,04.28%,07.87%,001.25%→,002.28%→,002.66%→,006.51%←,006.52%→,000.00%·,000.13%←,006.44%←,002.44%→
_whgq,ptoer,_ybvj,kdlu_,sinaf,zmcx_,fanisreotp,41323.626708,05.20%,000.05%←,37.52%,000.61%←,06.58%,20.60%,10.46%,33.69%,59332185090.01,000.65%→,002.58%→,01.74,002.35%→,01.72,01.76,02.40% │ 10.62% │ 11.73% │ 15.51% │ 09.58%,10.25% │ 14.56% │ 12.05% │ 10.87% │ 02.43%,02.15% │ 12.19% │ 13.86% │ 15.10% │ 06.86%,07.32% │ 14.01% │ 15.08% │ 11.24% │ 02.19%,001.25%→ │ 002.28%→ │ 002.72%→ │ 006.52%← │ 006.51%→,00.00% │ 02.24% │ 04.95% │ 07.47%,07.87% │ 04.28% │ 02.43% │ 00.00%,000.00%· │ 000.13%← │ 006.44%← │ 002.41%→,23.72%,62.65%,13.62%,031.27%→ │ 021.86%← │ 026.71%→,49.84%,50.16%,50.15%,49.85%,29570043374.61,29762141715.40,8662872017,8610138434,6480778484,448936548,448699275,3615662046,3711459123,3557785052,1807307684,1136520127,021.86%←,02.40%,10.62%,11.73%,15.51%,09.58%,02.43%,10.87%,12.05%,14.56%,10.25%,00.00%,02.24%,04.95%,07.47%,00.00%,02.43%,04.28%,07.87%,001.25%→,002.28%→,002.72%→,006.52%←,006.51%→,000.00%·,000.13%←,006.44%←,002.41%→
_cspv,lnrtd,_xgmy,qufb_,iaeoh,zkwj_,lnrtdiaeoh,40936.278501,03.64%,000.05%←,52.84%,001.83%←,07.35%,15.33%,05.66%,26.95%,55656807536.21,001.13%←,016.53%→,01.37,007.11%→,01.32,01.42,05.27% │ 09.81% │ 12.45% │ 12.66% │ 10.09%,10.79% │ 11.79% │ 12.28% │ 09.26% │ 05.60%,04.27% │ 11.01% │ 15.03% │ 13.55% │ 06.60%,07.82% │ 11.80% │ 15.85% │ 09.41% │ 04.68%,006.00%→ │ 005.96%← │ 001.40%← │ 007.42%← │ 006.50%→,00.00% │ 02.99% │ 04.55% │ 04.00%,04.20% │ 04.08% │ 03.69% │ 00.00%,000.00%· │ 005.22%→ │ 005.59%← │ 002.08%→,23.83%,63.29%,12.88%,077.28%← │ 031.03%→ │ 150.98%←,50.28%,49.72%,50.45%,49.55%,27984437549.75,27672369986.46,8714632630,8558377821,9126893391,314176268,314032588,2129602279,2551403983,2647493792,976918431,1270338848,031.03%→,05.27%,09.81%,12.45%,12.66%,10.09%,05.60%,09.26%,12.28%,11.79%,10.79%,00.00%,02.99%,04.55%,04.00%,00.00%,03.69%,04.08%,04.20%,006.00%→,005.96%←,001.40%←,007.42%←,006.50%→,000.00%·,005.22%→,005.59%←,002.08%→
_csmy,lnrtd,_xgpv,quwb_,iaeoh,zkfj_,lnrtdiaeoh,40888.138179,03.64%,000.05%←,52.84%,001.83%←,07.35%,15.33%,05.66%,26.95%,55695842864.06,000.81%←,016.53%→,01.37,007.11%→,01.32,01.42,05.21% │ 09.79% │ 12.26% │ 12.76% │ 10.17%,10.78% │ 11.76% │ 12.43% │ 09.32% │ 05.50%,04.27% │ 11.01% │ 15.03% │ 13.55% │ 06.60%,07.82% │ 11.80% │ 15.85% │ 09.41% │ 04.68%,005.21%→ │ 005.03%← │ 001.38%→ │ 008.46%← │ 005.60%→,00.00% │ 02.99% │ 04.55% │ 04.00%,04.20% │ 04.08% │ 03.69% │ 00.00%,000.00%· │ 005.22%→ │ 005.59%← │ 002.08%→,24.89%,62.92%,12.18%,115.60%← │ 031.31%→ │ 064.27%←,50.20%,49.80%,50.45%,49.55%,27960233645.77,27735609218.29,8714632630,8558377821,9126893391,314176268,314032588,2129602279,2551403983,2647493792,976918431,1270338848,031.31%→,05.21%,09.79%,12.26%,12.76%,10.17%,05.50%,09.32%,12.43%,11.76%,10.78%,00.00%,02.99%,04.55%,04.00%,00.00%,03.69%,04.08%,04.20%,005.21%→,005.03%←,001.38%→,008.46%←,005.60%→,000.00%·,005.22%→,005.59%←,002.08%→
_csmy,lnrtd,_xgvp,zuwb_,aieoh,qjfk_,lnrtdaieoh,40210.606201,03.64%,000.33%→,52.84%,001.83%←,07.29%,15.47%,05.70%,26.93%,56186513448.73,001.95%←,016.53%→,01.37,007.11%→,01.32,01.42,05.29% │ 09.71% │ 12.34% │ 11.17% │ 11.96%,11.78% │ 10.62% │ 12.03% │ 09.62% │ 05.47%,04.27% │ 11.01% │ 15.03% │ 12.48% │ 07.67%,08.50% │ 10.60% │ 15.85% │ 09.93% │ 04.68%,003.25%→ │ 000.97%← │ 002.59%← │ 005.16%← │ 001.59%←,00.00% │ 02.99% │ 04.55% │ 04.00%,04.37% │ 04.08% │ 03.45% │ 00.00%,000.00%· │ 003.90%→ │ 005.59%← │ 003.44%→,24.93%,62.66%,12.41%,109.78%← │ 030.32%→ │ 073.25%←,50.48%,49.52%,50.45%,49.55%,28364013729.66,27822499719.07,8714632630,8558377821,9126893391,314176268,315212799,2129602279,2551403983,2671838295,984848190,1258488317,030.32%→,05.29%,09.71%,12.34%,11.17%,11.96%,05.47%,09.62%,12.03%,10.62%,11.78%,00.00%,02.99%,04.55%,04.00%,00.00%,03.45%,04.08%,04.37%,003.25%→,000.97%←,002.59%←,005.16%←,001.59%←,000.00%·,003.90%→,005.59%←,003.44%→
_csvp,lnrtd,_zgmy,xufb_,aieoh,qjwk_,lnrtdaieoh,39702.536827,03.59%,000.87%←,52.83%,001.57%←,07.32%,15.53%,05.68%,26.78%,56029523175.55,001.74%←,017.23%→,01.37,007.32%→,01.32,01.43,05.29% │ 09.66% │ 12.47% │ 11.17% │ 11.84%,11.95% │ 10.62% │ 11.86% │ 09.56% │ 05.58%,04.27% │ 10.95% │ 15.03% │ 12.48% │ 07.67%,08.56% │ 10.60% │ 15.85% │ 09.93% │ 04.68%,005.14%→ │ 001.06%← │ 005.18%← │ 005.20%← │ 000.97%→,00.00% │ 02.88% │ 04.55% │ 04.00%,04.17% │ 04.08% │ 03.45% │ 00.00%,000.00%· │ 008.18%→ │ 005.59%← │ 000.92%←,24.38%,62.87%,12.75%,075.88%← │ 030.41%→ │ 148.33%←,50.43%,49.57%,50.39%,49.61%,28256764237.75,27772758937.80,8703782526,8569227925,9125995338,311642684,308968308,2120269403,2561634912,2683028802,981291875,1264418893,030.41%→,05.29%,09.66%,12.47%,11.17%,11.84%,05.58%,09.56%,11.86%,10.62%,11.95%,00.00%,02.88%,04.55%,04.00%,00.00%,03.45%,04.08%,04.17%,005.14%→,001.06%←,005.18%←,005.20%←,000.97%→,000.00%·,008.18%→,005.59%←,000.92%←
_wmpq,cteoh,_ygdz,xsrf_,lniau,kvbj_,cteohlniau,38457.266076,05.11%,000.32%→,40.60%,002.35%←,06.61%,20.82%,11.11%,34.79%,57706388327.13,000.79%←,007.39%→,01.65,006.28%→,01.60,01.70,03.80% │ 10.75% │ 14.50% │ 13.62% │ 07.53%,07.54% │ 14.68% │ 13.94% │ 10.04% │ 03.59%,03.33% │ 12.19% │ 16.62% │ 13.53% │ 04.91%,05.20% │ 15.01% │ 15.74% │ 10.69% │ 02.78%,005.78%← │ 007.06%← │ 003.99%← │ 007.23%→ │ 000.21%→,00.00% │ 02.24% │ 08.19% │ 04.98%,04.69% │ 08.54% │ 02.52% │ 00.00%,000.00%· │ 001.53%← │ 001.35%← │ 003.20%→,25.37%,60.75%,13.88%,059.38%→ │ 025.96%← │ 084.79%←,50.20%,49.80%,50.58%,49.42%,28967172853.03,28739215474.10,8736716862,8536293589,7013456589,440963691,442370185,3266968499,3527474565,3597076866,1919156746,1141442860,025.96%←,03.80%,10.75%,14.50%,13.62%,07.53%,03.59%,10.04%,13.94%,14.68%,07.54%,00.00%,02.24%,08.19%,04.98%,00.00%,02.52%,08.54%,04.69%,005.78%←,007.06%←,003.99%←,007.23%→,000.21%→,000.00%·,001.53%←,001.35%←,003.20%→
_wmpz,cteoh,_ygdq,xsrf_,lniau,kvbj_,cteohlniau,38454.896037,05.11%,000.38%→,40.60%,002.35%←,06.61%,20.82%,11.11%,34.79%,57708344036.35,000.80%←,007.39%→,01.65,006.28%→,01.60,01.70,03.80% │ 10.75% │ 14.50% │ 13.62% │ 07.52%,07.54% │ 14.68% │ 13.94% │ 10.04% │ 03.59%,03.33% │ 12.19% │ 16.62% │ 13.53% │ 04.91%,05.20% │ 15.01% │ 15.74% │ 10.69% │ 02.78%,005.78%← │ 007.07%← │ 004.03%← │ 007.23%→ │ 000.24%→,00.00% │ 02.24% │ 08.19% │ 04.97%,04.69% │ 08.54% │ 02.52% │ 00.00%,000.00%· │ 001.53%← │ 001.35%← │ 003.38%→,25.41%,60.75%,13.83%,059.16%→ │ 025.97%← │ 083.94%←,50.20%,49.80%,50.58%,49.42%,28969128562.25,28739215474.10,8736716862,8536293589,7013456589,440677985,442370185,3266968499,3527474565,3597076866,1919156746,1141442860,025.97%←,03.80%,10.75%,14.50%,13.62%,07.52%,03.59%,10.04%,13.94%,14.68%,07.54%,00.00%,02.24%,08.19%,04.97%,00.00%,02.52%,08.54%,04.69%,005.78%←,007.07%←,004.03%←,007.23%→,000.24%→,000.00%·,001.53%←,001.35%←,003.38%→
_frsx,uainl,_jbvk,qpmw_,hoetc,zdgy_,uainlhoetc,38251.576257,05.11%,000.32%←,40.60%,002.29%→,06.61%,20.82%,11.11%,34.79%,57706388327.13,000.79%→,007.97%←,01.65,006.70%←,01.70,01.60,03.59% │ 10.04% │ 13.94% │ 14.68% │ 07.54%,07.53% │ 13.62% │ 14.50% │ 10.75% │ 03.80%,02.78% │ 10.69% │ 15.74% │ 15.01% │ 05.20%,04.91% │ 13.53% │ 16.62% │ 12.19% │ 03.33%,005.46%→ │ 006.59%→ │ 003.84%→ │ 007.79%← │ 000.21%←,00.00% │ 02.52% │ 08.54% │ 04.69%,04.98% │ 08.19% │ 02.24% │ 00.00%,000.00%· │ 001.50%→ │ 001.33%→ │ 003.31%←,25.37%,60.75%,13.88%,146.19%← │ 020.61%→ │ 045.89%→,49.80%,50.20%,49.42%,50.58%,28739215474.10,28967172853.03,8536293589,8736716862,7013456589,442370185,440963691,3527474565,3266968499,3597076866,1919156746,1141442860,020.61%→,03.59%,10.04%,13.94%,14.68%,07.54%,03.80%,10.75%,14.50%,13.62%,07.53%,00.00%,02.52%,08.54%,04.69%,00.00%,02.24%,08.19%,04.98%,005.46%→,006.59%→,003.84%→,007.79%←,000.21%←,000.00%·,001.50%→,001.33%→,003.31%←
_frsx,uainl,_jbvk,zpmw_,hoetc,qdgy_,uainlhoetc,38248.963661,05.11%,000.38%←,40.60%,002.29%→,06.61%,20.82%,11.11%,34.79%,57708344036.35,000.79%→,007.97%←,01.65,006.70%←,01.70,01.60,03.59% │ 10.04% │ 13.94% │ 14.68% │ 07.54%,07.52% │ 13.62% │ 14.50% │ 10.75% │ 03.80%,02.78% │ 10.69% │ 15.74% │ 15.01% │ 05.20%,04.91% │ 13.53% │ 16.62% │ 12.19% │ 03.33%,005.46%→ │ 006.60%→ │ 003.87%→ │ 007.80%← │ 000.24%←,00.00% │ 02.52% │ 08.54% │ 04.69%,04.97% │ 08.19% │ 02.24% │ 00.00%,000.00%· │ 001.50%→ │ 001.33%→ │ 003.50%←,25.41%,60.75%,13.83%,144.84%← │ 020.62%→ │ 045.63%→,49.80%,50.20%,49.42%,50.58%,28739215474.10,28969128562.25,8536293589,8736716862,7013456589,442370185,440677985,3527474565,3266968499,3597076866,1919156746,1141442860,020.62%→,03.59%,10.04%,13.94%,14.68%,07.54%,03.80%,10.75%,14.50%,13.62%,07.52%,00.00%,02.52%,08.54%,04.69%,00.00%,02.24%,08.19%,04.97%,005.46%→,006.60%→,003.87%→,007.80%←,000.24%←,000.00%·,001.50%→,001.33%→,003.50%←
_vmpz,cteoh,_ygdj,ksrf_,lniau,xbwq_,cteohlniau,37240.534129,05.04%,003.11%←,40.58%,000.39%←,06.47%,20.40%,11.40%,35.85%,58026606886.84,000.90%→,007.32%→,01.65,005.05%→,01.61,01.69,03.78% │ 09.99% │ 14.93% │ 13.57% │ 07.51%,07.51% │ 15.29% │ 13.91% │ 09.98% │ 03.53%,03.33% │ 11.58% │ 16.62% │ 13.53% │ 05.04%,05.20% │ 15.56% │ 15.81% │ 10.56% │ 02.78%,007.06%← │ 000.03%← │ 007.37%← │ 011.30%→ │ 000.03%→,00.00% │ 01.81% │ 08.19% │ 05.33%,04.76% │ 08.09% │ 02.05% │ 00.00%,000.00%· │ 003.00%→ │ 006.40%← │ 000.20%←,25.54%,61.10%,13.36%,064.99%→ │ 025.85%← │ 113.95%←,49.77%,50.23%,50.10%,49.90%,28882123750.48,29144483136.36,8653250258,8619760193,7008934093,442362389,429006004,3270346574,3528618986,3523342435,1969376901,1117670254,025.85%←,03.78%,09.99%,14.93%,13.57%,07.51%,03.53%,09.98%,13.91%,15.29%,07.51%,00.00%,01.81%,08.19%,05.33%,00.00%,02.05%,08.09%,04.76%,007.06%←,000.03%←,007.37%←,011.30%→,000.03%→,000.00%·,003.00%→,006.40%←,000.20%←
_vmpj,cteoh,_ygdz,ksrf_,lniau,xbwq_,cteohlniau,37234.898796,05.05%,003.27%←,40.58%,000.39%←,06.47%,20.40%,11.40%,35.85%,58023416349.17,000.91%→,007.32%→,01.65,005.05%→,01.61,01.69,03.78% │ 09.99% │ 14.93% │ 13.56% │ 07.51%,07.51% │ 15.29% │ 13.91% │ 09.98% │ 03.53%,03.33% │ 11.58% │ 16.62% │ 13.53% │ 05.04%,05.20% │ 15.56% │ 15.81% │ 10.56% │ 02.78%,007.06%← │ 000.02%← │ 007.36%← │ 011.32%→ │ 000.03%→,00.00% │ 01.81% │ 08.19% │ 05.35%,04.76% │ 08.09% │ 02.05% │ 00.00%,000.00%· │ 003.00%→ │ 006.40%← │ 000.59%←,25.69%,61.10%,13.21%,064.22%→ │ 025.84%← │ 110.49%←,49.77%,50.23%,50.10%,49.90%,28878933212.81,29144483136.36,8653250258,8619760193,7008934093,443040111,429006004,3270346574,3528618986,3523342435,1969376901,1117670254,025.84%←,03.78%,09.99%,14.93%,13.56%,07.51%,03.53%,09.98%,13.91%,15.29%,07.51%,00.00%,01.81%,08.19%,05.35%,00.00%,02.05%,08.09%,04.76%,007.06%←,000.02%←,007.36%←,011.32%→,000.03%→,000.00%·,003.00%→,006.40%←,000.59%←
_frsk,uainl,_qwbx,zpmv_,hoetc,jdgy_,uainlhoetc,37018.094614,05.04%,003.02%→,40.58%,000.39%→,06.47%,20.40%,11.40%,35.85%,58026606886.84,000.91%←,007.90%←,01.65,005.32%←,01.69,01.61,03.53% │ 09.98% │ 13.91% │ 15.29% │ 07.51%,07.51% │ 13.57% │ 14.93% │ 09.99% │ 03.78%,02.78% │ 10.56% │ 15.81% │ 15.56% │ 05.20%,05.04% │ 13.53% │ 16.62% │ 11.58% │ 03.33%,006.60%→ │ 000.03%→ │ 006.86%→ │ 012.74%← │ 000.03%←,00.00% │ 02.05% │ 08.09% │ 04.76%,05.33% │ 08.19% │ 01.81% │ 00.00%,000.00%· │ 003.10%← │ 006.01%→ │ 000.20%→,25.54%,61.10%,13.36%,185.64%← │ 020.54%→ │ 053.26%→,50.23%,49.77%,49.90%,50.10%,29144483136.36,28882123750.48,8619760193,8653250258,7008934093,429006004,442362389,3528618986,3270346574,3523342435,1969376901,1117670254,020.54%→,03.53%,09.98%,13.91%,15.29%,07.51%,03.78%,09.99%,14.93%,13.57%,07.51%,00.00%,02.05%,08.09%,04.76%,00.00%,01.81%,08.19%,05.33%,006.60%→,000.03%→,006.86%→,012.74%←,000.03%←,000.00%·,003.10%←,006.01%→,000.20%→
_frsk,uainl,_qwbx,jpmv_,hoetc,zdgy_,uainlhoetc,37012.024851,05.05%,003.17%→,40.58%,000.39%→,06.47%,20.40%,11.40%,35.85%,58023416349.17,000.92%←,007.90%←,01.65,005.32%←,01.69,01.61,03.53% │ 09.98% │ 13.91% │ 15.29% │ 07.51%,07.51% │ 13.56% │ 14.93% │ 09.99% │ 03.78%,02.78% │ 10.56% │ 15.81% │ 15.56% │ 05.20%,05.04% │ 13.53% │ 16.62% │ 11.58% │ 03.33%,006.60%→ │ 000.02%→ │ 006.86%→ │ 012.77%← │ 000.03%←,00.00% │ 02.05% │ 08.09% │ 04.76%,05.35% │ 08.19% │ 01.81% │ 00.00%,000.00%· │ 003.10%← │ 006.01%→ │ 000.59%→,25.69%,61.10%,13.21%,179.46%← │ 020.53%→ │ 052.49%→,50.23%,49.77%,49.90%,50.10%,29144483136.36,28878933212.81,8619760193,8653250258,7008934093,429006004,443040111,3528618986,3270346574,3523342435,1969376901,1117670254,020.53%→,03.53%,09.98%,13.91%,15.29%,07.51%,03.78%,09.99%,14.93%,13.56%,07.51%,00.00%,02.05%,08.09%,04.76%,00.00%,01.81%,08.19%,05.35%,006.60%→,000.02%→,006.86%→,012.77%←,000.03%←,000.00%·,003.10%←,006.01%→,000.59%→
_kfdj,haeor,_xwyz,pcsb_,utnil,vgmq_,haeorutnil,36363.490403,03.84%,000.73%←,41.57%,001.15%→,06.79%,18.86%,11.63%,38.13%,58758127788.60,000.18%←,001.88%→,01.62,000.46%→,01.62,01.63,05.32% │ 08.54% │ 12.93% │ 13.52% │ 09.74%,09.06% │ 13.19% │ 13.26% │ 09.14% │ 05.30%,04.68% │ 09.21% │ 15.85% │ 13.09% │ 06.89%,06.00% │ 14.17% │ 16.54% │ 09.31% │ 04.27%,000.28%← │ 006.58%→ │ 002.53%→ │ 002.50%← │ 007.50%←,00.00% │ 01.85% │ 04.08% │ 05.55%,05.34% │ 03.99% │ 01.88% │ 00.00%,000.00%· │ 002.75%→ │ 001.95%→ │ 002.94%←,24.53%,63.66%,11.81%,048.43%→ │ 039.65%← │ 036.15%→,50.04%,49.96%,49.71%,50.29%,29404839234.01,29353288554.59,8586430099,8686580352,7180661121,332733733,330310050,3282115483,3345123049,3258483638,2008038530,1172229702,039.65%←,05.32%,08.54%,12.93%,13.52%,09.74%,05.30%,09.14%,13.26%,13.19%,09.06%,00.00%,01.85%,04.08%,05.55%,00.00%,01.88%,03.99%,05.34%,000.28%←,006.58%→,002.53%→,002.50%←,007.50%←,000.00%·,002.75%→,001.95%→,002.94%←
_kwdj,haeor,_xfyz,pcsb_,utnil,vgmq_,haeorutnil,36310.112096,03.84%,000.73%←,41.57%,001.15%→,06.79%,18.86%,11.63%,38.13%,58798989983.68,000.31%←,001.88%→,01.62,000.46%→,01.62,01.63,05.22% │ 08.45% │ 13.08% │ 13.58% │ 09.75%,09.06% │ 13.18% │ 13.25% │ 09.13% │ 05.30%,04.68% │ 09.21% │ 15.85% │ 13.09% │ 06.89%,06.00% │ 14.17% │ 16.54% │ 09.31% │ 04.27%,001.46%→ │ 007.48%→ │ 001.34%→ │ 003.02%← │ 007.70%←,00.00% │ 01.85% │ 04.08% │ 05.55%,05.34% │ 03.99% │ 01.88% │ 00.00%,000.00%· │ 002.75%→ │ 001.95%→ │ 002.94%←,23.95%,63.52%,12.53%,051.90%→ │ 039.29%← │ 026.04%→,50.08%,49.92%,49.71%,50.29%,29445701429.09,29353288554.59,8586430099,8686580352,7180661121,332733733,330310050,3282115483,3345123049,3258483638,2008038530,1172229702,039.29%←,05.22%,08.45%,13.08%,13.58%,09.75%,05.30%,09.13%,13.25%,13.18%,09.06%,00.00%,01.85%,04.08%,05.55%,00.00%,01.88%,03.99%,05.34%,001.46%→,007.48%→,001.34%→,003.02%←,007.70%←,000.00%·,002.75%→,001.95%→,002.94%←
_kfdj,haeor,_xwyz,gcsb_,utnil,vpmq_,haeorutnil,36257.684798,03.84%,000.58%←,41.57%,001.15%→,06.79%,18.86%,11.63%,38.13%,58929545773.24,000.41%→,001.88%→,01.62,000.46%→,01.62,01.63,05.30% │ 08.51% │ 12.89% │ 13.48% │ 09.71%,09.07% │ 13.46% │ 13.25% │ 09.12% │ 05.21%,04.68% │ 09.21% │ 15.85% │ 13.09% │ 06.89%,05.91% │ 14.27% │ 16.54% │ 09.31% │ 04.27%,001.82%← │ 006.64%→ │ 002.72%→ │ 000.14%← │ 007.15%←,00.00% │ 01.85% │ 04.08% │ 05.55%,05.36% │ 03.99% │ 01.88% │ 00.00%,000.00%· │ 002.75%→ │ 001.95%→ │ 002.66%←,24.49%,63.40%,12.11%,048.52%→ │ 040.00%← │ 038.94%→,49.90%,50.10%,49.71%,50.29%,29404839234.01,29524706539.23,8586430099,8686580352,7180661121,332733733,330814870,3282115483,3345123049,3258483638,2008038530,1172229702,040.00%←,05.30%,08.51%,12.89%,13.48%,09.71%,05.21%,09.12%,13.25%,13.46%,09.07%,00.00%,01.85%,04.08%,05.55%,00.00%,01.88%,03.99%,05.36%,001.82%←,006.64%→,002.72%→,000.14%←,007.15%←,000.00%·,002.75%→,001.95%→,002.66%←
_kfdj,haeor,_xwyz,pgsb_,utnil,vcmq_,haeorutnil,36247.390501,03.84%,000.66%←,41.57%,001.15%→,06.79%,18.86%,11.63%,38.13%,58833261935.64,000.08%→,001.88%→,01.62,000.46%→,01.62,01.63,05.31% │ 08.53% │ 12.91% │ 13.50% │ 09.73%,09.05% │ 13.33% │ 13.26% │ 09.11% │ 05.28%,04.68% │ 09.21% │ 15.85% │ 13.09% │ 06.89%,06.00% │ 14.17% │ 16.54% │ 09.31% │ 04.27%,000.63%← │ 006.37%→ │ 002.60%→ │ 001.31%← │ 007.48%←,00.00% │ 01.85% │ 04.08% │ 05.55%,05.35% │ 03.99% │ 01.88% │ 00.00%,000.00%· │ 002.75%→ │ 001.95%→ │ 002.81%←,23.08%,63.52%,13.40%,043.47%→ │ 039.93%← │ 047.75%→,49.98%,50.02%,49.71%,50.29%,29404839234.01,29428422701.63,8586430099,8686580352,7180661121,332733733,330549602,3282115483,3345123049,3258483638,2008038530,1172229702,039.93%←,05.31%,08.53%,12.91%,13.50%,09.73%,05.28%,09.11%,13.26%,13.33%,09.05%,00.00%,01.85%,04.08%,05.55%,00.00%,01.88%,03.99%,05.35%,000.63%←,006.37%→,002.60%→,001.31%←,007.48%←,000.00%·,002.75%→,001.95%→,002.81%←
_psmg,lintu,_jbcv,zdkf_,roeah,xwyq_,linturoeah,35346.564568,03.54%,002.18%→,41.72%,001.70%←,06.46%,18.65%,11.91%,38.98%,58762716773.30,000.08%→,002.63%←,01.62,000.57%←,01.62,01.61,05.27% │ 09.87% │ 12.09% │ 13.67% │ 09.08%,09.74% │ 13.36% │ 11.67% │ 10.02% │ 05.22%,04.27% │ 09.96% │ 15.56% │ 14.73% │ 05.91%,06.85% │ 13.08% │ 14.42% │ 10.56% │ 04.68%,000.92%← │ 001.53%→ │ 003.60%← │ 002.34%← │ 006.84%→,00.00% │ 02.11% │ 03.19% │ 05.07%,05.49% │ 03.32% │ 02.05% │ 00.00%,000.00%· │ 003.03%→ │ 003.47%← │ 004.48%→,24.25%,63.28%,12.47%,084.63%← │ 028.22%→ │ 067.45%←,49.98%,50.02%,50.42%,49.58%,29369741144.63,29392975628.67,8709182289,8563828162,7206173128,302550909,309288791,3343709490,3258017035,3221236033,2057489000,1116045328,028.22%→,05.27%,09.87%,12.09%,13.67%,09.08%,05.22%,10.02%,11.67%,13.36%,09.74%,00.00%,02.11%,03.19%,05.07%,00.00%,02.05%,03.32%,05.49%,000.92%←,001.53%→,003.60%←,002.34%←,006.84%→,000.00%·,003.03%→,003.47%←,004.48%→
_psgm,lintu,_jbcv,zdkf_,roeah,xwyq_,linturoeah,35248.135364,03.54%,002.18%→,41.72%,001.70%←,06.46%,18.65%,11.91%,38.98%,58964191020.76,000.61%←,002.63%←,01.62,000.57%←,01.62,01.61,05.24% │ 09.98% │ 12.08% │ 13.25% │ 09.61%,09.71% │ 13.31% │ 11.63% │ 09.99% │ 05.20%,04.27% │ 09.96% │ 15.56% │ 14.17% │ 06.46%,06.85% │ 13.08% │ 14.42% │ 10.56% │ 04.68%,000.66%← │ 000.14%→ │ 003.83%← │ 000.48%→ │ 001.01%→,00.00% │ 02.11% │ 03.19% │ 05.07%,05.49% │ 03.32% │ 02.05% │ 00.00%,000.00%· │ 003.03%→ │ 003.47%← │ 004.48%→,24.44%,63.11%,12.45%,087.86%← │ 028.10%→ │ 067.97%←,50.15%,49.85%,50.42%,49.58%,29571215392.09,29392975628.67,8709182289,8563828162,7206173128,302550909,309288791,3343709490,3258017035,3221236033,2057489000,1116045328,028.10%→,05.24%,09.98%,12.08%,13.25%,09.61%,05.20%,09.99%,11.63%,13.31%,09.71%,00.00%,02.11%,03.19%,05.07%,00.00%,02.05%,03.32%,05.49%,000.66%←,000.14%→,003.83%←,000.48%→,001.01%→,000.00%·,003.03%→,003.47%←,004.48%→
_bgdj,uneis,_wmyx,zlhf_,roatc,qkpv_,uneisroatc,35059.992670,04.78%,004.25%←,38.74%,000.75%←,05.65%,19.41%,12.14%,38.48%,59351930306.82,003.07%→,005.39%→,01.70,004.31%→,01.66,01.74,03.48% │ 09.92% │ 12.82% │ 13.67% │ 09.33%,09.19% │ 13.50% │ 13.56% │ 10.79% │ 03.74%,02.78% │ 10.80% │ 16.62% │ 13.11% │ 06.87%,06.76% │ 12.57% │ 15.10% │ 12.06% │ 03.33%,006.91%→ │ 008.01%→ │ 005.45%→ │ 001.24%← │ 001.47%←,00.00% │ 00.85% │ 08.19% │ 04.94%,05.09% │ 08.40% │ 00.73% │ 00.00%,000.00%· │ 004.57%← │ 007.37%← │ 000.20%←,23.38%,64.11%,12.51%,029.15%→ │ 000.26%→ │ 050.26%←,49.22%,50.78%,50.19%,49.81%,29213428476.03,30138501830.79,8668669016,8604341435,6690835982,421498690,404328236,3459988505,3657075166,3351842694,2096775735,976162852,000.26%→,03.48%,09.92%,12.82%,13.67%,09.33%,03.74%,10.79%,13.56%,13.50%,09.19%,00.00%,00.85%,08.19%,04.94%,00.00%,00.73%,08.40%,05.09%,006.91%→,008.01%→,005.45%→,001.24%←,001.47%←,000.00%·,004.57%←,007.37%←,000.20%←
_bgdj,uneis,_wmyx,qlhf_,roatc,zkpv_,uneisroatc,35058.759877,04.78%,004.13%←,38.74%,000.75%←,05.65%,19.41%,12.14%,38.48%,59349337719.39,003.06%→,005.39%→,01.70,004.31%→,01.66,01.74,03.48% │ 09.92% │ 12.83% │ 13.67% │ 09.33%,09.19% │ 13.50% │ 13.56% │ 10.79% │ 03.74%,02.78% │ 10.80% │ 16.62% │ 13.11% │ 06.87%,06.76% │ 12.57% │ 15.10% │ 12.06% │ 03.33%,006.91%→ │ 008.01%→ │ 005.44%→ │ 001.23%← │ 001.51%←,00.00% │ 00.85% │ 08.19% │ 04.94%,05.11% │ 08.40% │ 00.73% │ 00.00%,000.00%· │ 004.57%← │ 007.37%← │ 000.06%→,23.33%,64.11%,12.56%,028.88%→ │ 000.25%→ │ 048.77%←,49.22%,50.78%,50.19%,49.81%,29213428476.03,30135909243.36,8668669016,8604341435,6690835982,421498690,404763530,3459988505,3657075166,3351842694,2096775735,976162852,000.25%→,03.48%,09.92%,12.83%,13.67%,09.33%,03.74%,10.79%,13.56%,13.50%,09.19%,00.00%,00.85%,08.19%,04.94%,00.00%,00.73%,08.40%,05.11%,006.91%→,008.01%→,005.44%→,001.23%←,001.51%←,000.00%·,004.57%←,007.37%←,000.06%→
_fwlz,uaenr,_qmyx,kdsp_,hotic,vgbj_,uaenrhotic,34943.709374,05.20%,000.07%→,41.33%,000.37%→,06.20%,19.13%,12.03%,38.60%,57433159791.85,001.26%→,007.71%←,01.63,005.02%←,01.67,01.59,03.48% │ 10.31% │ 12.69% │ 13.54% │ 09.66%,10.11% │ 13.41% │ 12.80% │ 10.08% │ 03.92%,02.78% │ 10.56% │ 16.26% │ 13.46% │ 06.85%,06.50% │ 13.44% │ 16.86% │ 09.96% │ 03.33%,011.27%→ │ 002.35%← │ 000.80%→ │ 000.95%← │ 004.51%→,00.00% │ 02.05% │ 07.87% │ 05.43%,05.56% │ 07.60% │ 02.11% │ 00.00%,000.00%· │ 003.13%← │ 000.07%→ │ 000.68%→,24.68%,62.66%,12.66%,031.69%→ │ 013.80%← │ 000.51%→,49.68%,50.32%,49.91%,50.09%,28534210933.66,28898948858.19,8620655017,8652355434,7139038747,448792520,449115147,3458242236,3210618670,3304552172,2077589558,1070714433,013.80%←,03.48%,10.31%,12.69%,13.54%,09.66%,03.92%,10.08%,12.80%,13.41%,10.11%,00.00%,02.05%,07.87%,05.43%,00.00%,02.11%,07.60%,05.56%,011.27%→,002.35%←,000.80%→,000.95%←,004.51%→,000.00%·,003.13%←,000.07%→,000.68%→
_fwlx,uaenr,_qmyz,kdsp_,hotic,vgbj_,uaenrhotic,34937.676138,05.20%,000.11%→,41.33%,000.37%→,06.20%,19.13%,12.03%,38.60%,57440558005.16,001.24%→,007.71%←,01.63,005.02%←,01.67,01.59,03.48% │ 10.31% │ 12.69% │ 13.54% │ 09.67%,10.11% │ 13.41% │ 12.79% │ 10.08% │ 03.92%,02.78% │ 10.56% │ 16.26% │ 13.46% │ 06.85%,06.50% │ 13.44% │ 16.86% │ 09.96% │ 03.33%,011.27%→ │ 002.34%← │ 000.83%→ │ 000.95%← │ 004.33%→,00.00% │ 02.05% │ 07.87% │ 05.42%,05.56% │ 07.60% │ 02.11% │ 00.00%,000.00%· │ 003.13%← │ 000.07%→ │ 000.76%→,24.81%,62.64%,12.55%,030.81%→ │ 013.79%← │ 002.28%→,49.69%,50.31%,49.91%,50.09%,28541609146.97,28898948858.19,8620655017,8652355434,7139038747,448634882,449115147,3458242236,3210618670,3304552172,2077589558,1070714433,013.79%←,03.48%,10.31%,12.69%,13.54%,09.67%,03.92%,10.08%,12.79%,13.41%,10.11%,00.00%,02.05%,07.87%,05.42%,00.00%,02.11%,07.60%,05.56%,011.27%→,002.34%←,000.83%→,000.95%←,004.33%→,000.00%·,003.13%←,000.07%→,000.76%→
_psly,uitnh,_xfgq,jbmv_,raeoc,zdwk_,uitnhraeoc,34431.202605,05.95%,002.12%←,39.14%,001.70%←,06.71%,18.75%,12.27%,39.56%,58631517008.49,000.36%←,001.10%→,01.69,001.91%→,01.67,01.71,03.48% │ 09.77% │ 13.68% │ 13.55% │ 09.61%,09.80% │ 13.41% │ 13.54% │ 09.33% │ 03.83%,02.78% │ 09.93% │ 17.43% │ 13.81% │ 06.48%,06.89% │ 13.71% │ 16.26% │ 09.38% │ 03.33%,009.09%→ │ 004.68%← │ 001.09%← │ 001.04%← │ 002.01%→,00.00% │ 03.14% │ 07.38% │ 06.93%,06.55% │ 07.87% │ 03.32% │ 00.00%,000.00%· │ 000.01%← │ 000.47%← │ 004.17%←,23.58%,63.13%,13.29%,163.48%← │ 023.22%→ │ 027.70%→,50.09%,49.91%,50.42%,49.58%,29368201375.76,29263315632.73,8709424148,8563586303,6759845238,518852002,508073506,3504600077,3543454338,3239490584,2120087762,1159878402,023.22%→,03.48%,09.77%,13.68%,13.55%,09.61%,03.83%,09.33%,13.54%,13.41%,09.80%,00.00%,03.14%,07.38%,06.93%,00.00%,03.32%,07.87%,06.55%,009.09%→,004.68%←,001.09%←,001.04%←,002.01%→,000.00%·,000.01%←,000.47%←,004.17%←
_psly,uitnh,_xfgq,zbmv_,raeoc,jdwk_,uitnhraeoc,34425.084765,05.95%,001.82%←,39.14%,001.70%←,06.71%,18.75%,12.27%,39.56%,58631582736.66,000.36%←,001.10%→,01.69,001.91%→,01.67,01.71,03.48% │ 09.77% │ 13.68% │ 13.55% │ 09.61%,09.81% │ 13.41% │ 13.54% │ 09.33% │ 03.83%,02.78% │ 09.93% │ 17.43% │ 13.81% │ 06.48%,06.89% │ 13.71% │ 16.26% │ 09.38% │ 03.33%,009.09%→ │ 004.74%← │ 001.08%← │ 001.03%← │ 002.05%→,00.00% │ 03.14% │ 07.38% │ 06.93%,06.59% │ 07.87% │ 03.32% │ 00.00%,000.00%· │ 000.01%← │ 000.47%← │ 003.50%←,23.44%,63.13%,13.44%,169.59%← │ 023.21%→ │ 029.09%→,50.09%,49.91%,50.42%,49.58%,29368201375.76,29263381360.90,8709424148,8563586303,6759845238,518852002,509594450,3504600077,3543454338,3239490584,2120087762,1159878402,023.21%→,03.48%,09.77%,13.68%,13.55%,09.61%,03.83%,09.33%,13.54%,13.41%,09.81%,00.00%,03.14%,07.38%,06.93%,00.00%,03.32%,07.87%,06.59%,009.09%→,004.74%←,001.08%←,001.03%←,002.05%→,000.00%·,000.01%←,000.47%←,003.50%←
_yulz,ctehr,_vgwx,kfop_,snaid,qmbj_,ctehrsnaid,34084.889744,03.21%,002.70%←,38.45%,003.19%→,07.17%,21.53%,14.68%,40.54%,57016198813.17,001.71%→,004.57%→,01.71,001.01%→,01.70,01.72,03.94% │ 10.70% │ 14.00% │ 11.41% │ 09.52%,10.28% │ 11.23% │ 14.46% │ 09.91% │ 04.55%,03.33% │ 11.58% │ 16.80% │ 10.64% │ 06.85%,07.29% │ 12.28% │ 17.45% │ 09.96% │ 03.82%,013.29%→ │ 007.91%← │ 003.22%→ │ 001.63%← │ 007.37%→,00.00% │ 01.81% │ 05.73% │ 02.58%,02.17% │ 05.43% │ 02.11% │ 00.00%,000.00%· │ 000.03%← │ 001.62%← │ 006.42%←,25.33%,62.73%,11.94%,027.39%→ │ 009.26%← │ 006.62%←,49.57%,50.43%,49.19%,50.81%,28262661830.26,28753536982.91,8496634527,8776375924,6641895226,280733337,273356937,3499226214,3666778213,3718219784,2535480948,1238951969,009.26%←,03.94%,10.70%,14.00%,11.41%,09.52%,04.55%,09.91%,14.46%,11.23%,10.28%,00.00%,01.81%,05.73%,02.58%,00.00%,02.11%,05.43%,02.17%,013.29%→,007.91%←,003.22%→,001.63%←,007.37%→,000.00%·,000.03%←,001.62%←,006.42%←
_yglz,ctehr,_vuwx,kfop_,snaid,qmbj_,ctehrsnaid,33936.910054,03.21%,002.70%←,38.45%,003.19%→,07.17%,21.53%,14.68%,40.54%,57342295415.71,000.57%→,004.57%→,01.71,001.01%→,01.70,01.72,03.97% │ 10.73% │ 14.18% │ 11.48% │ 09.50%,10.22% │ 11.16% │ 14.38% │ 09.86% │ 04.52%,03.33% │ 11.58% │ 16.80% │ 10.64% │ 06.85%,07.29% │ 12.28% │ 17.45% │ 09.96% │ 03.82%,012.26%→ │ 008.88%← │ 001.41%→ │ 002.82%← │ 007.05%→,00.00% │ 01.81% │ 05.73% │ 02.58%,02.17% │ 05.43% │ 02.11% │ 00.00%,000.00%· │ 000.03%← │ 001.62%← │ 006.42%←,24.57%,62.47%,12.96%,031.63%→ │ 009.58%← │ 025.65%←,49.86%,50.14%,49.19%,50.81%,28588758432.80,28753536982.91,8496634527,8776375924,6641895226,280733337,273356937,3499226214,3666778213,3718219784,2535480948,1238951969,009.58%←,03.97%,10.73%,14.18%,11.48%,09.50%,04.52%,09.86%,14.38%,11.16%,10.22%,00.00%,01.81%,05.73%,02.58%,00.00%,02.11%,05.43%,02.17%,012.26%→,008.88%←,001.41%→,002.82%←,007.05%→,000.00%·,000.03%←,001.62%←,006.42%←
_fspj,catol,_xghz,kyrm_,deinu,qvwb_,catoldeinu,33391.747642,05.83%,000.69%→,39.07%,001.13%←,05.66%,18.50%,12.54%,40.39%,57261516354.68,002.28%→,003.29%→,01.69,003.04%→,01.67,01.72,03.89% │ 10.59% │ 13.62% │ 14.80% │ 06.53%,07.01% │ 14.66% │ 13.68% │ 11.67% │ 03.56%,03.33% │ 10.65% │ 17.29% │ 14.39% │ 04.63%,04.67% │ 14.75% │ 15.81% │ 11.71% │ 02.78%,009.44%← │ 009.25%→ │ 000.47%→ │ 000.90%← │ 006.80%→,00.00% │ 02.29% │ 07.39% │ 07.26%,07.15% │ 08.09% │ 02.19% │ 00.00%,000.00%· │ 004.71%→ │ 000.08%→ │ 000.51%→,25.52%,60.50%,13.98%,010.24%→ │ 007.99%→ │ 048.77%←,49.42%,50.58%,50.28%,49.72%,28300843453.93,28960672900.75,8685104010,8587906441,6749003360,501502246,504988640,3470407822,3588488471,3196258972,2165809233,977042554,007.99%→,03.89%,10.59%,13.62%,14.80%,06.53%,03.56%,11.67%,13.68%,14.66%,07.01%,00.00%,02.29%,07.39%,07.26%,00.00%,02.19%,08.09%,07.15%,009.44%←,009.25%→,000.47%→,000.90%←,006.80%→,000.00%·,004.71%→,000.08%→,000.51%→
_fspj,catol,_xghz,kyrm_,deinu,qvwb_,catoldeinu,33391.747642,05.83%,000.69%→,39.07%,001.13%←,05.66%,18.50%,12.54%,40.39%,57261516354.68,002.28%→,003.29%→,01.69,003.04%→,01.67,01.72,03.89% │ 10.59% │ 13.62% │ 14.80% │ 06.53%,07.01% │ 14.66% │ 13.68% │ 11.67% │ 03.56%,03.33% │ 10.65% │ 17.29% │ 14.39% │ 04.63%,04.67% │ 14.75% │ 15.81% │ 11.71% │ 02.78%,009.44%← │ 009.25%→ │ 000.47%→ │ 000.90%← │ 006.80%→,00.00% │ 02.29% │ 07.39% │ 07.26%,07.15% │ 08.09% │ 02.19% │ 00.00%,000.00%· │ 004.71%→ │ 000.08%→ │ 000.51%→,25.52%,60.50%,13.98%,010.24%→ │ 007.99%→ │ 048.77%←,49.42%,50.58%,50.28%,49.72%,28300843453.93,28960672900.75,8685104010,8587906441,6749003360,501502246,504988640,3470407822,3588488471,3196258972,2165809233,977042554,007.99%→,03.89%,10.59%,13.62%,14.80%,06.53%,03.56%,11.67%,13.68%,14.66%,07.01%,00.00%,02.29%,07.39%,07.26%,00.00%,02.19%,08.09%,07.15%,009.44%←,009.25%→,000.47%→,000.90%←,006.80%→,000.00%·,004.71%→,000.08%→,000.51%→
_mryk,unied,_bwvq,jpsf_,lotac,zhgx_,uniedlotac,33349.336818,05.83%,000.70%←,39.07%,001.12%→,05.66%,18.50%,12.54%,40.39%,57261516354.68,002.33%←,003.40%←,01.69,003.14%←,01.72,01.67,03.56% │ 11.67% │ 13.68% │ 14.66% │ 07.01%,06.53% │ 14.80% │ 13.62% │ 10.59% │ 03.89%,02.78% │ 11.71% │ 15.81% │ 14.75% │ 04.67%,04.63% │ 14.39% │ 17.29% │ 10.65% │ 03.33%,008.62%→ │ 010.19%← │ 000.48%← │ 000.89%→ │ 007.29%←,00.00% │ 02.19% │ 08.09% │ 07.15%,07.26% │ 07.39% │ 02.29% │ 00.00%,000.00%· │ 004.95%← │ 000.08%← │ 000.51%←,25.52%,60.50%,13.98%,011.40%← │ 008.68%← │ 032.78%→,50.58%,49.42%,49.72%,50.28%,28960672900.75,28300843453.93,8587906441,8685104010,6749003360,504988640,501502246,3588488471,3470407822,3196258972,2165809233,977042554,008.68%←,03.56%,11.67%,13.68%,14.66%,07.01%,03.89%,10.59%,13.62%,14.80%,06.53%,00.00%,02.19%,08.09%,07.15%,00.00%,02.29%,07.39%,07.26%,008.62%→,010.19%←,000.48%←,000.89%→,007.29%←,000.00%·,004.95%←,000.08%←,000.51%←
_mryk,unied,_bwvq,jpsf_,lotac,zhgx_,uniedlotac,33349.336818,05.83%,000.70%←,39.07%,001.12%→,05.66%,18.50%,12.54%,40.39%,57261516354.68,002.33%←,003.40%←,01.69,003.14%←,01.72,01.67,03.56% │ 11.67% │ 13.68% │ 14.66% │ 07.01%,06.53% │ 14.80% │ 13.62% │ 10.59% │ 03.89%,02.78% │ 11.71% │ 15.81% │ 14.75% │ 04.67%,04.63% │ 14.39% │ 17.29% │ 10.65% │ 03.33%,008.62%→ │ 010.19%← │ 000.48%← │ 000.89%→ │ 007.29%←,00.00% │ 02.19% │ 08.09% │ 07.15%,07.26% │ 07.39% │ 02.29% │ 00.00%,000.00%· │ 004.95%← │ 000.08%← │ 000.51%←,25.52%,60.50%,13.98%,011.40%← │ 008.68%← │ 032.78%→,50.58%,49.42%,49.72%,50.28%,28960672900.75,28300843453.93,8587906441,8685104010,6749003360,504988640,501502246,3588488471,3470407822,3196258972,2165809233,977042554,008.68%←,03.56%,11.67%,13.68%,14.66%,07.01%,03.89%,10.59%,13.62%,14.80%,06.53%,00.00%,02.19%,08.09%,07.15%,00.00%,02.29%,07.39%,07.26%,008.62%→,010.19%←,000.48%←,000.89%→,007.29%←,000.00%·,004.95%←,000.08%←,000.51%←
_yumw,lterh,_zvcx,qfop_,snaid,kgbj_,lterhsnaid,33315.529547,04.71%,001.54%←,38.79%,001.02%→,06.88%,19.85%,14.31%,41.89%,56640248235.53,001.79%←,000.26%←,01.70,000.91%←,01.71,01.69,05.10% │ 09.40% │ 14.24% │ 11.38% │ 10.33%,10.31% │ 10.79% │ 14.15% │ 09.73% │ 04.58%,04.27% │ 10.63% │ 15.83% │ 12.46% │ 06.56%,07.29% │ 11.73% │ 17.45% │ 09.96% │ 03.82%,011.41%← │ 003.40%→ │ 000.67%← │ 005.46%← │ 000.13%←,00.00% │ 01.92% │ 06.30% │ 06.16%,06.20% │ 05.43% │ 02.11% │ 00.00%,000.00%· │ 002.83%→ │ 005.23%← │ 000.64%→,24.55%,63.43%,12.02%,017.36%→ │ 012.85%← │ 009.61%→,50.44%,49.56%,49.74%,50.26%,28571703208.59,28068545026.94,8592151242,8680859209,6700079735,409918341,403695014,3558605788,3549214130,3428553128,2471644957,1187635987,012.85%←,05.10%,09.40%,14.24%,11.38%,10.33%,04.58%,09.73%,14.15%,10.79%,10.31%,00.00%,01.92%,06.30%,06.16%,00.00%,02.11%,05.43%,06.20%,011.41%←,003.40%→,000.67%←,005.46%←,000.13%←,000.00%·,002.83%→,005.23%←,000.64%→
_fspx,catol,_zghj,kyrm_,deinu,qvwb_,catoldeinu,33300.690412,05.85%,000.03%→,39.07%,001.13%←,05.64%,18.43%,12.56%,40.52%,57282095891.58,002.21%→,003.29%→,01.69,003.04%→,01.67,01.72,03.89% │ 10.51% │ 13.63% │ 14.80% │ 06.62%,07.00% │ 14.66% │ 13.68% │ 11.66% │ 03.55%,03.33% │ 10.58% │ 17.29% │ 14.39% │ 04.69%,04.67% │ 14.75% │ 15.81% │ 11.71% │ 02.78%,009.41%← │ 009.89%→ │ 000.37%→ │ 000.94%← │ 005.48%→,00.00% │ 02.42% │ 07.39% │ 07.27%,07.15% │ 08.09% │ 02.19% │ 00.00%,000.00%· │ 000.04%→ │ 000.08%→ │ 000.01%←,25.46%,60.49%,14.05%,010.61%→ │ 007.95%→ │ 050.12%←,49.44%,50.56%,50.28%,49.72%,28321422990.83,28960672900.75,8685104010,8587906441,6749003360,504832356,504988640,3470407822,3588488471,3183833448,2169164984,974542933,007.95%→,03.89%,10.51%,13.63%,14.80%,06.62%,03.55%,11.66%,13.68%,14.66%,07.00%,00.00%,02.42%,07.39%,07.27%,00.00%,02.19%,08.09%,07.15%,009.41%←,009.89%→,000.37%→,000.94%←,005.48%→,000.00%·,000.04%→,000.08%→,000.01%←
_fspx,catol,_zghj,kyrm_,deinu,qvwb_,catoldeinu,33300.690412,05.85%,000.03%→,39.07%,001.13%←,05.64%,18.43%,12.56%,40.52%,57282095891.58,002.21%→,003.29%→,01.69,003.04%→,01.67,01.72,03.89% │ 10.51% │ 13.63% │ 14.80% │ 06.62%,07.00% │ 14.66% │ 13.68% │ 11.66% │ 03.55%,03.33% │ 10.58% │ 17.29% │ 14.39% │ 04.69%,04.67% │ 14.75% │ 15.81% │ 11.71% │ 02.78%,009.41%← │ 009.89%→ │ 000.37%→ │ 000.94%← │ 005.48%→,00.00% │ 02.42% │ 07.39% │ 07.27%,07.15% │ 08.09% │ 02.19% │ 00.00%,000.00%· │ 000.04%→ │ 000.08%→ │ 000.01%←,25.46%,60.49%,14.05%,010.61%→ │ 007.95%→ │ 050.12%←,49.44%,50.56%,50.28%,49.72%,28321422990.83,28960672900.75,8685104010,8587906441,6749003360,504832356,504988640,3470407822,3588488471,3183833448,2169164984,974542933,007.95%→,03.89%,10.51%,13.63%,14.80%,06.62%,03.55%,11.66%,13.68%,14.66%,07.00%,00.00%,02.42%,07.39%,07.27%,00.00%,02.19%,08.09%,07.15%,009.41%←,009.89%→,000.37%→,000.94%←,005.48%→,000.00%·,000.04%→,000.08%→,000.01%←
_yucx,lterh,_zvmw,kfop_,snaid,qgbj_,lterhsnaid,33290.644663,04.71%,001.45%←,38.79%,001.02%→,06.88%,19.85%,14.31%,41.89%,56638499350.76,001.72%←,000.26%←,01.70,000.91%←,01.71,01.69,05.13% │ 09.46% │ 14.12% │ 11.44% │ 10.27%,10.33% │ 10.79% │ 14.14% │ 09.74% │ 04.58%,04.27% │ 10.63% │ 15.83% │ 12.46% │ 06.56%,07.29% │ 11.73% │ 17.45% │ 09.96% │ 03.82%,012.07%← │ 002.85%→ │ 000.15%→ │ 006.03%← │ 000.53%→,00.00% │ 01.92% │ 06.30% │ 06.16%,06.21% │ 05.43% │ 02.11% │ 00.00%,000.00%· │ 002.83%→ │ 005.23%← │ 000.83%→,24.17%,63.40%,12.42%,033.65%→ │ 012.63%← │ 037.78%←,50.43%,49.57%,49.74%,50.26%,28560043800.59,28078455550.17,8592151242,8680859209,6700079735,409918341,404076376,3558605788,3549214130,3428553128,2471644957,1187635987,012.63%←,05.13%,09.46%,14.12%,11.44%,10.27%,04.58%,09.74%,14.14%,10.79%,10.33%,00.00%,01.92%,06.30%,06.16%,00.00%,02.11%,05.43%,06.21%,012.07%←,002.85%→,000.15%→,006.03%←,000.53%→,000.00%·,002.83%→,005.23%←,000.83%→
_fslv,uatnh,_qbyk,zgmp_,roeic,xdwj_,uatnhroeic,33278.801086,05.13%,001.58%→,40.97%,000.64%←,06.37%,18.10%,12.38%,40.62%,58118756945.87,000.93%→,004.88%→,01.64,003.54%→,01.61,01.67,03.56% │ 09.99% │ 13.21% │ 13.53% │ 09.48%,09.83% │ 13.79% │ 12.97% │ 09.70% │ 03.95%,02.78% │ 10.56% │ 16.86% │ 13.46% │ 06.50%,06.85% │ 13.44% │ 16.26% │ 09.96% │ 03.33%,009.78%→ │ 002.97%← │ 001.90%← │ 001.92%→ │ 003.56%→,00.00% │ 02.05% │ 07.60% │ 05.25%,05.40% │ 07.87% │ 02.11% │ 00.00%,000.00%· │ 003.13%← │ 000.07%← │ 004.42%→,24.41%,62.98%,12.61%,100.58%← │ 020.84%→ │ 018.83%→,49.77%,50.23%,50.16%,49.84%,28924040295.68,29194716650.19,8664051906,8608958545,7076905206,439596121,446662503,3281303343,3449691104,3126199537,2138123329,1099481621,020.84%→,03.56%,09.99%,13.21%,13.53%,09.48%,03.95%,09.70%,12.97%,13.79%,09.83%,00.00%,02.05%,07.60%,05.25%,00.00%,02.11%,07.87%,05.40%,009.78%→,002.97%←,001.90%←,001.92%→,003.56%→,000.00%·,003.13%←,000.07%←,004.42%→
_fslv,uatnh,_qbyk,xgmp_,roeic,zdwj_,uatnhroeic,33277.652220,05.13%,001.55%→,40.97%,000.64%←,06.37%,18.10%,12.38%,40.62%,58116436893.74,000.92%→,004.88%→,01.64,003.54%→,01.61,01.67,03.56% │ 09.99% │ 13.21% │ 13.53% │ 09.48%,09.85% │ 13.79% │ 12.96% │ 09.68% │ 03.95%,02.78% │ 10.56% │ 16.86% │ 13.46% │ 06.50%,06.85% │ 13.44% │ 16.26% │ 09.96% │ 03.33%,009.76%→ │ 003.17%← │ 001.92%← │ 001.92%→ │ 003.74%→,00.00% │ 02.05% │ 07.60% │ 05.25%,05.40% │ 07.87% │ 02.11% │ 00.00%,000.00%· │ 003.13%← │ 000.07%← │ 004.34%→,24.52%,62.98%,12.50%,097.96%← │ 020.83%→ │ 017.54%→,49.77%,50.23%,50.16%,49.84%,28924040295.68,29192396598.06,8664051906,8608958545,7076905206,439596121,446504215,3281303343,3449691104,3126199537,2138123329,1099481621,020.83%→,03.56%,09.99%,13.21%,13.53%,09.48%,03.95%,09.68%,12.96%,13.79%,09.85%,00.00%,02.05%,07.60%,05.25%,00.00%,02.11%,07.87%,05.40%,009.76%→,003.17%←,001.92%←,001.92%→,003.74%→,000.00%·,003.13%←,000.07%←,004.34%→
_mryk,unied,_bwvq,xpsf_,lotac,jhgz_,uniedlotac,33263.000952,05.85%,000.03%←,39.07%,001.12%→,05.64%,18.43%,12.56%,40.52%,57282095891.58,002.26%←,003.40%←,01.69,003.14%←,01.72,01.67,03.55% │ 11.66% │ 13.68% │ 14.66% │ 07.00%,06.62% │ 14.80% │ 13.63% │ 10.51% │ 03.89%,02.78% │ 11.71% │ 15.81% │ 14.75% │ 04.67%,04.69% │ 14.39% │ 17.29% │ 10.58% │ 03.33%,008.60%→ │ 010.98%← │ 000.37%← │ 000.93%→ │ 005.79%←,00.00% │ 02.19% │ 08.09% │ 07.15%,07.27% │ 07.39% │ 02.42% │ 00.00%,000.00%· │ 000.04%← │ 000.08%← │ 000.01%→,25.46%,60.49%,14.05%,011.87%← │ 008.64%← │ 033.39%→,50.56%,49.44%,49.72%,50.28%,28960672900.75,28321422990.83,8587906441,8685104010,6749003360,504988640,504832356,3588488471,3470407822,3183833448,2169164984,974542933,008.64%←,03.55%,11.66%,13.68%,14.66%,07.00%,03.89%,10.51%,13.63%,14.80%,06.62%,00.00%,02.19%,08.09%,07.15%,00.00%,02.42%,07.39%,07.27%,008.60%→,010.98%←,000.37%←,000.93%→,005.79%←,000.00%·,000.04%←,000.08%←,000.01%→
_mryk,unied,_bwvq,xpsf_,lotac,jhgz_,uniedlotac,33263.000952,05.85%,000.03%←,39.07%,001.12%→,05.64%,18.43%,12.56%,40.52%,57282095891.58,002.26%←,003.40%←,01.69,003.14%←,01.72,01.67,03.55% │ 11.66% │ 13.68% │ 14.66% │ 07.00%,06.62% │ 14.80% │ 13.63% │ 10.51% │ 03.89%,02.78% │ 11.71% │ 15.81% │ 14.75% │ 04.67%,04.69% │ 14.39% │ 17.29% │ 10.58% │ 03.33%,008.60%→ │ 010.98%← │ 000.37%← │ 000.93%→ │ 005.79%←,00.00% │ 02.19% │ 08.09% │ 07.15%,07.27% │ 07.39% │ 02.42% │ 00.00%,000.00%· │ 000.04%← │ 000.08%← │ 000.01%→,25.46%,60.49%,14.05%,011.87%← │ 008.64%← │ 033.39%→,50.56%,49.44%,49.72%,50.28%,28960672900.75,28321422990.83,8587906441,8685104010,6749003360,504988640,504832356,3588488471,3470407822,3183833448,2169164984,974542933,008.64%←,03.55%,11.66%,13.68%,14.66%,07.00%,03.89%,10.51%,13.63%,14.80%,06.62%,00.00%,02.19%,08.09%,07.15%,00.00%,02.42%,07.39%,07.27%,008.60%→,010.98%←,000.37%←,000.93%→,005.79%←,000.00%·,000.04%←,000.08%←,000.01%→
_pmbw,lterh,_jfcq,kgay_,snoid,zvux_,lterhsnoid,33192.561041,04.86%,000.39%←,39.74%,000.58%←,06.50%,19.40%,13.62%,41.24%,57162902619.89,000.13%←,004.87%→,01.67,003.68%→,01.64,01.70,05.23% │ 09.46% │ 15.06% │ 10.18% │ 10.11%,10.63% │ 10.24% │ 15.50% │ 08.98% │ 04.63%,04.27% │ 11.17% │ 16.76% │ 11.48% │ 06.47%,07.32% │ 10.62% │ 18.61% │ 09.48% │ 03.82%,012.98%← │ 005.41%← │ 002.84%→ │ 000.64%→ │ 004.85%→,00.00% │ 00.65% │ 07.18% │ 06.45%,06.42% │ 06.43% │ 00.80% │ 00.00%,000.00%· │ 003.78%→ │ 000.65%← │ 000.40%←,24.03%,63.55%,12.42%,034.38%→ │ 013.45%← │ 018.48%←,50.03%,49.97%,50.15%,49.85%,28600172788.81,28562729831.08,8661610803,8611399648,6864735987,420394831,418741155,3384951835,3558211831,3351471854,2352193548,1122311392,013.45%←,05.23%,09.46%,15.06%,10.18%,10.11%,04.63%,08.98%,15.50%,10.24%,10.63%,00.00%,00.65%,07.18%,06.45%,00.00%,00.80%,06.43%,06.42%,012.98%←,005.41%←,002.84%→,000.64%→,004.85%→,000.00%·,003.78%→,000.65%←,000.40%←
_yruj,dotih,_vwmx,qfsb_,lenac,kgpz_,dotihlenac,33184.669912,04.71%,001.53%←,41.79%,002.95%→,06.85%,17.70%,12.41%,41.21%,55654685400.40,000.74%→,002.89%→,01.62,000.04%←,01.62,01.62,04.58% │ 10.81% │ 12.78% │ 14.11% │ 07.54%,07.77% │ 15.77% │ 12.74% │ 09.84% │ 04.06%,03.82% │ 10.34% │ 17.02% │ 12.97% │ 05.10%,05.11% │ 16.21% │ 16.08% │ 10.02% │ 03.33%,012.72%← │ 009.83%← │ 000.25%← │ 010.53%→ │ 002.90%→,00.00% │ 03.91% │ 04.74% │ 06.42%,05.37% │ 04.84% │ 04.11% │ 00.00%,000.00%· │ 001.61%→ │ 003.62%← │ 001.23%←,25.06%,61.02%,13.92%,013.27%← │ 008.44%→ │ 011.51%←,49.82%,50.18%,49.25%,50.75%,27724411382.23,27930274018.17,8507214740,8765795711,7218539565,409669860,403492266,3246313363,3343046725,3057297501,2142892295,1182393496,008.44%→,04.58%,10.81%,12.78%,14.11%,07.54%,04.06%,09.84%,12.74%,15.77%,07.77%,00.00%,03.91%,04.74%,06.42%,00.00%,04.11%,04.84%,05.37%,012.72%←,009.83%←,000.25%←,010.53%→,002.90%→,000.00%·,001.61%→,003.62%←,001.23%←
_yruj,dotih,_vwmx,kfsb_,lenac,qgpz_,dotihlenac,33162.692251,04.71%,001.44%←,41.79%,002.95%→,06.85%,17.70%,12.41%,41.21%,55657167782.52,000.75%→,002.89%→,01.62,000.04%←,01.62,01.62,04.58% │ 10.81% │ 12.78% │ 14.11% │ 07.54%,07.80% │ 15.76% │ 12.72% │ 09.85% │ 04.06%,03.82% │ 10.34% │ 17.02% │ 12.97% │ 05.10%,05.11% │ 16.21% │ 16.08% │ 10.02% │ 03.33%,012.72%← │ 009.79%← │ 000.41%← │ 010.47%→ │ 003.32%→,00.00% │ 03.91% │ 04.74% │ 06.42%,05.38% │ 04.84% │ 04.11% │ 00.00%,000.00%· │ 001.61%→ │ 003.62%← │ 001.04%←,26.20%,61.01%,12.79%,003.31%← │ 008.43%→ │ 034.51%←,49.81%,50.19%,49.25%,50.75%,27724411382.23,27932756400.29,8507214740,8765795711,7218539565,409669860,403873628,3246313363,3343046725,3057297501,2142892295,1182393496,008.43%→,04.58%,10.81%,12.78%,14.11%,07.54%,04.06%,09.85%,12.72%,15.76%,07.80%,00.00%,03.91%,04.74%,06.42%,00.00%,04.11%,04.84%,05.38%,012.72%←,009.79%←,000.41%←,010.47%→,003.32%→,000.00%·,001.61%→,003.62%←,001.04%←
_bsfj,uanel,_kpgx,qdry_,hotic,zmwv_,uanelhotic,33158.242938,04.72%,002.53%→,41.18%,001.58%←,06.36%,18.07%,12.64%,41.16%,55979070815.62,000.06%←,003.16%←,01.63,000.98%←,01.64,01.63,03.70% │ 10.49% │ 13.34% │ 15.46% │ 07.03%,07.45% │ 14.65% │ 12.56% │ 11.32% │ 04.01%,02.78% │ 10.64% │ 16.08% │ 16.21% │ 04.69%,04.91% │ 13.99% │ 17.02% │ 10.37% │ 03.33%,007.76%→ │ 007.34%→ │ 006.21%← │ 005.54%← │ 005.65%→,00.00% │ 04.73% │ 04.84% │ 05.02%,05.69% │ 04.74% │ 04.90% │ 00.00%,000.00%· │ 000.86%→ │ 003.50%→ │ 002.60%→,25.73%,60.48%,13.78%,010.18%→ │ 006.55%← │ 007.14%→,50.01%,49.99%,50.39%,49.61%,27997415540.25,27981655275.37,8704389593,8568620858,7112417312,402525141,412989593,3399802836,3295679505,3120488577,2182909734,1098454356,006.55%←,03.70%,10.49%,13.34%,15.46%,07.03%,04.01%,11.32%,12.56%,14.65%,07.45%,00.00%,04.73%,04.84%,05.02%,00.00%,04.90%,04.74%,05.69%,007.76%→,007.34%→,006.21%←,005.54%←,005.65%→,000.00%·,000.86%→,003.50%→,002.60%→
_bsfj,uanel,_kpgx,zdry_,hotic,qmwv_,uanelhotic,33153.517922,04.72%,002.59%→,41.18%,001.58%←,06.36%,18.07%,12.64%,41.16%,55980923053.93,000.05%←,003.16%←,01.63,000.98%←,01.64,01.63,03.70% │ 10.49% │ 13.34% │ 15.46% │ 07.03%,07.45% │ 14.65% │ 12.56% │ 11.32% │ 04.01%,02.78% │ 10.64% │ 16.08% │ 16.21% │ 04.69%,04.91% │ 13.99% │ 17.02% │ 10.37% │ 03.33%,007.76%→ │ 007.34%→ │ 006.21%← │ 005.54%← │ 005.69%→,00.00% │ 04.73% │ 04.84% │ 05.02%,05.70% │ 04.74% │ 04.90% │ 00.00%,000.00%· │ 000.86%→ │ 003.50%→ │ 002.73%→,25.80%,60.48%,13.72%,010.62%→ │ 006.55%← │ 006.28%→,50.01%,49.99%,50.39%,49.61%,27997415540.25,27983507513.68,8704389593,8568620858,7112417312,402525141,413238431,3399802836,3295679505,3120488577,2182909734,1098454356,006.55%←,03.70%,10.49%,13.34%,15.46%,07.03%,04.01%,11.32%,12.56%,14.65%,07.45%,00.00%,04.73%,04.84%,05.02%,00.00%,04.90%,04.74%,05.70%,007.76%→,007.34%→,006.21%←,005.54%←,005.69%→,000.00%·,000.86%→,003.50%→,002.73%→
_pmbw,lterh,_zfcj,kgay_,snoid,qvux_,lterhsnoid,33033.174693,04.88%,001.25%←,39.73%,000.70%←,06.53%,19.33%,13.69%,41.46%,57193658072.22,000.55%←,004.54%→,01.67,003.53%→,01.64,01.70,05.23% │ 09.33% │ 15.10% │ 10.17% │ 10.30%,10.55% │ 10.23% │ 15.51% │ 08.95% │ 04.63%,04.27% │ 11.07% │ 16.76% │ 11.48% │ 06.60%,07.29% │ 10.62% │ 18.61% │ 09.48% │ 03.82%,013.01%← │ 004.27%← │ 002.61%→ │ 000.61%→ │ 002.32%→,00.00% │ 00.70% │ 07.18% │ 06.49%,06.44% │ 06.43% │ 00.80% │ 00.00%,000.00%· │ 002.61%← │ 000.65%← │ 001.78%←,23.98%,63.54%,12.47%,034.21%→ │ 013.77%← │ 019.91%←,50.14%,49.86%,50.17%,49.83%,28674879974.17,28518778098.05,8666690115,8606320336,6863410600,424068243,418839971,3391531858,3552957195,3338399353,2364487738,1128128713,013.77%←,05.23%,09.33%,15.10%,10.17%,10.30%,04.63%,08.95%,15.51%,10.23%,10.55%,00.00%,00.70%,07.18%,06.49%,00.00%,00.80%,06.43%,06.44%,013.01%←,004.27%←,002.61%→,000.61%→,002.32%→,000.00%·,002.61%←,000.65%←,001.78%←
_ycfk,lterh,_vbux,zmop_,snaid,qgwj_,lterhsnaid,33000.360811,05.35%,000.34%←,37.93%,000.51%→,07.11%,20.20%,14.48%,41.75%,57012442048.48,000.64%←,000.92%→,01.72,000.30%→,01.72,01.73,05.21% │ 10.72% │ 14.97% │ 10.74% │ 08.52%,09.22% │ 11.38% │ 14.87% │ 09.82% │ 04.55%,04.27% │ 11.58% │ 16.92% │ 11.49% │ 05.62%,06.67% │ 12.14% │ 17.52% │ 09.96% │ 03.82%,014.68%← │ 009.21%← │ 000.66%← │ 005.67%→ │ 007.64%→,00.00% │ 01.81% │ 07.85% │ 06.68%,05.84% │ 07.77% │ 02.11% │ 00.00%,000.00%· │ 000.03%← │ 002.51%→ │ 003.92%←,23.80%,63.74%,12.46%,031.25%→ │ 009.81%← │ 032.59%←,50.16%,49.84%,49.87%,50.13%,28597328068.06,28415113980.42,8614421206,8658589245,6551200320,463096248,461548088,3611548367,3645150966,3488848066,2500456378,1227269890,009.81%←,05.21%,10.72%,14.97%,10.74%,08.52%,04.55%,09.82%,14.87%,11.38%,09.22%,00.00%,01.81%,07.85%,06.68%,00.00%,02.11%,07.77%,05.84%,014.68%←,009.21%←,000.66%←,005.67%→,007.64%→,000.00%·,000.03%←,002.51%→,003.92%←
_ycfk,lterh,_vbux,qmop_,snaid,zgwj_,lterhsnaid,32998.515135,05.35%,000.36%←,37.93%,000.51%→,07.11%,20.20%,14.48%,41.75%,57010418258.51,000.65%←,000.92%→,01.72,000.30%→,01.72,01.73,05.21% │ 10.72% │ 14.97% │ 10.74% │ 08.52%,09.22% │ 11.38% │ 14.87% │ 09.82% │ 04.55%,04.27% │ 11.58% │ 16.92% │ 11.49% │ 05.62%,06.67% │ 12.14% │ 17.52% │ 09.96% │ 03.82%,014.68%← │ 009.22%← │ 000.65%← │ 005.67%→ │ 007.61%→,00.00% │ 01.81% │ 07.85% │ 06.68%,05.84% │ 07.77% │ 02.11% │ 00.00%,000.00%· │ 000.03%← │ 002.51%→ │ 003.98%←,23.74%,63.74%,12.52%,030.94%→ │ 009.83%← │ 031.01%←,50.16%,49.84%,49.87%,50.13%,28597328068.06,28413090190.45,8614421206,8658589245,6551200320,463096248,461425932,3611548367,3645150966,3488848066,2500456378,1227269890,009.83%←,05.21%,10.72%,14.97%,10.74%,08.52%,04.55%,09.82%,14.87%,11.38%,09.22%,00.00%,01.81%,07.85%,06.68%,00.00%,02.11%,07.77%,05.84%,014.68%←,009.22%←,000.65%←,005.67%→,007.61%→,000.00%·,000.03%←,002.51%→,003.98%←
_yumx,lterh,_zvcw,kgap_,snoid,qfbj_,lterhsnoid,32982.278695,04.84%,001.71%→,38.79%,001.02%→,06.88%,19.85%,14.31%,41.89%,57283367112.28,000.66%→,000.26%←,01.70,000.91%←,01.71,01.69,05.04% │ 09.30% │ 14.05% │ 11.26% │ 10.19%,10.29% │ 11.00% │ 14.64% │ 09.68% │ 04.56%,04.27% │ 10.63% │ 15.83% │ 12.46% │ 06.56%,07.29% │ 11.73% │ 17.45% │ 09.96% │ 03.82%,010.67%← │ 003.97%→ │ 004.04%→ │ 002.37%← │ 000.98%→,00.00% │ 01.92% │ 06.30% │ 06.29%,06.20% │ 06.02% │ 02.11% │ 00.00%,000.00%· │ 002.83%→ │ 005.07%→ │ 001.48%←,23.88%,63.24%,12.88%,042.45%→ │ 010.57%← │ 058.94%←,49.84%,50.16%,49.74%,50.26%,28547467422.17,28735899690.11,8592151242,8680859209,6700079735,414239665,421457809,3558605788,3549214130,3428553128,2471644957,1187635987,010.57%←,05.04%,09.30%,14.05%,11.26%,10.19%,04.56%,09.68%,14.64%,11.00%,10.29%,00.00%,01.92%,06.30%,06.29%,00.00%,02.11%,06.02%,06.20%,010.67%←,003.97%→,004.04%→,002.37%←,000.98%→,000.00%·,002.83%→,005.07%→,001.48%←
_yumw,lterh,_zvcx,qgap_,snoid,kfbj_,lterhsnoid,32968.968431,04.82%,002.83%→,38.79%,001.02%→,06.88%,19.85%,14.31%,41.89%,57314241076.96,000.59%→,000.26%←,01.70,000.91%←,01.71,01.69,05.04% │ 09.29% │ 14.07% │ 11.24% │ 10.20%,10.29% │ 10.99% │ 14.65% │ 09.67% │ 04.55%,04.27% │ 10.63% │ 15.83% │ 12.46% │ 06.56%,07.29% │ 11.73% │ 17.45% │ 09.96% │ 03.82%,010.66%← │ 003.90%→ │ 003.92%→ │ 002.28%← │ 000.80%→,00.00% │ 01.92% │ 06.30% │ 06.16%,06.21% │ 06.02% │ 02.11% │ 00.00%,000.00%· │ 002.83%→ │ 005.07%→ │ 000.83%→,25.06%,63.23%,11.71%,022.05%→ │ 010.78%← │ 007.02%→,49.85%,50.15%,49.74%,50.26%,28571703208.59,28742537868.37,8592151242,8680859209,6700079735,409918341,421839171,3558605788,3549214130,3428553128,2471644957,1187635987,010.78%←,05.04%,09.29%,14.07%,11.24%,10.20%,04.55%,09.67%,14.65%,10.99%,10.29%,00.00%,01.92%,06.30%,06.16%,00.00%,02.11%,06.02%,06.21%,010.66%←,003.90%→,003.92%→,002.28%←,000.80%→,000.00%·,002.83%→,005.07%→,000.83%→
_bcdz,uneis,_wgyx,qlhf_,roatm,jkpv_,uneisroatm,32962.527380,04.81%,000.23%←,39.26%,003.29%←,05.84%,18.23%,12.77%,41.21%,58805235667.63,000.09%←,000.61%←,01.69,001.78%→,01.67,01.70,03.46% │ 09.94% │ 13.61% │ 13.74% │ 09.27%,09.36% │ 13.36% │ 13.56% │ 10.66% │ 03.04%,02.78% │ 10.80% │ 17.35% │ 13.11% │ 06.77%,06.86% │ 12.57% │ 15.10% │ 12.06% │ 02.60%,013.92%← │ 006.71%→ │ 000.33%← │ 002.84%← │ 000.93%→,00.00% │ 00.85% │ 07.32% │ 05.25%,05.37% │ 08.40% │ 00.73% │ 00.00%,000.00%· │ 004.57%← │ 000.19%← │ 000.08%→,24.17%,63.28%,12.55%,019.17%→ │ 002.10%← │ 036.78%←,50.02%,49.98%,50.81%,49.19%,29415786332.09,29389449335.54,8776231322,8496779129,6781378278,415475891,414504733,3523982518,3502538857,3148046388,2206395749,1008541031,002.10%←,03.46%,09.94%,13.61%,13.74%,09.27%,03.04%,10.66%,13.56%,13.36%,09.36%,00.00%,00.85%,07.32%,05.25%,00.00%,00.73%,08.40%,05.37%,013.92%←,006.71%→,000.33%←,002.84%←,000.93%→,000.00%·,004.57%←,000.19%←,000.08%→
_bcdz,uneis,_wgyx,jlhf_,roatm,qkpv_,uneisroatm,32962.210227,04.81%,000.23%←,39.26%,003.29%←,05.84%,18.23%,12.77%,41.21%,58807959561.39,000.08%←,000.61%←,01.69,001.78%→,01.67,01.70,03.46% │ 09.94% │ 13.61% │ 13.74% │ 09.27%,09.36% │ 13.36% │ 13.57% │ 10.66% │ 03.04%,02.78% │ 10.80% │ 17.35% │ 13.11% │ 06.77%,06.86% │ 12.57% │ 15.10% │ 12.06% │ 02.60%,013.92%← │ 006.71%→ │ 000.29%← │ 002.87%← │ 000.97%→,00.00% │ 00.85% │ 07.32% │ 05.25%,05.37% │ 08.40% │ 00.73% │ 00.00%,000.00%· │ 004.57%← │ 000.19%← │ 000.09%→,24.37%,63.28%,12.35%,020.35%→ │ 002.10%← │ 042.00%←,50.02%,49.98%,50.81%,49.19%,29415786332.09,29392173229.30,8776231322,8496779129,6781378278,415475891,414538169,3523982518,3502538857,3148046388,2206395749,1008541031,002.10%←,03.46%,09.94%,13.61%,13.74%,09.27%,03.04%,10.66%,13.57%,13.36%,09.36%,00.00%,00.85%,07.32%,05.25%,00.00%,00.73%,08.40%,05.37%,013.92%←,006.71%→,000.29%←,002.87%←,000.97%→,000.00%·,004.57%←,000.19%←,000.09%→
_pouj,ditnh,_zbyv,qwlm_,saerc,xfgk_,ditnhsaerc,32773.111685,05.34%,000.11%←,39.54%,001.51%→,06.93%,18.67%,13.59%,42.11%,56451690116.37,000.41%→,000.17%→,01.68,000.92%←,01.69,01.67,04.59% │ 09.73% │ 14.55% │ 12.13% │ 08.90%,09.35% │ 11.70% │ 15.21% │ 09.86% │ 04.00%,03.82% │ 09.86% │ 17.98% │ 11.97% │ 05.99%,06.74% │ 12.15% │ 18.29% │ 09.88% │ 03.33%,014.80%← │ 001.30%→ │ 004.30%→ │ 003.71%← │ 004.81%→,00.00% │ 02.61% │ 09.33% │ 04.11%,03.97% │ 09.08% │ 02.63% │ 00.00%,000.00%· │ 000.93%→ │ 000.97%← │ 001.43%→,25.03%,62.30%,12.67%,050.15%← │ 014.61%→ │ 004.87%→,49.90%,50.10%,49.62%,50.38%,28167612307.28,28284077809.09,8570859324,8702151127,6830230803,461626582,461096974,3485803885,3491864965,3225588930,2346616247,1196484486,014.61%→,04.59%,09.73%,14.55%,12.13%,08.90%,04.00%,09.86%,15.21%,11.70%,09.35%,00.00%,02.61%,09.33%,04.11%,00.00%,02.63%,09.08%,03.97%,014.80%←,001.30%→,004.30%→,003.71%←,004.81%→,000.00%·,000.93%→,000.97%←,001.43%→
kurb_,fnied,_vwyx,qmsp_,lotac,_hgjz,fniedlotac,32772.754004,05.93%,001.48%←,39.80%,002.40%→,05.62%,17.97%,12.25%,40.53%,57106409880.10,000.36%→,002.25%→,01.67,000.10%←,01.67,01.67,03.85% │ 11.29% │ 13.55% │ 15.21% │ 06.01%,06.10% │ 15.42% │ 13.54% │ 10.93% │ 04.10%,02.93% │ 11.35% │ 15.81% │ 15.29% │ 04.01%,04.37% │ 14.84% │ 17.29% │ 10.65% │ 03.46%,005.99%→ │ 003.29%← │ 000.10%← │ 001.40%→ │ 001.49%→,00.08% │ 04.42% │ 08.09% │ 06.25%,06.13% │ 07.39% │ 04.58% │ 00.07%,004.47%→ │ 002.83%← │ 000.08%← │ 002.46%←,25.89%,59.60%,14.51%,005.50%← │ 004.96%← │ 027.49%→,49.91%,50.09%,49.39%,50.61%,28502327945.59,28604081934.51,8531715475,8741294976,6874523031,516259587,508727349,3427164562,3506212060,3103586273,2115112925,971185393,004.96%←,03.85%,11.29%,13.55%,15.21%,06.01%,04.10%,10.93%,13.54%,15.42%,06.10%,00.08%,04.42%,08.09%,06.25%,00.07%,04.58%,07.39%,06.13%,005.99%→,003.29%←,000.10%←,001.40%→,001.49%→,004.47%→,002.83%←,000.08%←,002.46%←
kurbx,fnied,_vwy_,qmsp_,lotac,_hgjz,fniedlotac,32758.426697,05.94%,001.57%←,39.80%,002.40%→,05.62%,17.97%,12.25%,40.53%,57120312954.30,000.31%→,002.25%→,01.67,000.10%←,01.67,01.67,03.85% │ 11.28% │ 13.55% │ 15.21% │ 06.03%,06.10% │ 15.42% │ 13.54% │ 10.93% │ 04.10%,02.93% │ 11.35% │ 15.81% │ 15.29% │ 04.01%,04.37% │ 14.84% │ 17.29% │ 10.65% │ 03.46%,005.99%→ │ 003.27%← │ 000.13%← │ 001.40%→ │ 001.10%→,00.08% │ 04.42% │ 08.09% │ 06.26%,06.13% │ 07.39% │ 04.58% │ 00.07%,004.47%→ │ 002.83%← │ 000.08%← │ 002.69%←,26.27%,59.58%,14.15%,008.52%← │ 004.96%← │ 031.75%→,49.92%,50.08%,49.39%,50.61%,28516231019.79,28604081934.51,8531715475,8741294976,6874523031,516727551,508727349,3427164562,3506212060,3103586273,2115112925,971185393,004.96%←,03.85%,11.28%,13.55%,15.21%,06.03%,04.10%,10.93%,13.54%,15.42%,06.10%,00.08%,04.42%,08.09%,06.26%,00.07%,04.58%,07.39%,06.13%,005.99%→,003.27%←,000.13%←,001.40%→,001.10%→,004.47%→,002.83%←,000.08%←,002.69%←
_yscq,linod,zkmpb,jgrf_,hetau,xv__w,linodhetau,32699.627531,04.97%,001.07%→,38.78%,001.78%→,06.68%,19.32%,12.42%,39.13%,58433617707.66,000.08%←,006.42%→,01.70,003.32%→,01.67,01.73,05.37% │ 10.40% │ 12.84% │ 13.64% │ 07.77%,07.45% │ 15.74% │ 10.89% │ 10.03% │ 05.88%,04.40% │ 10.04% │ 16.54% │ 13.04% │ 05.54%,05.10% │ 15.10% │ 15.32% │ 10.46% │ 04.47%,008.57%→ │ 003.69%← │ 017.87%← │ 013.33%→ │ 004.36%←,00.05% │ 02.11% │ 03.99% │ 08.60%,08.04% │ 04.33% │ 01.99% │ 00.05%,005.19%→ │ 001.73%← │ 000.46%→ │ 001.68%→,25.51%,60.66%,13.82%,007.84%← │ 018.93%→ │ 129.13%←,50.02%,49.98%,49.55%,50.45%,29228772873.73,29204844833.93,8558931254,8714079197,6698372706,426910198,431540255,3436939202,3672587745,3337241826,2144925274,1153372248,018.93%→,05.37%,10.40%,12.84%,13.64%,07.77%,05.88%,10.03%,10.89%,15.74%,07.45%,00.05%,02.11%,03.99%,08.60%,00.05%,01.99%,04.33%,08.04%,008.57%→,003.69%←,017.87%←,013.33%→,004.36%←,005.19%→,001.73%←,000.46%→,001.68%→
_kscb,linod,zympq,xvrf_,hetau,jg__w,linodhetau,32645.952683,04.96%,001.27%→,38.78%,001.78%→,06.68%,19.32%,12.42%,39.13%,58550406709.63,000.20%→,006.42%→,01.70,003.32%→,01.67,01.73,05.36% │ 10.35% │ 12.81% │ 13.63% │ 07.80%,07.47% │ 15.77% │ 10.97% │ 09.99% │ 05.85%,04.40% │ 10.04% │ 16.54% │ 13.04% │ 05.54%,05.10% │ 15.10% │ 15.32% │ 10.46% │ 04.47%,008.47%→ │ 003.62%← │ 016.72%← │ 013.57%→ │ 004.52%←,00.05% │ 02.11% │ 03.99% │ 08.57%,08.04% │ 04.33% │ 01.99% │ 00.05%,005.19%→ │ 001.73%← │ 000.46%→ │ 001.98%→,25.42%,60.59%,13.99%,024.86%← │ 018.94%→ │ 064.85%←,49.95%,50.05%,49.55%,50.45%,29245704540.90,29304702168.73,8558931254,8714079197,6698372706,426048546,431540255,3436939202,3672587745,3337241826,2144925274,1153372248,018.94%→,05.36%,10.35%,12.81%,13.63%,07.80%,05.85%,09.99%,10.97%,15.77%,07.47%,00.05%,02.11%,03.99%,08.57%,00.05%,01.99%,04.33%,08.04%,008.47%→,003.62%←,016.72%←,013.57%→,004.52%←,005.19%→,001.73%←,000.46%→,001.98%→
_bsmx,catoh,zjglq,_yruk,deinp,vfw__,catohdeinp,32597.073752,06.32%,000.22%→,40.47%,001.09%←,05.35%,17.39%,11.88%,40.58%,57872966230.16,000.55%→,000.96%→,01.65,001.33%→,01.64,01.66,04.06% │ 10.11% │ 13.33% │ 14.98% │ 07.39%,07.37% │ 15.58% │ 13.64% │ 09.73% │ 03.82%,03.46% │ 10.12% │ 17.29% │ 14.43% │ 04.97%,04.90% │ 15.86% │ 15.81% │ 10.27% │ 02.89%,006.12%← │ 003.96%← │ 002.24%→ │ 003.90%→ │ 000.29%←,00.07% │ 04.32% │ 07.39% │ 07.41%,06.90% │ 08.09% │ 04.35% │ 00.09%,005.71%→ │ 002.08%→ │ 000.08%→ │ 000.24%←,25.46%,60.07%,14.47%,011.93%→ │ 002.20%→ │ 032.30%←,49.86%,50.14%,50.27%,49.73%,28857384546.49,29015581683.67,8683416632,8589593819,6989611429,545040019,546250593,3392752149,3425536075,3004036318,2051201060,923266215,002.20%→,04.06%,10.11%,13.33%,14.98%,07.39%,03.82%,09.73%,13.64%,15.58%,07.37%,00.07%,04.32%,07.39%,07.41%,00.09%,04.35%,08.09%,06.90%,006.12%←,003.96%←,002.24%→,003.90%→,000.29%←,005.71%→,002.08%→,000.08%→,000.24%←
_bsmq,catoh,zjglx,_yruk,deinp,vfw__,catohdeinp,32592.749092,06.32%,000.24%→,40.47%,001.09%←,05.35%,17.39%,11.88%,40.58%,57867341974.17,000.56%→,000.96%→,01.65,001.33%→,01.64,01.66,04.06% │ 10.11% │ 13.33% │ 14.98% │ 07.38%,07.37% │ 15.59% │ 13.64% │ 09.73% │ 03.82%,03.46% │ 10.12% │ 17.29% │ 14.43% │ 04.97%,04.90% │ 15.86% │ 15.81% │ 10.27% │ 02.89%,006.14%← │ 003.95%← │ 002.27%→ │ 003.90%→ │ 000.21%←,00.07% │ 04.32% │ 07.39% │ 07.40%,06.90% │ 08.09% │ 04.35% │ 00.09%,005.71%→ │ 002.08%→ │ 000.08%→ │ 000.20%←,25.32%,60.07%,14.61%,012.99%→ │ 002.22%→ │ 034.52%←,49.86%,50.14%,50.27%,49.73%,28851760290.50,29015581683.67,8683416632,8589593819,6989611429,544930439,546250593,3392752149,3425536075,3004036318,2051201060,923266215,002.22%→,04.06%,10.11%,13.33%,14.98%,07.38%,03.82%,09.73%,13.64%,15.59%,07.37%,00.07%,04.32%,07.39%,07.40%,00.09%,04.35%,08.09%,06.90%,006.14%←,003.95%←,002.27%→,003.90%→,000.21%←,005.71%→,002.08%→,000.08%→,000.20%←
_mlbz,dreas,_vwgq,kfiy_,hnotc,xupj_,ctonhsaerd,32525.307906,05.24%,003.18%→,36.78%,002.33%←,06.68%,20.33%,14.85%,42.21%,57640893284.69,000.19%→,000.61%→,01.76,002.20%→,01.74,01.78,04.57% │ 09.86% │ 15.22% │ 11.24% │ 09.07%,08.49% │ 11.64% │ 16.20% │ 09.70% │ 04.02%,03.82% │ 10.21% │ 17.93% │ 11.94% │ 06.67%,05.62% │ 12.45% │ 17.29% │ 10.73% │ 03.33%,013.60%← │ 001.70%← │ 006.08%→ │ 003.45%→ │ 006.83%←,00.00% │ 01.97% │ 08.40% │ 04.69%,05.00% │ 09.07% │ 01.79% │ 00.00%,000.00%· │ 004.96%← │ 003.96%→ │ 003.55%→,23.94%,63.60%,12.46%,031.78%→ │ 017.17%← │ 009.18%→,49.95%,50.05%,50.58%,49.42%,28793239524.89,28847653759.80,8736124140,8536886311,6352222736,445596661,460227823,3716358122,3739318795,3511531487,2565099908,1153922061,017.17%←,04.57%,09.86%,15.22%,11.24%,09.07%,04.02%,09.70%,16.20%,11.64%,08.49%,00.00%,01.97%,08.40%,04.69%,00.00%,01.79%,09.07%,05.00%,013.60%←,001.70%←,006.08%→,003.45%→,006.83%←,000.00%·,004.96%←,003.96%→,003.55%→
_mlbq,dreas,_vwgz,kfiy_,hnotc,xupj_,ctonhsaerd,32523.959642,05.24%,003.17%→,36.78%,002.33%←,06.68%,20.33%,14.85%,42.21%,57639908915.79,000.19%→,000.61%→,01.76,002.20%→,01.74,01.78,04.57% │ 09.86% │ 15.21% │ 11.24% │ 09.07%,08.49% │ 11.64% │ 16.20% │ 09.70% │ 04.02%,03.82% │ 10.21% │ 17.93% │ 11.94% │ 06.67%,05.62% │ 12.45% │ 17.29% │ 10.73% │ 03.33%,013.60%← │ 001.70%← │ 006.11%→ │ 003.44%→ │ 006.85%←,00.00% │ 01.97% │ 08.40% │ 04.69%,05.00% │ 09.07% │ 01.79% │ 00.00%,000.00%· │ 004.96%← │ 003.96%→ │ 003.52%→,23.90%,63.59%,12.50%,032.07%→ │ 017.16%← │ 008.51%→,49.95%,50.05%,50.58%,49.42%,28792255155.99,28847653759.80,8736124140,8536886311,6352222736,445636285,460227823,3716358122,3739318795,3511531487,2565099908,1153922061,017.16%←,04.57%,09.86%,15.21%,11.24%,09.07%,04.02%,09.70%,16.20%,11.64%,08.49%,00.00%,01.97%,08.40%,04.69%,00.00%,01.79%,09.07%,05.00%,013.60%←,001.70%←,006.11%→,003.44%→,006.85%←,000.00%·,004.96%←,003.96%→,003.52%→
_pr_x,miteh,kjbyv,wdsf_,lonau,qgc_z,mitehlonau,32494.357125,04.98%,004.72%→,37.78%,000.48%→,06.68%,19.62%,12.96%,39.79%,58479918892.56,001.93%→,002.35%←,01.73,002.06%←,01.75,01.71,04.17% │ 09.86% │ 12.07% │ 14.82% │ 08.60%,08.66% │ 13.85% │ 14.09% │ 10.09% │ 03.79%,03.35% │ 09.96% │ 16.94% │ 13.67% │ 05.95%,06.06% │ 13.44% │ 17.26% │ 10.46% │ 02.91%,009.98%← │ 002.32%→ │ 014.36%→ │ 006.96%← │ 000.69%→,00.20% │ 02.11% │ 05.68% │ 06.37%,06.80% │ 05.84% │ 01.99% │ 00.24%,000.94%→ │ 000.76%← │ 004.60%→ │ 005.69%→,26.46%,59.41%,14.14%,043.22%→ │ 021.87%← │ 006.79%←,49.51%,50.49%,49.88%,50.12%,28954855183.34,29525063709.22,8615670990,8657339461,6526587920,419417192,440173364,3682889753,3598421980,3388930379,2239267986,1154319139,021.87%←,04.17%,09.86%,12.07%,14.82%,08.60%,03.79%,10.09%,14.09%,13.85%,08.66%,00.20%,02.11%,05.68%,06.37%,00.24%,01.99%,05.84%,06.80%,009.98%←,002.32%→,014.36%→,006.96%←,000.69%→,000.94%→,000.76%←,004.60%→,005.69%→
_pr_x,miteh,kjbyv,wdsf_,lonau,_gcqz,mitehlonau,32440.289866,04.98%,004.84%→,37.78%,000.48%→,06.71%,19.60%,12.98%,39.84%,58463195387.65,001.88%→,002.35%←,01.73,002.06%←,01.75,01.71,04.17% │ 09.86% │ 12.07% │ 14.82% │ 08.61%,08.51% │ 13.86% │ 14.09% │ 10.22% │ 03.79%,03.35% │ 09.96% │ 16.94% │ 13.67% │ 05.95%,05.96% │ 13.44% │ 17.26% │ 10.56% │ 02.91%,009.98%← │ 003.55%→ │ 014.36%→ │ 006.96%← │ 001.15%←,00.20% │ 02.11% │ 05.68% │ 06.37%,06.81% │ 05.84% │ 02.05% │ 00.24%,000.94%→ │ 003.03%→ │ 004.60%→ │ 005.35%→,26.47%,59.42%,14.11%,043.22%→ │ 021.87%← │ 007.24%←,49.53%,50.47%,49.88%,50.12%,28954855183.34,29508340204.31,8615670990,8657339461,6526587920,419417192,440757826,3682889753,3598421980,3385418818,2241955628,1158940754,021.87%←,04.17%,09.86%,12.07%,14.82%,08.61%,03.79%,10.22%,14.09%,13.86%,08.51%,00.20%,02.11%,05.68%,06.37%,00.24%,02.05%,05.84%,06.81%,009.98%←,003.55%→,014.36%→,006.96%←,001.15%←,000.94%→,003.03%→,004.60%→,005.35%→
_wcmv,lterh,_kfpq,jgay_,snoid,zbux_,lterhsnoid,32432.323664,04.50%,002.98%→,39.46%,000.48%←,07.29%,19.52%,14.33%,42.34%,57212589800.15,000.66%←,002.18%→,01.68,001.80%→,01.67,01.70,05.07% │ 09.59% │ 16.28% │ 10.23% │ 09.00%,09.68% │ 10.81% │ 15.86% │ 08.86% │ 04.63%,04.27% │ 11.23% │ 17.48% │ 11.28% │ 05.86%,06.81% │ 11.16% │ 18.61% │ 09.48% │ 03.82%,009.62%← │ 008.22%← │ 002.63%← │ 005.38%→ │ 007.03%→,00.00% │ 00.69% │ 06.40% │ 05.95%,05.64% │ 06.43% │ 00.80% │ 00.00%,000.00%· │ 002.57%← │ 006.39%→ │ 000.63%←,23.81%,63.44%,12.75%,027.13%→ │ 014.09%← │ 001.67%→,50.16%,49.84%,50.12%,49.88%,28700374958.74,28512214841.41,8657029033,8615981418,6815107600,383080017,394836951,3457945148,3534846905,3372362738,2476022661,1258811333,014.09%←,05.07%,09.59%,16.28%,10.23%,09.00%,04.63%,08.86%,15.86%,10.81%,09.68%,00.00%,00.69%,06.40%,05.95%,00.00%,00.80%,06.43%,05.64%,009.62%←,008.22%←,002.63%←,005.38%→,007.03%→,000.00%·,002.57%←,006.39%→,000.63%←
_wcmv,lterh,_kfpz,jgay_,snoid,qbux_,lterhsnoid,32224.772565,04.51%,002.84%→,39.45%,000.59%←,07.26%,19.45%,14.41%,42.56%,57228649466.08,001.03%←,001.84%→,01.68,001.66%→,01.67,01.69,05.07% │ 09.58% │ 16.33% │ 10.23% │ 09.05%,09.61% │ 10.81% │ 15.87% │ 08.83% │ 04.62%,04.27% │ 11.23% │ 17.48% │ 11.28% │ 05.89%,06.78% │ 11.16% │ 18.61% │ 09.48% │ 03.82%,009.65%← │ 008.49%← │ 002.86%← │ 005.36%→ │ 005.85%→,00.00% │ 00.69% │ 06.40% │ 05.97%,05.66% │ 06.43% │ 00.80% │ 00.00%,000.00%· │ 002.57%← │ 006.39%→ │ 000.93%←,23.77%,63.45%,12.78%,026.94%→ │ 014.42%← │ 000.86%→,50.26%,49.74%,50.15%,49.85%,28760290992.10,28468358473.98,8662108345,8610902106,6813781727,383886673,395117943,3464525414,3529592512,3359205884,2489448018,1253803249,014.42%←,05.07%,09.58%,16.33%,10.23%,09.05%,04.62%,08.83%,15.87%,10.81%,09.61%,00.00%,00.69%,06.40%,05.97%,00.00%,00.80%,06.43%,05.66%,009.65%←,008.49%←,002.86%←,005.36%→,005.85%→,000.00%·,002.57%←,006.39%→,000.93%←
_ysbq,uonel,_vpfk,xdrg_,hitac,zmwj_,uonelhitac,32203.527255,04.99%,000.21%→,41.23%,000.37%←,06.64%,17.46%,12.80%,42.30%,56428601703.19,000.01%→,001.21%→,01.63,000.99%→,01.62,01.64,03.76% │ 10.48% │ 12.90% │ 15.48% │ 07.38%,07.67% │ 14.68% │ 12.67% │ 11.01% │ 03.97%,02.78% │ 10.34% │ 16.08% │ 15.78% │ 05.11%,05.00% │ 14.01% │ 17.02% │ 10.55% │ 03.33%,005.28%→ │ 004.87%→ │ 001.85%← │ 005.44%← │ 003.82%→,00.00% │ 03.91% │ 04.84% │ 06.27%,06.76% │ 04.74% │ 03.86% │ 00.00%,000.00%· │ 000.61%→ │ 003.50%→ │ 001.98%←,25.45%,60.65%,13.90%,020.49%→ │ 001.48%← │ 042.89%←,50.00%,50.00%,50.09%,49.91%,28212928408.70,28215673294.49,8652330801,8620679650,7121903135,430758561,431666646,3322733219,3363263299,3015321553,2210208867,1147049704,001.48%←,03.76%,10.48%,12.90%,15.48%,07.38%,03.97%,11.01%,12.67%,14.68%,07.67%,00.00%,03.91%,04.84%,06.27%,00.00%,03.86%,04.74%,06.76%,005.28%→,004.87%→,001.85%←,005.44%←,003.82%→,000.00%·,000.61%→,003.50%→,001.98%←
_ysbq,uonel,_vpfk,zdrg_,hitac,xmwj_,uonelhitac,32196.227902,04.99%,000.15%→,41.23%,000.37%←,06.64%,17.46%,12.80%,42.30%,56430610628.93,000.02%→,001.21%→,01.63,000.99%→,01.62,01.64,03.76% │ 10.48% │ 12.90% │ 15.48% │ 07.37%,07.67% │ 14.68% │ 12.67% │ 11.02% │ 03.97%,02.78% │ 10.34% │ 16.08% │ 15.78% │ 05.11%,05.00% │ 14.01% │ 17.02% │ 10.55% │ 03.33%,005.30%→ │ 004.87%→ │ 001.89%← │ 005.44%← │ 003.89%→,00.00% │ 03.91% │ 04.84% │ 06.27%,06.75% │ 04.74% │ 03.86% │ 00.00%,000.00%· │ 000.61%→ │ 003.50%→ │ 002.11%←,25.38%,60.65%,13.97%,020.11%→ │ 001.49%← │ 041.09%←,50.00%,50.00%,50.09%,49.91%,28212928408.70,28217682220.23,8652330801,8620679650,7121903135,430758561,431388570,3322733219,3363263299,3015321553,2210208867,1147049704,001.49%←,03.76%,10.48%,12.90%,15.48%,07.37%,03.97%,11.02%,12.67%,14.68%,07.67%,00.00%,03.91%,04.84%,06.27%,00.00%,03.86%,04.74%,06.75%,005.30%→,004.87%→,001.89%←,005.44%←,003.89%→,000.00%·,000.61%→,003.50%→,002.11%←
_grdx,catih,_jwmz,qbsy_,lenou,kfpv_,catihlenou,32195.632745,04.99%,000.21%←,41.23%,000.37%→,06.64%,17.46%,12.80%,42.30%,56428601703.19,000.01%←,001.22%←,01.63,001.00%←,01.64,01.62,03.97% │ 11.01% │ 12.67% │ 14.68% │ 07.67%,07.38% │ 15.48% │ 12.90% │ 10.48% │ 03.76%,03.33% │ 10.55% │ 17.02% │ 14.01% │ 05.00%,05.11% │ 15.78% │ 16.08% │ 10.34% │ 02.78%,005.57%← │ 005.12%← │ 001.82%→ │ 005.16%→ │ 003.97%←,00.00% │ 03.86% │ 04.74% │ 06.76%,06.27% │ 04.84% │ 03.91% │ 00.00%,000.00%· │ 000.61%← │ 003.62%← │ 001.94%→,25.45%,60.65%,13.90%,025.77%← │ 001.46%→ │ 030.02%→,50.00%,50.00%,49.91%,50.09%,28215673294.49,28212928408.70,8620679650,8652330801,7121903135,431666646,430758561,3363263299,3322733219,3015321553,2210208867,1147049704,001.46%→,03.97%,11.01%,12.67%,14.68%,07.67%,03.76%,10.48%,12.90%,15.48%,07.38%,00.00%,03.86%,04.74%,06.76%,00.00%,03.91%,04.84%,06.27%,005.57%←,005.12%←,001.82%→,005.16%→,003.97%←,000.00%·,000.61%←,003.62%←,001.94%→
_grdz,catih,_jwmx,qbsy_,lenou,kfpv_,catihlenou,32188.247935,04.99%,000.15%←,41.23%,000.37%→,06.64%,17.46%,12.80%,42.30%,56430610628.93,000.02%←,001.22%←,01.63,001.00%←,01.64,01.62,03.97% │ 11.02% │ 12.67% │ 14.68% │ 07.67%,07.37% │ 15.48% │ 12.90% │ 10.48% │ 03.76%,03.33% │ 10.55% │ 17.02% │ 14.01% │ 05.00%,05.11% │ 15.78% │ 16.08% │ 10.34% │ 02.78%,005.59%← │ 005.12%← │ 001.85%→ │ 005.16%→ │ 004.05%←,00.00% │ 03.86% │ 04.74% │ 06.75%,06.27% │ 04.84% │ 03.91% │ 00.00%,000.00%· │ 000.61%← │ 003.62%← │ 002.07%→,25.38%,60.65%,13.97%,025.17%← │ 001.47%→ │ 029.12%→,50.00%,50.00%,49.91%,50.09%,28217682220.23,28212928408.70,8620679650,8652330801,7121903135,431388570,430758561,3363263299,3322733219,3015321553,2210208867,1147049704,001.47%→,03.97%,11.02%,12.67%,14.68%,07.67%,03.76%,10.48%,12.90%,15.48%,07.37%,00.00%,03.86%,04.74%,06.75%,00.00%,03.91%,04.84%,06.27%,005.59%←,005.12%←,001.85%→,005.16%→,004.05%←,000.00%·,000.61%←,003.62%←,002.07%→
_mcky,hretd,_vbux,zfop_,snail,qgwj_,hretdsnail,32123.916056,05.16%,000.09%→,37.07%,000.61%→,06.75%,20.51%,15.20%,42.56%,57195757522.06,000.67%←,005.20%→,01.75,003.48%→,01.72,01.78,05.63% │ 10.03% │ 15.22% │ 10.89% │ 08.40%,09.17% │ 10.68% │ 14.75% │ 09.85% │ 05.39%,04.68% │ 10.21% │ 16.92% │ 12.32% │ 05.72%,06.67% │ 11.73% │ 17.52% │ 09.96% │ 04.27%,004.53%← │ 001.77%← │ 003.21%← │ 002.00%← │ 008.43%→,00.00% │ 01.97% │ 07.85% │ 05.81%,05.48% │ 07.77% │ 02.11% │ 00.00%,000.00%· │ 004.26%→ │ 002.51%→ │ 004.05%←,23.95%,63.50%,12.55%,022.48%→ │ 004.75%← │ 035.47%←,50.17%,49.83%,49.85%,50.15%,28692926486.58,28502831035.48,8609878754,8663131697,6403665708,445286826,445676923,3603244176,3800989769,3543064489,2624869598,1165328621,004.75%←,05.63%,10.03%,15.22%,10.89%,08.40%,05.39%,09.85%,14.75%,10.68%,09.17%,00.00%,01.97%,07.85%,05.81%,00.00%,02.11%,07.77%,05.48%,004.53%←,001.77%←,003.21%←,002.00%←,008.43%→,000.00%·,004.26%→,002.51%→,004.05%←
_mcky,hretd,_vbux,qfop_,snail,zgwj_,hretdsnail,32122.018493,05.16%,000.04%→,37.07%,000.61%→,06.75%,20.51%,15.20%,42.56%,57193549109.85,000.67%←,005.20%→,01.75,003.48%→,01.72,01.78,05.63% │ 10.03% │ 15.22% │ 10.89% │ 08.40%,09.17% │ 10.68% │ 14.75% │ 09.85% │ 05.39%,04.68% │ 10.21% │ 16.92% │ 12.32% │ 05.72%,06.67% │ 11.73% │ 17.52% │ 09.96% │ 04.27%,004.53%← │ 001.78%← │ 003.20%← │ 002.00%← │ 008.39%→,00.00% │ 01.97% │ 07.85% │ 05.81%,05.47% │ 07.77% │ 02.11% │ 00.00%,000.00%· │ 004.26%→ │ 002.51%→ │ 004.17%←,23.89%,63.50%,12.61%,022.10%→ │ 004.77%← │ 033.84%←,50.17%,49.83%,49.85%,50.15%,28692926486.58,28500622623.27,8609878754,8663131697,6403665708,445286826,445480839,3603244176,3800989769,3543064489,2624869598,1165328621,004.77%←,05.63%,10.03%,15.22%,10.89%,08.40%,05.39%,09.85%,14.75%,10.68%,09.17%,00.00%,01.97%,07.85%,05.81%,00.00%,02.11%,07.77%,05.47%,004.53%←,001.78%←,003.20%←,002.00%←,008.39%→,000.00%·,004.26%→,002.51%→,004.17%←
_fr_b,maiel,kjywx,vpsc_,hotnu,qdg_z,maielhotnu,32097.729843,05.57%,002.82%←,40.61%,001.60%→,05.63%,18.35%,12.09%,39.72%,58290733629.78,001.94%←,004.11%←,01.65,003.73%←,01.68,01.62,04.28% │ 10.39% │ 14.27% │ 12.62% │ 08.93%,08.88% │ 13.26% │ 13.86% │ 09.74% │ 03.79%,03.35% │ 10.69% │ 15.82% │ 13.66% │ 06.08%,05.86% │ 13.53% │ 17.29% │ 10.82% │ 02.91%,013.10%← │ 006.66%← │ 002.96%← │ 004.86%→ │ 000.59%←,00.20% │ 02.52% │ 08.57% │ 06.04%,05.98% │ 07.39% │ 02.80% │ 00.24%,000.94%→ │ 011.11%→ │ 006.03%← │ 002.95%←,26.51%,59.56%,13.93%,018.69%→ │ 017.53%← │ 014.67%→,50.48%,49.52%,49.60%,50.40%,29425949323.45,28864784306.33,8566696649,8706313802,7013746694,487924384,474537115,3465446921,3328706038,3170031911,2089092094,972577287,017.53%←,04.28%,10.39%,14.27%,12.62%,08.93%,03.79%,09.74%,13.86%,13.26%,08.88%,00.20%,02.52%,08.57%,06.04%,00.24%,02.80%,07.39%,05.98%,013.10%←,006.66%←,002.96%←,004.86%→,000.59%←,000.94%→,011.11%→,006.03%←,002.95%←
_frwx,maiel,kjy_b,vpsc_,hotnu,qdg_z,maielhotnu,32056.230128,05.57%,002.82%←,40.61%,001.60%→,05.63%,18.35%,12.09%,39.72%,58415139171.62,002.38%←,004.11%←,01.65,003.73%←,01.68,01.62,04.28% │ 10.41% │ 14.34% │ 12.69% │ 08.88%,08.86% │ 13.23% │ 13.83% │ 09.72% │ 03.78%,03.35% │ 10.69% │ 15.82% │ 13.66% │ 06.08%,05.86% │ 13.53% │ 17.29% │ 10.82% │ 02.91%,013.14%← │ 007.08%← │ 003.71%← │ 004.14%→ │ 000.25%←,00.20% │ 02.52% │ 08.57% │ 06.04%,05.98% │ 07.39% │ 02.80% │ 00.24%,000.94%→ │ 011.11%→ │ 006.03%← │ 002.95%←,26.25%,59.64%,14.11%,020.09%→ │ 018.29%← │ 011.89%→,50.59%,49.41%,49.60%,50.40%,29550354865.29,28864784306.33,8566696649,8706313802,7013746694,487924384,474537115,3465446921,3328706038,3170031911,2089092094,972577287,018.29%←,04.28%,10.41%,14.34%,12.69%,08.88%,03.78%,09.72%,13.83%,13.23%,08.86%,00.20%,02.52%,08.57%,06.04%,00.24%,02.80%,07.39%,05.98%,013.14%←,007.08%←,003.71%←,004.14%→,000.25%←,000.94%→,011.11%→,006.03%←,002.95%←
_pndx,citoh,_qymj,zwsv_,learu,kgfb_,citohlearu,32022.379796,05.11%,002.48%→,38.79%,000.96%←,06.36%,18.89%,13.69%,42.03%,57077650364.78,000.61%→,001.41%←,01.70,000.32%←,01.70,01.70,04.02% │ 09.70% │ 14.46% │ 14.19% │ 07.48%,07.45% │ 15.61% │ 14.34% │ 09.20% │ 03.56%,03.33% │ 09.83% │ 17.99% │ 13.99% │ 05.10%,05.14% │ 15.71% │ 16.90% │ 09.23% │ 02.78%,012.88%← │ 005.47%← │ 000.83%← │ 009.08%→ │ 000.39%←,00.00% │ 02.07% │ 06.47% │ 06.05%,05.73% │ 07.04% │ 02.19% │ 00.00%,000.00%· │ 000.49%← │ 002.18%→ │ 003.29%→,25.74%,60.10%,14.17%,044.90%← │ 008.23%→ │ 029.47%→,49.85%,50.15%,50.24%,49.76%,28451230749.96,28626419614.82,8677617733,8595392718,6700741043,435778199,446880059,3578493108,3528665502,3263087113,2365377696,1097804278,008.23%→,04.02%,09.70%,14.46%,14.19%,07.48%,03.56%,09.20%,14.34%,15.61%,07.45%,00.00%,02.07%,06.47%,06.05%,00.00%,02.19%,07.04%,05.73%,012.88%←,005.47%←,000.83%←,009.08%→,000.39%←,000.00%·,000.49%←,002.18%→,003.29%→
_msu_,cntoh,zybd_,jgrf_,leiap,qvwxk,cntohleiap,32011.410698,05.94%,001.94%←,41.10%,003.91%←,05.75%,17.55%,12.09%,40.79%,57193475907.02,001.28%←,004.34%→,01.63,005.12%→,01.59,01.68,04.16% │ 11.21% │ 13.17% │ 14.87% │ 06.90%,06.57% │ 14.79% │ 14.14% │ 10.43% │ 03.75%,03.46% │ 11.80% │ 16.86% │ 14.16% │ 04.68%,04.60% │ 15.10% │ 15.81% │ 10.65% │ 02.89%,011.01%← │ 007.54%← │ 006.86%→ │ 000.53%← │ 004.99%←,00.07% │ 02.15% │ 07.60% │ 07.77%,07.20% │ 08.09% │ 02.29% │ 00.09%,005.71%→ │ 003.80%← │ 000.09%← │ 003.31%←,25.96%,59.98%,14.06%,007.53%← │ 013.63%→ │ 081.78%←,50.32%,49.68%,50.96%,49.04%,28778599937.78,28414875969.24,8802000248,8471010203,7099911459,518334095,508445155,3279532603,3428455591,3031170353,2088428053,993936939,013.63%→,04.16%,11.21%,13.17%,14.87%,06.90%,03.75%,10.43%,14.14%,14.79%,06.57%,00.07%,02.15%,07.60%,07.77%,00.09%,02.29%,08.09%,07.20%,011.01%←,007.54%←,006.86%→,000.53%←,004.99%←,005.71%→,003.80%←,000.09%←,003.31%←
_pndj,citoh,_qymx,zwsv_,learu,kgfb_,citohlearu,32002.929187,05.10%,002.75%→,38.79%,000.96%←,06.36%,18.89%,13.69%,42.03%,57079927735.25,000.60%→,001.41%←,01.70,000.32%←,01.70,01.70,04.02% │ 09.72% │ 14.45% │ 14.18% │ 07.47%,07.45% │ 15.61% │ 14.34% │ 09.20% │ 03.56%,03.33% │ 09.83% │ 17.99% │ 13.99% │ 05.10%,05.14% │ 15.71% │ 16.90% │ 09.23% │ 02.78%,012.90%← │ 005.67%← │ 000.80%← │ 009.11%→ │ 000.31%←,00.00% │ 02.07% │ 06.47% │ 06.02%,05.73% │ 07.04% │ 02.19% │ 00.00%,000.00%· │ 000.49%← │ 002.18%→ │ 003.87%→,25.81%,60.08%,14.11%,045.57%← │ 008.25%→ │ 030.16%→,49.85%,50.15%,50.24%,49.76%,28453508120.43,28626419614.82,8677617733,8595392718,6700741043,434577015,446880059,3578493108,3528665502,3263087113,2365377696,1097804278,008.25%→,04.02%,09.72%,14.45%,14.18%,07.47%,03.56%,09.20%,14.34%,15.61%,07.45%,00.00%,02.07%,06.47%,06.02%,00.00%,02.19%,07.04%,05.73%,012.90%←,005.67%←,000.80%←,009.11%→,000.31%←,000.00%·,000.49%←,002.18%→,003.87%→
_msu_,cntoh,zybd_,qgrfk,leiap,jvwx_,cntohleiap,31974.987362,05.94%,001.93%←,41.10%,003.91%←,05.75%,17.55%,12.09%,40.79%,57329371243.96,000.80%←,004.34%→,01.63,005.12%→,01.59,01.68,04.15% │ 11.19% │ 13.14% │ 14.84% │ 06.89%,06.56% │ 14.80% │ 14.16% │ 10.41% │ 03.87%,03.46% │ 11.80% │ 16.86% │ 14.16% │ 04.68%,04.60% │ 15.10% │ 15.81% │ 10.65% │ 02.89%,007.31%← │ 007.45%← │ 007.22%→ │ 000.27%← │ 004.92%←,00.07% │ 02.15% │ 07.60% │ 07.77%,07.20% │ 08.09% │ 02.29% │ 00.09%,005.71%→ │ 003.80%← │ 000.09%← │ 003.27%←,27.06%,59.95%,13.00%,001.63%→ │ 013.92%→ │ 129.34%←,50.20%,49.80%,50.96%,49.04%,28778599937.78,28550771306.18,8802000248,8471010203,7099911459,518334095,508539313,3279532603,3428455591,3031170353,2088428053,993936939,013.92%→,04.15%,11.19%,13.14%,14.84%,06.89%,03.87%,10.41%,14.16%,14.80%,06.56%,00.07%,02.15%,07.60%,07.77%,00.09%,02.29%,08.09%,07.20%,007.31%←,007.45%←,007.22%→,000.27%←,004.92%←,005.71%→,003.80%←,000.09%←,003.27%←
__smx,catoh,zwglj,vfruk,deinp,qyb__,catohdeinp,31943.575389,06.46%,001.55%→,39.71%,000.98%←,05.25%,17.83%,12.14%,40.51%,58406936172.74,000.81%→,002.52%→,01.67,002.35%→,01.65,01.69,04.02% │ 10.08% │ 13.23% │ 14.80% │ 07.67%,07.52% │ 15.73% │ 13.37% │ 09.80% │ 03.78%,03.46% │ 09.96% │ 17.29% │ 14.43% │ 05.10%,05.00% │ 15.86% │ 15.74% │ 10.27% │ 02.89%,006.16%← │ 002.87%← │ 001.07%→ │ 005.90%→ │ 002.03%←,00.07% │ 04.18% │ 07.39% │ 07.72%,07.02% │ 08.54% │ 04.35% │ 00.09%,005.71%→ │ 006.78%→ │ 004.82%→ │ 003.06%←,25.85%,59.85%,14.30%,038.12%→ │ 000.34%→ │ 135.88%←,49.80%,50.20%,50.24%,49.76%,29084981482.45,29321954690.29,8678591362,8594419089,6858519338,553795454,562495936,3430352100,3519028215,3079698409,2097310202,907251959,000.34%→,04.02%,10.08%,13.23%,14.80%,07.67%,03.78%,09.80%,13.37%,15.73%,07.52%,00.07%,04.18%,07.39%,07.72%,00.09%,04.35%,08.54%,07.02%,006.16%←,002.87%←,001.07%→,005.90%→,002.03%←,005.71%→,006.78%→,004.82%→,003.06%←
__smj,catoh,zwglx,vfruk,deinp,qyb__,catohdeinp,31943.094022,06.46%,001.53%→,39.71%,000.98%←,05.25%,17.83%,12.14%,40.51%,58403891945.72,000.82%→,002.52%→,01.67,002.35%→,01.65,01.69,04.02% │ 10.08% │ 13.23% │ 14.80% │ 07.67%,07.52% │ 15.73% │ 13.37% │ 09.80% │ 03.78%,03.46% │ 09.96% │ 17.29% │ 14.43% │ 05.10%,05.00% │ 15.86% │ 15.74% │ 10.27% │ 02.89%,006.18%← │ 002.90%← │ 001.10%→ │ 005.93%→ │ 002.02%←,00.07% │ 04.18% │ 07.39% │ 07.73%,07.02% │ 08.54% │ 04.35% │ 00.09%,005.71%→ │ 006.78%→ │ 004.82%→ │ 003.11%←,25.90%,59.85%,14.24%,037.79%→ │ 000.36%→ │ 134.61%←,49.79%,50.21%,50.24%,49.76%,29081937255.43,29321954690.29,8678591362,8594419089,6858519338,553913080,562495936,3430352100,3519028215,3079698409,2097310202,907251959,000.36%→,04.02%,10.08%,13.23%,14.80%,07.67%,03.78%,09.80%,13.37%,15.73%,07.52%,00.07%,04.18%,07.39%,07.73%,00.09%,04.35%,08.54%,07.02%,006.18%←,002.90%←,001.10%→,005.93%→,002.02%←,005.71%→,006.78%→,004.82%→,003.11%←
_fsmb,uanil,_xpdq,kgrj_,hetoc,zvwy_,uanilhetoc,31892.339736,05.58%,001.40%←,37.33%,001.94%→,06.23%,18.70%,13.25%,41.48%,58314813221.67,000.02%→,002.57%→,01.74,000.47%→,01.74,01.75,03.66% │ 10.16% │ 12.85% │ 14.50% │ 08.83%,08.36% │ 15.98% │ 12.39% │ 09.51% │ 03.77%,02.78% │ 10.65% │ 16.08% │ 14.01% │ 05.99%,05.55% │ 15.10% │ 17.02% │ 09.49% │ 03.33%,002.94%→ │ 006.83%← │ 003.72%← │ 009.23%→ │ 005.56%←,00.00% │ 02.29% │ 04.84% │ 08.93%,08.37% │ 04.74% │ 02.48% │ 00.00%,000.00%· │ 003.76%← │ 003.50%→ │ 003.37%←,25.87%,60.54%,13.59%,042.38%← │ 019.00%→ │ 030.97%←,49.99%,50.01%,49.51%,50.49%,29154285771.66,29160527450.01,8551846433,8721164018,6447186903,485277645,478575376,3632485542,3728227208,3230287002,2289412146,1076393281,019.00%→,03.66%,10.16%,12.85%,14.50%,08.83%,03.77%,09.51%,12.39%,15.98%,08.36%,00.00%,02.29%,04.84%,08.93%,00.00%,02.48%,04.74%,08.37%,002.94%→,006.83%←,003.72%←,009.23%→,005.56%←,000.00%·,003.76%←,003.50%→,003.37%←
_yrfk,unied,_bwvj,xmsp_,hotac,zlgq_,uniedhotac,31884.822392,06.25%,002.36%→,39.85%,002.25%→,05.41%,17.53%,12.54%,41.69%,57744872468.10,002.12%→,002.50%→,01.67,000.18%→,01.67,01.67,03.48% │ 10.52% │ 13.54% │ 14.78% │ 07.14%,07.49% │ 15.06% │ 13.43% │ 10.69% │ 03.86%,02.78% │ 10.81% │ 15.81% │ 15.23% │ 04.80%,05.00% │ 14.43% │ 17.29% │ 10.52% │ 03.33%,009.78%→ │ 001.62%→ │ 000.81%← │ 001.82%→ │ 004.75%→,00.00% │ 03.78% │ 08.09% │ 07.00%,07.48% │ 07.39% │ 04.12% │ 00.00%,000.00%· │ 005.74%→ │ 000.08%← │ 003.49%→,25.44%,60.92%,13.64%,001.38%← │ 003.62%← │ 029.17%→,49.46%,50.54%,49.43%,50.57%,28562731595.57,29182140872.53,8538387996,8734622455,6883953010,533734624,546613708,3418092785,3505853858,3028428725,2165387883,934708468,003.62%←,03.48%,10.52%,13.54%,14.78%,07.14%,03.86%,10.69%,13.43%,15.06%,07.49%,00.00%,03.78%,08.09%,07.00%,00.00%,04.12%,07.39%,07.48%,009.78%→,001.62%→,000.81%←,001.82%→,004.75%→,000.00%·,005.74%→,000.08%←,003.49%→
_yrfk,unied,_bwvj,zmsp_,hotac,xlgq_,uniedhotac,31863.005877,06.26%,002.43%→,39.85%,002.25%→,05.41%,17.53%,12.54%,41.69%,57755220454.93,002.16%→,002.50%→,01.67,000.18%→,01.67,01.67,03.48% │ 10.52% │ 13.54% │ 14.78% │ 07.14%,07.49% │ 15.05% │ 13.43% │ 10.71% │ 03.86%,02.78% │ 10.81% │ 15.81% │ 15.23% │ 04.80%,05.00% │ 14.43% │ 17.29% │ 10.52% │ 03.33%,009.80%→ │ 001.81%→ │ 000.83%← │ 001.82%→ │ 004.76%→,00.00% │ 03.78% │ 08.09% │ 07.00%,07.49% │ 07.39% │ 04.12% │ 00.00%,000.00%· │ 005.74%→ │ 000.08%← │ 003.66%→,25.37%,60.90%,13.73%,001.96%← │ 003.63%← │ 029.98%→,49.45%,50.55%,49.43%,50.57%,28562731595.57,29192488859.36,8538387996,8734622455,6883953010,533734624,547043888,3418092785,3505853858,3028428725,2165387883,934708468,003.63%←,03.48%,10.52%,13.54%,14.78%,07.14%,03.86%,10.71%,13.43%,15.05%,07.49%,00.00%,03.78%,08.09%,07.00%,00.00%,04.12%,07.39%,07.49%,009.80%→,001.81%→,000.83%←,001.82%→,004.76%→,000.00%·,005.74%→,000.08%←,003.66%→
_fsdq,uanil,_xpmb,zgry_,hetoc,kvwj_,uanilhetoc,31828.657011,05.58%,001.24%←,37.33%,001.94%→,06.23%,18.70%,13.25%,41.48%,58377698600.12,000.87%←,002.57%→,01.74,000.47%→,01.74,01.75,03.67% │ 10.07% │ 12.75% │ 14.95% │ 08.77%,08.35% │ 15.95% │ 12.38% │ 09.34% │ 03.77%,02.78% │ 10.65% │ 16.08% │ 14.01% │ 05.99%,05.55% │ 15.10% │ 17.02% │ 09.49% │ 03.33%,002.60%→ │ 007.84%← │ 003.03%← │ 006.23%→ │ 005.00%←,00.00% │ 02.29% │ 04.84% │ 08.93%,08.39% │ 04.74% │ 02.48% │ 00.00%,000.00%· │ 003.76%← │ 003.50%→ │ 003.11%←,26.01%,60.41%,13.58%,026.41%← │ 019.14%→ │ 077.39%←,50.22%,49.78%,49.51%,50.49%,29314896868.92,29062801731.20,8551846433,8721164018,6447186903,485277645,479310704,3632485542,3728227208,3230287002,2289412146,1076393281,019.14%→,03.67%,10.07%,12.75%,14.95%,08.77%,03.77%,09.34%,12.38%,15.95%,08.35%,00.00%,02.29%,04.84%,08.93%,00.00%,02.48%,04.74%,08.39%,002.60%→,007.84%←,003.03%←,006.23%→,005.00%←,000.00%·,003.76%←,003.50%→,003.11%←
_yrgz,coteh,_jwvk,qdsf_,linau,bmpx_,cotehlinau,31819.502214,05.58%,001.23%→,37.33%,001.98%←,06.23%,18.70%,13.25%,41.48%,58377698600.12,000.86%→,002.64%←,01.74,000.48%←,01.75,01.74,03.77% │ 09.34% │ 12.38% │ 15.95% │ 08.35%,08.77% │ 14.95% │ 12.75% │ 10.07% │ 03.67%,03.33% │ 09.49% │ 17.02% │ 15.10% │ 05.55%,05.99% │ 14.01% │ 16.08% │ 10.65% │ 02.78%,002.67%← │ 007.27%→ │ 002.94%→ │ 006.65%← │ 004.76%→,00.00% │ 02.48% │ 04.74% │ 08.39%,08.93% │ 04.84% │ 02.29% │ 00.00%,000.00%· │ 003.63%→ │ 003.62%← │ 003.02%→,26.01%,60.41%,13.58%,020.89%→ │ 023.67%← │ 043.63%→,49.78%,50.22%,50.49%,49.51%,29062801731.20,29314896868.92,8721164018,8551846433,6447186903,479310704,485277645,3728227208,3632485542,3230287002,2289412146,1076393281,023.67%←,03.77%,09.34%,12.38%,15.95%,08.35%,03.67%,10.07%,12.75%,14.95%,08.77%,00.00%,02.48%,04.74%,08.39%,00.00%,02.29%,04.84%,08.93%,002.67%←,007.27%→,002.94%→,006.65%←,004.76%→,000.00%·,003.63%→,003.62%←,003.02%→
_mcky,hretd,_vbux,zgap_,snoil,qfwj_,hretdsnoil,31792.144426,05.13%,000.84%←,37.07%,000.61%→,06.75%,20.51%,15.20%,42.56%,57772556692.18,001.33%→,005.20%→,01.75,003.48%→,01.72,01.78,05.57% │ 09.93% │ 15.07% │ 10.78% │ 08.31%,09.15% │ 10.89% │ 15.05% │ 09.80% │ 05.44%,04.68% │ 10.21% │ 16.92% │ 12.32% │ 05.72%,06.67% │ 11.73% │ 17.52% │ 09.96% │ 04.27%,002.50%← │ 001.25%← │ 000.17%← │ 001.01%→ │ 009.20%→,00.00% │ 01.97% │ 07.85% │ 05.81%,05.47% │ 07.65% │ 02.11% │ 00.00%,000.00%· │ 004.26%→ │ 000.87%→ │ 004.17%←,24.77%,63.13%,12.10%,028.18%→ │ 003.86%← │ 044.37%←,49.67%,50.33%,49.85%,50.15%,28692926486.58,29079630205.60,8609878754,8663131697,6403665708,445286826,441597883,3603244176,3800989769,3543064489,2624869598,1165328621,003.86%←,05.57%,09.93%,15.07%,10.78%,08.31%,05.44%,09.80%,15.05%,10.89%,09.15%,00.00%,01.97%,07.85%,05.81%,00.00%,02.11%,07.65%,05.47%,002.50%←,001.25%←,000.17%←,001.01%→,009.20%→,000.00%·,004.26%→,000.87%→,004.17%←
_mcky,hretd,_vbux,qgap_,snoil,zfwj_,hretdsnoil,31788.844299,05.14%,000.79%←,37.07%,000.61%→,06.75%,20.51%,15.20%,42.56%,57779655652.91,001.35%→,005.20%→,01.75,003.48%→,01.72,01.78,05.57% │ 09.93% │ 15.07% │ 10.78% │ 08.31%,09.16% │ 10.89% │ 15.06% │ 09.80% │ 05.44%,04.68% │ 10.21% │ 16.92% │ 12.32% │ 05.72%,06.67% │ 11.73% │ 17.52% │ 09.96% │ 04.27%,002.50%← │ 001.26%← │ 000.09%← │ 001.01%→ │ 009.23%→,00.00% │ 01.97% │ 07.85% │ 05.81%,05.48% │ 07.65% │ 02.11% │ 00.00%,000.00%· │ 004.26%→ │ 000.87%→ │ 004.05%←,24.71%,63.12%,12.17%,027.90%→ │ 003.87%← │ 042.34%←,49.66%,50.34%,49.85%,50.15%,28692926486.58,29086729166.33,8609878754,8663131697,6403665708,445286826,441793967,3603244176,3800989769,3543064489,2624869598,1165328621,003.87%←,05.57%,09.93%,15.07%,10.78%,08.31%,05.44%,09.80%,15.06%,10.89%,09.16%,00.00%,01.97%,07.85%,05.81%,00.00%,02.11%,07.65%,05.48%,002.50%←,001.26%←,000.09%←,001.01%→,009.23%→,000.00%·,004.26%→,000.87%→,004.05%←
_yrgz,coteh,_jwkv,qdsf_,linau,bmpx_,cotehlinau,31724.047417,05.58%,001.23%→,37.33%,001.98%←,06.23%,18.70%,13.25%,41.48%,58626656127.49,000.01%→,002.64%←,01.74,000.48%←,01.75,01.74,03.75% │ 09.32% │ 12.32% │ 15.77% │ 08.85%,08.73% │ 14.89% │ 12.70% │ 10.03% │ 03.65%,03.33% │ 09.49% │ 17.02% │ 14.77% │ 05.89%,05.99% │ 14.01% │ 16.08% │ 10.65% │ 02.78%,002.68%← │ 007.10%→ │ 002.99%→ │ 005.89%← │ 001.27%←,00.00% │ 02.48% │ 04.74% │ 08.39%,08.93% │ 04.84% │ 02.29% │ 00.00%,000.00%· │ 003.63%→ │ 003.62%← │ 003.02%→,25.90%,60.41%,13.70%,020.94%→ │ 024.62%← │ 041.61%→,50.00%,50.00%,50.49%,49.51%,29311759258.57,29314896868.92,8721164018,8551846433,6447186903,479310704,485277645,3728227208,3632485542,3230287002,2289412146,1076393281,024.62%←,03.75%,09.32%,12.32%,15.77%,08.85%,03.65%,10.03%,12.70%,14.89%,08.73%,00.00%,02.48%,04.74%,08.39%,00.00%,02.29%,04.84%,08.93%,002.68%←,007.10%→,002.99%→,005.89%←,001.27%←,000.00%·,003.63%→,003.62%←,003.02%→
_cfkq,hreis,_vpmj,gynu_,dotal,xwbz_,hreisdotal,31666.712158,04.01%,003.27%→,39.26%,001.47%→,06.61%,18.87%,14.13%,42.82%,58452687525.61,000.99%←,001.30%←,01.69,001.92%←,01.70,01.67,05.67% │ 10.79% │ 14.08% │ 10.67% │ 09.04%,09.08% │ 10.21% │ 14.13% │ 11.04% │ 05.29%,04.68% │ 10.93% │ 16.30% │ 10.94% │ 06.78%,06.07% │ 10.96% │ 17.90% │ 11.18% │ 04.27%,007.15%← │ 002.32%→ │ 000.31%→ │ 004.48%← │ 000.46%→,00.00% │ 02.62% │ 04.83% │ 05.08%,05.47% │ 04.60% │ 02.55% │ 00.00%,000.00%· │ 000.66%← │ 004.43%→ │ 003.45%→,24.50%,63.72%,11.79%,058.44%→ │ 027.66%← │ 064.26%←,50.25%,49.75%,49.63%,50.37%,29370821615.79,29081865909.82,8572589597,8700420854,6781637996,340828598,352342992,3535872992,3490388665,3258688759,2440353510,1142344742,027.66%←,05.67%,10.79%,14.08%,10.67%,09.04%,05.29%,11.04%,14.13%,10.21%,09.08%,00.00%,02.62%,04.83%,05.08%,00.00%,02.55%,04.60%,05.47%,007.15%←,002.32%→,000.31%→,004.48%←,000.46%→,000.00%·,000.66%←,004.43%→,003.45%→
_cpkq,hreis,_vfmj,gynu_,dotal,xwbz_,hreisdotal,31650.991636,04.01%,003.27%→,39.26%,001.47%→,06.61%,18.87%,14.13%,42.82%,58469022904.83,001.05%←,001.30%←,01.69,001.92%←,01.70,01.67,05.65% │ 10.73% │ 14.15% │ 10.71% │ 09.03%,09.08% │ 10.21% │ 14.12% │ 11.04% │ 05.29%,04.68% │ 10.93% │ 16.30% │ 10.94% │ 06.78%,06.07% │ 10.96% │ 17.90% │ 11.18% │ 04.27%,006.68%← │ 002.83%→ │ 000.17%← │ 004.93%← │ 000.51%→,00.00% │ 02.62% │ 04.83% │ 05.08%,05.47% │ 04.60% │ 02.55% │ 00.00%,000.00%· │ 000.66%← │ 004.43%→ │ 003.45%→,24.70%,63.63%,11.67%,057.22%→ │ 027.41%← │ 061.73%←,50.26%,49.74%,49.63%,50.37%,29387156995.01,29081865909.82,8572589597,8700420854,6781637996,340828598,352342992,3535872992,3490388665,3258688759,2440353510,1142344742,027.41%←,05.65%,10.73%,14.15%,10.71%,09.03%,05.29%,11.04%,14.12%,10.21%,09.08%,00.00%,02.62%,04.83%,05.08%,00.00%,02.55%,04.60%,05.47%,006.68%←,002.83%→,000.17%←,004.93%←,000.51%→,000.00%·,000.66%←,004.43%→,003.45%→
_blmz,dreas,_wfvq,kgiy_,hnotc,xpuj_,ctonhsaerd,31633.126545,05.94%,000.43%→,37.06%,002.89%←,06.19%,19.44%,14.57%,42.83%,57796329476.73,000.03%←,001.99%→,01.75,003.59%→,01.72,01.78,04.55% │ 09.30% │ 15.56% │ 11.57% │ 09.02%,08.60% │ 10.89% │ 16.77% │ 09.69% │ 04.05%,03.82% │ 09.84% │ 18.42% │ 11.95% │ 06.67%,05.62% │ 11.69% │ 17.93% │ 10.73% │ 03.33%,012.32%← │ 003.99%→ │ 007.17%→ │ 006.30%← │ 004.89%←,00.00% │ 01.86% │ 08.38% │ 06.65%,07.15% │ 08.65% │ 01.79% │ 00.00%,000.00%· │ 004.39%→ │ 000.41%→ │ 000.14%←,24.03%,63.11%,12.86%,031.79%→ │ 018.33%← │ 010.91%→,50.01%,49.99%,50.71%,49.29%,28902880313.90,28893449162.83,8759520473,8513489978,6401762968,512209520,514446101,3665796529,3740340156,3358329151,2515817770,1068933595,018.33%←,04.55%,09.30%,15.56%,11.57%,09.02%,04.05%,09.69%,16.77%,10.89%,08.60%,00.00%,01.86%,08.38%,06.65%,00.00%,01.79%,08.65%,07.15%,012.32%←,003.99%→,007.17%→,006.30%←,004.89%←,000.00%·,004.39%→,000.41%→,000.14%←
_wlmz,dreas,_bfvq,kgiy_,hnotc,xpuj_,ctonhsaerd,31597.378098,05.94%,000.43%→,37.06%,002.89%←,06.19%,19.44%,14.57%,42.83%,57871614440.67,000.29%←,001.99%→,01.75,003.59%→,01.72,01.78,04.55% │ 09.37% │ 15.64% │ 11.51% │ 09.00%,08.58% │ 10.87% │ 16.75% │ 09.68% │ 04.05%,03.82% │ 09.84% │ 18.42% │ 11.95% │ 06.67%,05.62% │ 11.69% │ 17.93% │ 10.73% │ 03.33%,012.31%← │ 003.21%→ │ 006.58%→ │ 005.89%← │ 004.89%←,00.00% │ 01.86% │ 08.38% │ 06.65%,07.15% │ 08.65% │ 01.79% │ 00.00%,000.00%· │ 004.39%→ │ 000.41%→ │ 000.14%←,24.18%,62.95%,12.87%,030.48%→ │ 018.06%← │ 010.60%→,50.07%,49.93%,50.71%,49.29%,28978165277.84,28893449162.83,8759520473,8513489978,6401762968,512209520,514446101,3665796529,3740340156,3358329151,2515817770,1068933595,018.06%←,04.55%,09.37%,15.64%,11.51%,09.00%,04.05%,09.68%,16.75%,10.87%,08.58%,00.00%,01.86%,08.38%,06.65%,00.00%,01.79%,08.65%,07.15%,012.31%←,003.21%→,006.58%→,005.89%←,004.89%←,000.00%·,004.39%→,000.41%→,000.14%←
_yrdx,cotih,_vwmz,qbsg_,lenau,kfpj_,cotihlenau,31449.353293,04.99%,000.01%←,41.18%,001.20%→,06.64%,17.36%,12.95%,42.73%,56409909355.60,000.87%→,002.15%→,01.63,000.61%→,01.63,01.64,03.93% │ 11.12% │ 12.47% │ 14.72% │ 07.55%,07.67% │ 15.11% │ 13.23% │ 10.47% │ 03.75%,03.33% │ 10.34% │ 17.02% │ 14.01% │ 05.00%,05.11% │ 15.78% │ 16.08% │ 10.55% │ 02.78%,004.85%← │ 006.20%← │ 005.75%→ │ 002.54%→ │ 001.58%→,00.00% │ 03.91% │ 04.74% │ 06.76%,06.27% │ 04.84% │ 03.86% │ 00.00%,000.00%· │ 000.61%→ │ 003.62%← │ 001.94%→,25.84%,60.19%,13.97%,014.06%← │ 007.20%→ │ 001.66%←,49.78%,50.22%,49.70%,50.30%,28082292674.91,28327616680.69,8584550274,8688460177,7112246398,431238609,431186598,3311464194,3384189061,2998324326,2236862831,1147049704,007.20%→,03.93%,11.12%,12.47%,14.72%,07.55%,03.75%,10.47%,13.23%,15.11%,07.67%,00.00%,03.91%,04.74%,06.76%,00.00%,03.86%,04.84%,06.27%,004.85%←,006.20%←,005.75%→,002.54%→,001.58%→,000.00%·,000.61%→,003.62%←,001.94%→
_wndx,uatih,_qbmj,zysp_,leorc,kfgv_,uatihleorc,31445.338130,04.99%,000.90%→,38.31%,000.56%→,06.90%,19.03%,13.98%,42.35%,57395478187.54,002.41%→,002.30%←,01.71,002.05%←,01.73,01.70,03.60% │ 09.80% │ 14.51% │ 14.14% │ 07.34%,07.22% │ 15.99% │ 13.80% │ 09.74% │ 03.86%,02.78% │ 10.06% │ 17.90% │ 14.01% │ 05.10%,05.14% │ 15.86% │ 16.06% │ 09.75% │ 03.33%,006.75%→ │ 000.66%← │ 005.10%← │ 011.57%→ │ 001.65%←,00.00% │ 04.22% │ 04.60% │ 06.48%,05.96% │ 05.20% │ 04.34% │ 00.00%,000.00%· │ 000.18%← │ 001.30%→ │ 001.01%→,26.40%,60.40%,13.20%,027.81%← │ 008.14%→ │ 024.97%→,49.39%,50.61%,49.86%,50.14%,28346988703.62,29048489483.92,8612120552,8660889899,6618121812,429418715,433336424,3635836102,3553941739,3286616978,2414744578,1191423562,008.14%→,03.60%,09.80%,14.51%,14.14%,07.34%,03.86%,09.74%,13.80%,15.99%,07.22%,00.00%,04.22%,04.60%,06.48%,00.00%,04.34%,05.20%,05.96%,006.75%→,000.66%←,005.10%←,011.57%→,001.65%←,000.00%·,000.18%←,001.30%→,001.01%→
_wndx,uatih,_qbmj,zysp_,leorc,kfgv_,uatihleorc,31445.338130,04.99%,000.90%→,38.31%,000.56%→,06.90%,19.03%,13.98%,42.35%,57395478187.54,002.41%→,002.30%←,01.71,002.05%←,01.73,01.70,03.60% │ 09.80% │ 14.51% │ 14.14% │ 07.34%,07.22% │ 15.99% │ 13.80% │ 09.74% │ 03.86%,02.78% │ 10.06% │ 17.90% │ 14.01% │ 05.10%,05.14% │ 15.86% │ 16.06% │ 09.75% │ 03.33%,006.75%→ │ 000.66%← │ 005.10%← │ 011.57%→ │ 001.65%←,00.00% │ 04.22% │ 04.60% │ 06.48%,05.96% │ 05.20% │ 04.34% │ 00.00%,000.00%· │ 000.18%← │ 001.30%→ │ 001.01%→,26.40%,60.40%,13.20%,027.81%← │ 008.14%→ │ 024.97%→,49.39%,50.61%,49.86%,50.14%,28346988703.62,29048489483.92,8612120552,8660889899,6618121812,429418715,433336424,3635836102,3553941739,3286616978,2414744578,1191423562,008.14%→,03.60%,09.80%,14.51%,14.14%,07.34%,03.86%,09.74%,13.80%,15.99%,07.22%,00.00%,04.22%,04.60%,06.48%,00.00%,04.34%,05.20%,05.96%,006.75%→,000.66%←,005.10%←,011.57%→,001.65%←,000.00%·,000.18%←,001.30%→,001.01%→
_yrdz,cotih,_vwmx,qbsg_,lenau,kfpj_,cotihlenau,31445.198738,04.99%,000.05%→,41.18%,001.20%→,06.64%,17.36%,12.95%,42.73%,56410699533.92,000.86%→,002.15%→,01.63,000.61%→,01.63,01.64,03.93% │ 11.12% │ 12.46% │ 14.72% │ 07.55%,07.67% │ 15.11% │ 13.23% │ 10.47% │ 03.75%,03.33% │ 10.34% │ 17.02% │ 14.01% │ 05.00%,05.11% │ 15.78% │ 16.08% │ 10.55% │ 02.78%,004.87%← │ 006.20%← │ 005.78%→ │ 002.54%→ │ 001.53%→,00.00% │ 03.91% │ 04.74% │ 06.75%,06.27% │ 04.84% │ 03.86% │ 00.00%,000.00%· │ 000.61%→ │ 003.62%← │ 002.07%→,25.76%,60.19%,14.05%,013.44%← │ 007.20%→ │ 002.80%←,49.78%,50.22%,49.70%,50.30%,28083082853.23,28327616680.69,8584550274,8688460177,7112246398,430960533,431186598,3311464194,3384189061,2998324326,2236862831,1147049704,007.20%→,03.93%,11.12%,12.46%,14.72%,07.55%,03.75%,10.47%,13.23%,15.11%,07.67%,00.00%,03.91%,04.74%,06.75%,00.00%,03.86%,04.84%,06.27%,004.87%←,006.20%←,005.78%→,002.54%→,001.53%→,000.00%·,000.61%→,003.62%←,002.07%→
_wndj,uatih,_qbmx,zysp_,leorc,kfgv_,uatihleorc,31442.345022,04.99%,001.18%→,38.31%,000.56%→,06.90%,19.03%,13.98%,42.35%,57389669479.04,002.43%→,002.30%←,01.71,002.05%←,01.73,01.70,03.59% │ 09.81% │ 14.50% │ 14.14% │ 07.34%,07.22% │ 15.99% │ 13.80% │ 09.74% │ 03.86%,02.78% │ 10.06% │ 17.90% │ 14.01% │ 05.10%,05.14% │ 15.86% │ 16.06% │ 09.75% │ 03.33%,006.85%→ │ 000.70%← │ 005.08%← │ 011.57%→ │ 001.57%←,00.00% │ 04.22% │ 04.60% │ 06.44%,05.96% │ 05.20% │ 04.34% │ 00.00%,000.00%· │ 000.18%← │ 001.30%→ │ 001.56%→,26.46%,60.40%,13.13%,028.30%← │ 008.15%→ │ 025.81%→,49.38%,50.62%,49.86%,50.14%,28341179995.12,29048489483.92,8612120552,8660889899,6618121812,428217531,433336424,3635836102,3553941739,3286616978,2414744578,1191423562,008.15%→,03.59%,09.81%,14.50%,14.14%,07.34%,03.86%,09.74%,13.80%,15.99%,07.22%,00.00%,04.22%,04.60%,06.44%,00.00%,04.34%,05.20%,05.96%,006.85%→,000.70%←,005.08%←,011.57%→,001.57%←,000.00%·,000.18%←,001.30%→,001.56%→
_wndj,uatih,_qbmx,zysp_,leorc,kfgv_,uatihleorc,31442.345022,04.99%,001.18%→,38.31%,000.56%→,06.90%,19.03%,13.98%,42.35%,57389669479.04,002.43%→,002.30%←,01.71,002.05%←,01.73,01.70,03.59% │ 09.81% │ 14.50% │ 14.14% │ 07.34%,07.22% │ 15.99% │ 13.80% │ 09.74% │ 03.86%,02.78% │ 10.06% │ 17.90% │ 14.01% │ 05.10%,05.14% │ 15.86% │ 16.06% │ 09.75% │ 03.33%,006.85%→ │ 000.70%← │ 005.08%← │ 011.57%→ │ 001.57%←,00.00% │ 04.22% │ 04.60% │ 06.44%,05.96% │ 05.20% │ 04.34% │ 00.00%,000.00%· │ 000.18%← │ 001.30%→ │ 001.56%→,26.46%,60.40%,13.13%,028.30%← │ 008.15%→ │ 025.81%→,49.38%,50.62%,49.86%,50.14%,28341179995.12,29048489483.92,8612120552,8660889899,6618121812,428217531,433336424,3635836102,3553941739,3286616978,2414744578,1191423562,008.15%→,03.59%,09.81%,14.50%,14.14%,07.34%,03.86%,09.74%,13.80%,15.99%,07.22%,00.00%,04.22%,04.60%,06.44%,00.00%,04.34%,05.20%,05.96%,006.85%→,000.70%←,005.08%←,011.57%→,001.57%←,000.00%·,000.18%←,001.30%→,001.56%→
_frjq,utieh,_kymx,vdsp_,loanc,zgbw_,utiehloanc,31412.417638,05.20%,001.02%→,40.67%,000.40%←,05.89%,17.16%,12.28%,41.72%,58046595203.86,000.11%→,005.91%←,01.65,003.52%←,01.68,01.62,03.40% │ 10.27% │ 13.74% │ 15.46% │ 07.10%,07.90% │ 14.19% │ 13.61% │ 10.44% │ 03.88%,02.78% │ 11.73% │ 15.82% │ 14.80% │ 04.97%,05.47% │ 13.44% │ 16.34% │ 11.33% │ 03.33%,012.32%→ │ 001.63%→ │ 000.98%← │ 008.89%← │ 010.15%→,00.00% │ 00.75% │ 08.57% │ 05.78%,05.98% │ 08.55% │ 00.76% │ 00.00%,000.00%· │ 001.84%← │ 002.90%→ │ 001.08%←,25.49%,61.18%,13.33%,039.01%→ │ 021.72%← │ 001.93%←,49.97%,50.03%,50.10%,49.90%,29007435623.42,29039159580.44,8653848557,8619161894,7024541365,446823817,451439190,3489084541,3294273747,2963866825,2121790816,1017694517,021.72%←,03.40%,10.27%,13.74%,15.46%,07.10%,03.88%,10.44%,13.61%,14.19%,07.90%,00.00%,00.75%,08.57%,05.78%,00.00%,00.76%,08.55%,05.98%,012.32%→,001.63%→,000.98%←,008.89%←,010.15%→,000.00%·,001.84%←,002.90%→,001.08%←
_frjx,utieh,_kymq,vdsp_,loanc,zgbw_,utiehloanc,31407.894219,05.20%,001.02%→,40.67%,000.40%←,05.89%,17.16%,12.28%,41.72%,58064171032.08,000.05%→,005.91%←,01.65,003.52%←,01.68,01.62,03.41% │ 10.27% │ 13.74% │ 15.45% │ 07.12%,07.90% │ 14.19% │ 13.61% │ 10.44% │ 03.88%,02.78% │ 11.73% │ 15.82% │ 14.80% │ 04.97%,05.47% │ 13.44% │ 16.34% │ 11.33% │ 03.33%,012.19%→ │ 001.60%→ │ 001.01%← │ 008.88%← │ 009.89%→,00.00% │ 00.75% │ 08.57% │ 05.78%,05.98% │ 08.55% │ 00.76% │ 00.00%,000.00%· │ 001.84%← │ 002.90%→ │ 001.09%←,25.69%,61.18%,13.14%,037.69%→ │ 021.76%← │ 000.93%→,49.99%,50.01%,50.10%,49.90%,29025011451.64,29039159580.44,8653848557,8619161894,7024541365,446839277,451439190,3489084541,3294273747,2963866825,2121790816,1017694517,021.76%←,03.41%,10.27%,13.74%,15.45%,07.12%,03.88%,10.44%,13.61%,14.19%,07.90%,00.00%,00.75%,08.57%,05.78%,00.00%,00.76%,08.55%,05.98%,012.19%→,001.60%→,001.01%←,008.88%←,009.89%→,000.00%·,001.84%←,002.90%→,001.09%←
_pcbj,rtehl,_zgdk,fmoy_,unais,qvwx_,rtehlunais,31374.551845,03.80%,005.34%→,38.88%,001.26%←,05.62%,19.87%,15.28%,43.48%,57017598442.76,000.14%→,003.11%→,01.70,003.03%→,01.67,01.72,08.22% │ 09.37% │ 14.60% │ 10.39% │ 07.38%,07.91% │ 10.46% │ 14.54% │ 09.10% │ 08.02%,06.53% │ 11.07% │ 17.35% │ 10.12% │ 05.24%,05.06% │ 11.17% │ 17.52% │ 09.48% │ 06.45%,002.55%← │ 002.93%← │ 000.44%← │ 000.64%→ │ 006.80%→,00.00% │ 00.70% │ 07.32% │ 03.26%,03.18% │ 07.77% │ 00.80% │ 00.00%,000.00%· │ 002.61%← │ 006.74%→ │ 002.81%→,24.89%,62.84%,12.27%,052.91%→ │ 015.36%← │ 111.92%←,49.96%,50.04%,50.31%,49.69%,28488603079.33,28528995363.43,8690707979,8582302472,6716579215,319549617,337567549,3489574550,3601745888,3432307244,2640080584,971544321,015.36%←,08.22%,09.37%,14.60%,10.39%,07.38%,08.02%,09.10%,14.54%,10.46%,07.91%,00.00%,00.70%,07.32%,03.26%,00.00%,00.80%,07.77%,03.18%,002.55%←,002.93%←,000.44%←,000.64%→,006.80%→,000.00%·,002.61%←,006.74%→,002.81%→
_pouq,ditnh,_zgyv,jblm_,saerc,xfwk_,ditnhsaerc,31333.346586,05.04%,001.84%←,38.42%,000.32%→,07.16%,18.99%,14.57%,43.42%,56706819561.46,001.17%←,003.04%←,01.71,002.38%←,01.73,01.69,04.57% │ 09.70% │ 15.24% │ 12.03% │ 08.75%,09.49% │ 11.64% │ 14.83% │ 09.77% │ 03.98%,03.82% │ 09.86% │ 18.41% │ 11.97% │ 05.86%,06.87% │ 12.08% │ 17.93% │ 09.88% │ 03.33%,014.73%← │ 000.71%→ │ 002.78%← │ 003.34%← │ 007.75%→,00.00% │ 02.61% │ 08.44% │ 04.09%,03.85% │ 08.40% │ 02.63% │ 00.00%,000.00%· │ 000.93%→ │ 003.13%← │ 000.18%←,24.67%,62.36%,12.97%,044.49%← │ 014.59%→ │ 016.72%←,50.29%,49.71%,49.92%,50.08%,28518437595.29,28188381966.17,8622704258,8650306193,6636529582,438907757,430964238,3639373923,3531996148,3279794166,2517225205,1236467943,014.59%→,04.57%,09.70%,15.24%,12.03%,08.75%,03.98%,09.77%,14.83%,11.64%,09.49%,00.00%,02.61%,08.44%,04.09%,00.00%,02.63%,08.40%,03.85%,014.73%←,000.71%→,002.78%←,003.34%←,007.75%→,000.00%·,000.93%→,003.13%←,000.18%←
_pcbk,rtehl,_zgdj,fmoy_,unais,qvwx_,rtehlunais,31325.846874,03.81%,004.93%→,38.88%,001.26%←,05.62%,19.87%,15.28%,43.48%,57018165832.74,000.14%→,003.11%→,01.70,003.03%→,01.67,01.72,08.22% │ 09.37% │ 14.62% │ 10.39% │ 07.36%,07.91% │ 10.46% │ 14.54% │ 09.10% │ 08.02%,06.53% │ 11.07% │ 17.35% │ 10.12% │ 05.24%,05.06% │ 11.17% │ 17.52% │ 09.48% │ 06.45%,002.54%← │ 002.93%← │ 000.58%← │ 000.64%→ │ 007.05%→,00.00% │ 00.70% │ 07.32% │ 03.32%,03.18% │ 07.77% │ 00.80% │ 00.00%,000.00%· │ 002.61%← │ 006.74%→ │ 001.26%→,25.78%,62.86%,11.36%,047.68%→ │ 015.43%← │ 088.89%←,49.97%,50.03%,50.31%,49.69%,28489170469.31,28528995363.43,8690707979,8582302472,6716579215,320933411,337567549,3489574550,3601745888,3432307244,2640080584,971544321,015.43%←,08.22%,09.37%,14.62%,10.39%,07.36%,08.02%,09.10%,14.54%,10.46%,07.91%,00.00%,00.70%,07.32%,03.32%,00.00%,00.80%,07.77%,03.18%,002.54%←,002.93%←,000.58%←,000.64%→,007.05%→,000.00%·,002.61%←,006.74%→,001.26%→
_vndz,citoh,_ybmq,jwrp_,lesau,kfgx_,citohlesau,31244.066006,04.87%,002.25%→,38.93%,002.00%←,06.05%,19.21%,13.66%,41.56%,57211625380.31,000.35%←,004.30%←,01.70,001.56%←,01.71,01.68,04.01% │ 10.78% │ 14.07% │ 14.09% │ 07.14%,07.69% │ 14.94% │ 13.18% │ 10.59% │ 03.51%,03.33% │ 10.37% │ 17.90% │ 13.99% │ 04.91%,05.24% │ 15.85% │ 15.03% │ 10.61% │ 02.78%,013.97%← │ 001.88%← │ 006.75%← │ 005.72%→ │ 007.17%→,00.00% │ 04.90% │ 04.60% │ 05.70%,04.96% │ 05.88% │ 05.04% │ 00.00%,000.00%· │ 004.98%→ │ 006.74%→ │ 002.93%←,26.22%,59.53%,14.25%,011.82%← │ 006.99%→ │ 012.92%←,50.09%,49.91%,50.50%,49.50%,28655485035.67,28556140344.64,8722136577,8550873874,6724962788,416055682,425634325,3615965635,3466971230,3317594517,2358981972,1045844382,006.99%→,04.01%,10.78%,14.07%,14.09%,07.14%,03.51%,10.59%,13.18%,14.94%,07.69%,00.00%,04.90%,04.60%,05.70%,00.00%,05.04%,05.88%,04.96%,013.97%←,001.88%←,006.75%←,005.72%→,007.17%→,000.00%·,004.98%→,006.74%→,002.93%←
_vndz,citoh,_ybmq,kwrp_,lesau,jfgx_,citohlesau,31223.935816,04.87%,002.07%→,38.93%,002.00%←,06.05%,19.21%,13.66%,41.56%,57202217266.81,000.38%←,004.30%←,01.70,001.56%←,01.71,01.68,04.01% │ 10.79% │ 14.07% │ 14.09% │ 07.14%,07.68% │ 14.93% │ 13.19% │ 10.59% │ 03.52%,03.33% │ 10.37% │ 17.90% │ 13.99% │ 04.91%,05.24% │ 15.85% │ 15.03% │ 10.61% │ 02.78%,013.86%← │ 001.89%← │ 006.73%← │ 005.65%→ │ 007.04%→,00.00% │ 04.90% │ 04.60% │ 05.70%,04.94% │ 05.88% │ 05.04% │ 00.00%,000.00%· │ 004.98%→ │ 006.74%→ │ 003.38%←,27.11%,59.54%,13.35%,004.33%← │ 006.99%→ │ 030.57%←,50.10%,49.90%,50.50%,49.50%,28655485035.67,28546732231.14,8722136577,8550873874,6724962788,416055682,424846661,3615965635,3466971230,3317594517,2358981972,1045844382,006.99%→,04.01%,10.79%,14.07%,14.09%,07.14%,03.52%,10.59%,13.19%,14.93%,07.68%,00.00%,04.90%,04.60%,05.70%,00.00%,05.04%,05.88%,04.94%,013.86%←,001.89%←,006.73%←,005.65%→,007.04%→,000.00%·,004.98%→,006.74%→,003.38%←
_blmz,creas,_wfvq,kgiy_,hnotd,xpuj_,creashnotd,31156.579522,05.94%,000.43%→,38.38%,000.87%←,06.19%,18.46%,14.23%,43.52%,57234220207.92,000.38%→,000.18%→,01.71,000.74%→,01.70,01.72,03.93% │ 09.42% │ 15.67% │ 11.81% │ 09.07%,08.37% │ 11.02% │ 16.61% │ 09.55% │ 04.55%,03.33% │ 09.84% │ 18.42% │ 11.95% │ 06.67%,05.62% │ 11.69% │ 17.93% │ 10.73% │ 03.82%,013.49%→ │ 001.35%→ │ 005.68%→ │ 007.21%← │ 008.40%←,00.00% │ 01.86% │ 08.38% │ 06.65%,07.15% │ 08.65% │ 01.79% │ 00.00%,000.00%· │ 004.39%→ │ 000.41%→ │ 000.14%←,24.36%,62.66%,12.98%,031.47%→ │ 017.83%← │ 011.19%→,49.91%,50.09%,50.22%,49.78%,28563140448.86,28671079759.06,8673988409,8599022042,6629042107,512209520,514446101,3586200817,3592656729,3189149643,2457718139,1068933595,017.83%←,03.93%,09.42%,15.67%,11.81%,09.07%,04.55%,09.55%,16.61%,11.02%,08.37%,00.00%,01.86%,08.38%,06.65%,00.00%,01.79%,08.65%,07.15%,013.49%→,001.35%→,005.68%→,007.21%←,008.40%←,000.00%·,004.39%→,000.41%→,000.14%←
_blmq,creas,_wfvz,kgiy_,hnotd,xpuj_,creashnotd,31153.743598,05.94%,000.43%→,38.38%,000.87%←,06.19%,18.46%,14.23%,43.52%,57233523775.86,000.38%→,000.18%→,01.71,000.74%→,01.70,01.72,03.93% │ 09.42% │ 15.66% │ 11.81% │ 09.07%,08.37% │ 11.02% │ 16.61% │ 09.55% │ 04.55%,03.33% │ 09.84% │ 18.42% │ 11.95% │ 06.67%,05.62% │ 11.69% │ 17.93% │ 10.73% │ 03.82%,013.49%→ │ 001.34%→ │ 005.71%→ │ 007.22%← │ 008.42%←,00.00% │ 01.86% │ 08.38% │ 06.65%,07.15% │ 08.65% │ 01.79% │ 00.00%,000.00%· │ 004.39%→ │ 000.41%→ │ 000.15%←,24.32%,62.66%,13.02%,031.75%→ │ 017.82%← │ 010.56%→,49.91%,50.09%,50.22%,49.78%,28562444016.80,28671079759.06,8673988409,8599022042,6629042107,512229430,514446101,3586200817,3592656729,3189149643,2457718139,1068933595,017.82%←,03.93%,09.42%,15.66%,11.81%,09.07%,04.55%,09.55%,16.61%,11.02%,08.37%,00.00%,01.86%,08.38%,06.65%,00.00%,01.79%,08.65%,07.15%,013.49%→,001.34%→,005.71%→,007.22%←,008.42%←,000.00%·,004.39%→,000.41%→,000.15%←
_cumx,rtehd,_vygj,qwap_,lnois,zfkb_,rtehdlnois,31095.083654,02.04%,001.68%→,37.95%,000.95%→,06.33%,21.54%,16.44%,43.29%,57291868945.21,001.61%→,005.56%→,01.72,003.39%→,01.69,01.75,08.03% │ 12.31% │ 13.88% │ 09.64% │ 05.73%,06.58% │ 10.09% │ 13.97% │ 11.82% │ 07.95%,06.53% │ 13.20% │ 16.45% │ 09.33% │ 04.24%,04.49% │ 11.37% │ 16.58% │ 11.35% │ 06.45%,001.07%← │ 004.12%← │ 000.63%→ │ 004.48%→ │ 012.81%→,00.00% │ 02.59% │ 02.52% │ 01.87%,01.50% │ 02.55% │ 03.23% │ 00.00%,000.00%· │ 006.77%→ │ 001.83%→ │ 006.39%←,23.89%,63.77%,12.34%,022.30%→ │ 005.19%← │ 009.78%←,49.59%,50.41%,49.76%,50.24%,28413825936.36,28878043008.85,8595148379,8677862072,6554333611,174438025,177420635,3523099197,3730466845,3720586610,2840294482,1093334534,005.19%←,08.03%,12.31%,13.88%,09.64%,05.73%,07.95%,11.82%,13.97%,10.09%,06.58%,00.00%,02.59%,02.52%,01.87%,00.00%,03.23%,02.55%,01.50%,001.07%←,004.12%←,000.63%→,004.48%→,012.81%→,000.00%·,006.77%→,001.83%→,006.39%←
_cumx,rtehd,_vygj,zwap_,lnois,qfkb_,rtehdlnois,31093.412818,02.04%,001.61%→,37.95%,000.95%→,06.33%,21.54%,16.44%,43.29%,57284747050.79,001.58%→,005.56%→,01.72,003.39%→,01.69,01.75,08.03% │ 12.31% │ 13.89% │ 09.64% │ 05.73%,06.57% │ 10.09% │ 13.96% │ 11.82% │ 07.95%,06.53% │ 13.20% │ 16.45% │ 09.33% │ 04.24%,04.49% │ 11.37% │ 16.58% │ 11.35% │ 06.45%,001.07%← │ 004.10%← │ 000.55%→ │ 004.48%→ │ 012.77%→,00.00% │ 02.59% │ 02.52% │ 01.87%,01.50% │ 02.55% │ 03.23% │ 00.00%,000.00%· │ 006.77%→ │ 001.83%→ │ 006.72%←,23.95%,63.78%,12.27%,022.62%→ │ 005.18%← │ 011.14%←,49.60%,50.40%,49.76%,50.24%,28413825936.36,28870921114.43,8595148379,8677862072,6554333611,174438025,177293143,3523099197,3730466845,3720586610,2840294482,1093334534,005.18%←,08.03%,12.31%,13.89%,09.64%,05.73%,07.95%,11.82%,13.96%,10.09%,06.57%,00.00%,02.59%,02.52%,01.87%,00.00%,03.23%,02.55%,01.50%,001.07%←,004.10%←,000.55%→,004.48%→,012.77%→,000.00%·,006.77%→,001.83%→,006.72%←
_msjq,urael,_kfgw,xdnp_,hotic,vbyz_,uraelhotic,31005.291236,04.70%,003.95%←,39.18%,000.52%→,06.22%,18.68%,13.92%,42.70%,57338532793.74,000.61%←,001.06%→,01.69,000.37%→,01.68,01.69,03.57% │ 09.94% │ 14.58% │ 13.42% │ 08.64%,08.92% │ 12.75% │ 14.44% │ 09.74% │ 04.00%,02.78% │ 09.88% │ 16.90% │ 14.25% │ 06.06%,05.95% │ 13.00% │ 17.99% │ 09.86% │ 03.33%,010.86%→ │ 002.05%← │ 001.00%← │ 005.28%← │ 003.15%→,00.00% │ 02.63% │ 07.04% │ 04.65%,04.65% │ 06.47% │ 02.61% │ 00.00%,000.00%· │ 000.94%← │ 002.23%← │ 007.11%←,25.69%,59.65%,14.65%,028.96%→ │ 007.53%← │ 040.92%←,50.15%,49.85%,49.87%,50.13%,28756136178.34,28582396615.40,8613965489,8659044962,6767826439,413532265,397811997,3501280997,3538792217,3227163556,2404672697,1074166767,007.53%←,03.57%,09.94%,14.58%,13.42%,08.64%,04.00%,09.74%,14.44%,12.75%,08.92%,00.00%,02.63%,07.04%,04.65%,00.00%,02.61%,06.47%,04.65%,010.86%→,002.05%←,001.00%←,005.28%←,003.15%→,000.00%·,000.94%←,002.23%←,007.11%←
_bulq,coens,_kgyz,vprw_,hatid,jfmx_,coenshatid,30976.679594,04.74%,001.68%←,42.00%,000.76%←,07.03%,17.18%,13.49%,43.98%,56544369361.87,001.39%→,002.58%←,01.61,001.10%←,01.62,01.60,04.03% │ 09.89% │ 13.38% │ 13.13% │ 09.22%,09.05% │ 13.12% │ 13.71% │ 09.99% │ 04.49%,03.33% │ 09.93% │ 16.80% │ 13.46% │ 06.67%,05.99% │ 12.60% │ 17.93% │ 09.47% │ 03.82%,010.11%→ │ 001.00%→ │ 002.37%→ │ 000.08%← │ 001.87%←,00.00% │ 03.45% │ 05.73% │ 05.37%,05.57% │ 05.41% │ 03.61% │ 00.00%,000.00%· │ 000.24%← │ 000.77%→ │ 004.45%←,24.09%,62.82%,13.08%,018.28%→ │ 005.30%← │ 001.55%←,49.65%,50.35%,50.19%,49.81%,28074443922.97,28469925438.90,8669206302,8603804149,7255312738,412401091,405602889,3318067702,3234519213,2966661992,2329463923,1214338824,005.30%←,04.03%,09.89%,13.38%,13.13%,09.22%,04.49%,09.99%,13.71%,13.12%,09.05%,00.00%,03.45%,05.73%,05.37%,00.00%,03.61%,05.41%,05.57%,010.11%→,001.00%→,002.37%→,000.08%←,001.87%←,000.00%·,000.24%←,000.77%→,004.45%←
_bulz,coens,_kgyq,vfrw_,hatid,jpmx_,coenshatid,30961.017375,04.74%,001.85%←,42.00%,000.76%←,07.03%,17.18%,13.49%,43.98%,56563728747.95,001.27%→,002.58%←,01.61,001.10%←,01.62,01.60,04.03% │ 09.88% │ 13.43% │ 13.13% │ 09.21%,09.05% │ 12.97% │ 13.81% │ 10.00% │ 04.48%,03.33% │ 09.93% │ 16.80% │ 13.46% │ 06.67%,05.99% │ 12.60% │ 17.93% │ 09.47% │ 03.82%,010.10%→ │ 001.21%→ │ 002.78%→ │ 001.24%← │ 001.77%←,00.00% │ 03.45% │ 05.73% │ 05.39%,05.57% │ 05.41% │ 03.61% │ 00.00%,000.00%· │ 000.24%← │ 000.77%→ │ 004.83%←,24.12%,62.81%,13.07%,017.34%→ │ 005.30%← │ 000.47%←,49.68%,50.32%,50.19%,49.81%,28101686656.85,28462042091.10,8669206302,8603804149,7255312738,413073665,405583941,3318067702,3234519213,2966661992,2329463923,1214338824,005.30%←,04.03%,09.88%,13.43%,13.13%,09.21%,04.48%,10.00%,13.81%,12.97%,09.05%,00.00%,03.45%,05.73%,05.39%,00.00%,03.61%,05.41%,05.57%,010.10%→,001.21%→,002.78%→,001.24%←,001.77%←,000.00%·,000.24%←,000.77%→,004.83%←
_msjq,urael,_kfgb,vdnp_,hotic,xwyz_,uraelhotic,30887.788896,05.40%,000.64%→,37.99%,000.80%→,06.14%,18.95%,14.13%,42.71%,57907730896.92,000.47%←,000.24%→,01.72,000.41%←,01.73,01.72,03.68% │ 09.95% │ 14.21% │ 13.55% │ 08.72%,09.04% │ 12.78% │ 14.29% │ 09.81% │ 03.96%,02.78% │ 09.88% │ 16.90% │ 14.25% │ 05.99%,05.95% │ 13.08% │ 17.99% │ 09.86% │ 03.33%,007.02%→ │ 001.36%← │ 000.58%→ │ 006.08%← │ 003.49%→,00.00% │ 02.63% │ 07.04% │ 06.14%,06.77% │ 06.47% │ 02.61% │ 00.00%,000.00%· │ 000.94%← │ 002.23%← │ 003.56%→,27.06%,59.83%,13.11%,035.79%→ │ 007.77%← │ 084.47%←,50.12%,49.88%,49.80%,50.20%,29021447199.14,28886283697.78,8601655964,8671354487,6562667366,465017181,468030872,3618328696,3626903591,3272877669,2439844551,1060565736,007.77%←,03.68%,09.95%,14.21%,13.55%,08.72%,03.96%,09.81%,14.29%,12.78%,09.04%,00.00%,02.63%,07.04%,06.14%,00.00%,02.61%,06.47%,06.77%,007.02%→,001.36%←,000.58%→,006.08%←,003.49%→,000.00%·,000.94%←,002.23%←,003.56%→
_frwj,uaned,_qpgv,zlsy_,hiotc,xmbk_,uanedhiotc,30866.394776,05.62%,003.27%←,38.11%,001.37%←,06.40%,18.72%,13.80%,42.43%,58121412937.11,001.32%→,005.13%←,01.72,002.65%←,01.74,01.70,03.50% │ 09.86% │ 13.48% │ 15.16% │ 07.66%,07.46% │ 15.49% │ 13.14% │ 10.42% │ 03.83%,02.78% │ 10.56% │ 16.16% │ 15.71% │ 05.13%,05.00% │ 14.46% │ 15.63% │ 11.25% │ 03.33%,008.44%→ │ 005.41%→ │ 002.64%← │ 002.12%→ │ 002.72%←,00.00% │ 02.05% │ 05.61% │ 08.30%,08.53% │ 05.67% │ 01.93% │ 00.00%,000.00%· │ 000.35%→ │ 002.27%← │ 004.28%←,26.31%,60.53%,13.16%,013.50%→ │ 002.05%← │ 009.97%←,49.67%,50.33%,50.34%,49.66%,28867527940.35,29253884996.76,8695436607,8577573844,6583353890,492820858,477209904,3702583268,3521962495,3233320355,2382864180,1105076514,002.05%←,03.50%,09.86%,13.48%,15.16%,07.66%,03.83%,10.42%,13.14%,15.49%,07.46%,00.00%,02.05%,05.61%,08.30%,00.00%,01.93%,05.67%,08.53%,008.44%→,005.41%→,002.64%←,002.12%→,002.72%←,000.00%·,000.35%→,002.27%←,004.28%←
_frwj,uaned,_qpgv,xlsy_,hiotc,zmbk_,uanedhiotc,30865.659879,05.62%,003.18%←,38.11%,001.37%←,06.40%,18.72%,13.80%,42.43%,58120616859.67,001.32%→,005.13%←,01.72,002.65%←,01.74,01.70,03.50% │ 09.86% │ 13.48% │ 15.16% │ 07.66%,07.45% │ 15.49% │ 13.14% │ 10.43% │ 03.82%,02.78% │ 10.56% │ 16.16% │ 15.71% │ 05.13%,05.00% │ 14.46% │ 15.63% │ 11.25% │ 03.33%,008.42%→ │ 005.45%→ │ 002.65%← │ 002.11%→ │ 002.76%←,00.00% │ 02.05% │ 05.61% │ 08.30%,08.54% │ 05.67% │ 01.93% │ 00.00%,000.00%· │ 000.35%→ │ 002.27%← │ 004.12%←,26.38%,60.53%,13.09%,013.93%→ │ 002.05%← │ 011.29%←,49.67%,50.33%,50.34%,49.66%,28867527940.35,29253088919.32,8695436607,8577573844,6583353890,492820858,477640084,3702583268,3521962495,3233320355,2382864180,1105076514,002.05%←,03.50%,09.86%,13.48%,15.16%,07.66%,03.82%,10.43%,13.14%,15.49%,07.45%,00.00%,02.05%,05.61%,08.30%,00.00%,01.93%,05.67%,08.54%,008.42%→,005.45%→,002.65%←,002.11%→,002.76%←,000.00%·,000.35%→,002.27%←,004.12%←
_wdsj,unaol,_pmgx,qyrf_,heitc,zbkv_,unaolheitc,30844.298014,05.05%,001.69%←,37.61%,001.78%→,06.65%,18.91%,13.79%,42.17%,59208778347.69,000.10%←,004.96%→,01.73,002.38%→,01.71,01.75,03.55% │ 10.76% │ 12.50% │ 16.83% │ 06.38%,07.05% │ 16.33% │ 12.39% │ 10.43% │ 03.78%,02.78% │ 11.33% │ 14.70% │ 16.06% │ 04.69%,04.91% │ 15.29% │ 14.86% │ 12.06% │ 03.33%,005.93%→ │ 003.18%← │ 000.91%← │ 003.04%← │ 009.46%→,00.00% │ 00.76% │ 08.79% │ 05.62%,05.67% │ 08.53% │ 00.73% │ 00.00%,000.00%· │ 001.70%→ │ 001.90%← │ 001.73%←,25.64%,61.18%,13.18%,027.13%← │ 021.59%→ │ 099.97%←,50.03%,49.97%,49.55%,50.45%,29619656316.94,29589122030.75,8558805922,8714204529,6497008970,439380360,432063005,3562468007,3748422676,3266762467,2381775774,1148913871,021.59%→,03.55%,10.76%,12.50%,16.83%,06.38%,03.78%,10.43%,12.39%,16.33%,07.05%,00.00%,00.76%,08.79%,05.62%,00.00%,00.73%,08.53%,05.67%,005.93%→,003.18%←,000.91%←,003.04%←,009.46%→,000.00%·,001.70%→,001.90%←,001.73%←
_wdsj,unaol,_pmgx,zbrf_,heitc,qykv_,unaolheitc,30833.232572,05.05%,001.69%←,37.61%,001.78%→,06.65%,18.91%,13.79%,42.17%,59254357097.72,000.05%→,004.96%→,01.73,002.38%→,01.71,01.75,03.55% │ 10.75% │ 12.49% │ 16.82% │ 06.38%,07.04% │ 16.43% │ 12.34% │ 10.42% │ 03.77%,02.78% │ 11.33% │ 14.70% │ 16.06% │ 04.69%,04.91% │ 15.29% │ 14.86% │ 12.06% │ 03.33%,005.91%→ │ 003.17%← │ 001.23%← │ 002.34%← │ 009.49%→,00.00% │ 00.76% │ 08.79% │ 05.62%,05.67% │ 08.53% │ 00.73% │ 00.00%,000.00%· │ 001.70%→ │ 001.90%← │ 001.73%←,25.22%,61.21%,13.57%,031.79%← │ 021.76%→ │ 083.18%←,49.99%,50.01%,49.55%,50.45%,29619656316.94,29634700780.78,8558805922,8714204529,6497008970,439380360,432063005,3562468007,3748422676,3266762467,2381775774,1148913871,021.76%→,03.55%,10.75%,12.49%,16.82%,06.38%,03.77%,10.42%,12.34%,16.43%,07.04%,00.00%,00.76%,08.79%,05.62%,00.00%,00.73%,08.53%,05.67%,005.91%→,003.17%←,001.23%←,002.34%←,009.49%→,000.00%·,001.70%→,001.90%←,001.73%←
_wsbj,unael,_pgkx,qdrf_,hoitc,zmyv_,unaelhoitc,30815.954902,05.10%,002.29%←,40.29%,000.41%→,05.67%,17.63%,13.60%,43.53%,57532485920.58,002.66%→,000.27%→,01.66,000.09%←,01.66,01.66,03.59% │ 10.91% │ 14.60% │ 13.47% │ 06.76%,07.23% │ 14.39% │ 14.29% │ 10.89% │ 03.88%,02.78% │ 11.33% │ 16.77% │ 14.34% │ 04.69%,04.91% │ 13.99% │ 15.82% │ 12.06% │ 03.33%,007.48%→ │ 000.18%← │ 002.16%← │ 006.40%→ │ 006.46%→,00.00% │ 00.76% │ 08.27% │ 05.81%,05.69% │ 08.57% │ 00.73% │ 00.00%,000.00%· │ 001.70%→ │ 002.24%← │ 002.68%←,24.87%,61.04%,14.09%,018.40%→ │ 004.34%← │ 001.75%→,49.33%,50.67%,49.90%,50.10%,28378178490.93,29154307429.65,8618855914,8654154537,6959312103,445187944,435219867,3419616883,3428970667,3046041871,2348402503,979340185,004.34%←,03.59%,10.91%,14.60%,13.47%,06.76%,03.88%,10.89%,14.29%,14.39%,07.23%,00.00%,00.76%,08.27%,05.81%,00.00%,00.73%,08.57%,05.69%,007.48%→,000.18%←,002.16%←,006.40%→,006.46%→,000.00%·,001.70%→,002.24%←,002.68%←
_mcux,hretd,_kbvy,jfop_,snail,qgwz_,hretdsnail,30813.208476,05.23%,001.27%→,37.07%,000.61%→,06.60%,19.98%,15.64%,43.91%,57145857677.40,000.43%←,005.20%→,01.75,003.48%→,01.72,01.78,05.64% │ 09.76% │ 15.08% │ 11.30% │ 08.34%,09.31% │ 10.69% │ 14.76% │ 09.75% │ 05.39%,04.68% │ 09.88% │ 16.92% │ 12.65% │ 05.72%,06.78% │ 11.73% │ 17.52% │ 09.86% │ 04.27%,004.60%← │ 000.04%← │ 002.17%← │ 005.76%← │ 010.42%→,00.00% │ 02.63% │ 07.85% │ 05.49%,05.46% │ 07.77% │ 02.61% │ 00.00%,000.00%· │ 000.94%← │ 002.51%→ │ 000.17%→,23.97%,63.57%,12.46%,023.97%→ │ 004.73%← │ 038.48%←,50.11%,49.89%,49.85%,50.15%,28634846797.94,28511010879.46,8609878754,8663131697,6403665708,448506345,454286065,3603244176,3800989769,3450916569,2702018960,1140399046,004.73%←,05.64%,09.76%,15.08%,11.30%,08.34%,05.39%,09.75%,14.76%,10.69%,09.31%,00.00%,02.63%,07.85%,05.49%,00.00%,02.61%,07.77%,05.46%,004.60%←,000.04%←,002.17%←,005.76%←,010.42%→,000.00%·,000.94%←,002.51%→,000.17%→
_wsbj,unael,_pgkx,zdrf_,hoitc,qmyv_,unaelhoitc,30811.847222,05.10%,002.23%←,40.29%,000.41%→,05.67%,17.63%,13.60%,43.53%,57538145336.28,002.68%→,000.27%→,01.66,000.09%←,01.66,01.66,03.59% │ 10.90% │ 14.60% │ 13.47% │ 06.76%,07.24% │ 14.39% │ 14.29% │ 10.89% │ 03.88%,02.78% │ 11.33% │ 16.77% │ 14.34% │ 04.69%,04.91% │ 13.99% │ 15.82% │ 12.06% │ 03.33%,007.48%→ │ 000.18%← │ 002.14%← │ 006.39%→ │ 006.56%→,00.00% │ 00.76% │ 08.27% │ 05.81%,05.70% │ 08.57% │ 00.73% │ 00.00%,000.00%· │ 001.70%→ │ 002.24%← │ 002.54%←,24.93%,61.04%,14.04%,018.78%→ │ 004.33%← │ 000.98%→,49.32%,50.68%,49.90%,50.10%,28378178490.93,29159966845.35,8618855914,8654154537,6959312103,445187944,435468705,3419616883,3428970667,3046041871,2348402503,979340185,004.33%←,03.59%,10.90%,14.60%,13.47%,06.76%,03.88%,10.89%,14.29%,14.39%,07.24%,00.00%,00.76%,08.27%,05.81%,00.00%,00.73%,08.57%,05.70%,007.48%→,000.18%←,002.14%←,006.39%→,006.56%→,000.00%·,001.70%→,002.24%←,002.54%←
_mcux,hretd,_kbvy,qfop_,snail,jgwz_,hretdsnail,30799.779500,05.23%,001.27%→,37.07%,000.61%→,06.60%,19.98%,15.64%,43.91%,57162110129.14,000.38%←,005.20%→,01.75,003.48%→,01.72,01.78,05.64% │ 09.75% │ 15.07% │ 11.30% │ 08.33%,09.31% │ 10.68% │ 14.78% │ 09.75% │ 05.39%,04.68% │ 09.88% │ 16.92% │ 12.65% │ 05.72%,06.78% │ 11.73% │ 17.52% │ 09.86% │ 04.27%,004.59%← │ 000.04%← │ 001.98%← │ 005.76%← │ 010.43%→,00.00% │ 02.63% │ 07.85% │ 05.49%,05.46% │ 07.77% │ 02.61% │ 00.00%,000.00%· │ 000.94%← │ 002.51%→ │ 000.15%→,23.80%,63.54%,12.66%,023.03%→ │ 004.75%← │ 033.37%←,50.09%,49.91%,49.85%,50.15%,28634846797.94,28527263331.20,8609878754,8663131697,6403665708,448506345,454252677,3603244176,3800989769,3450916569,2702018960,1140399046,004.75%←,05.64%,09.75%,15.07%,11.30%,08.33%,05.39%,09.75%,14.78%,10.68%,09.31%,00.00%,02.63%,07.85%,05.49%,00.00%,02.61%,07.77%,05.46%,004.59%←,000.04%←,001.98%←,005.76%←,010.43%→,000.00%·,000.94%←,002.51%→,000.15%→
_frdq,ctioh,_vymz,jbsw_,leanu,xkgp_,ctiohleanu,30782.060464,05.10%,002.24%→,40.29%,000.41%←,05.67%,17.63%,13.60%,43.53%,57532485920.58,002.73%←,000.27%←,01.66,000.09%→,01.66,01.66,03.88% │ 10.89% │ 14.29% │ 14.39% │ 07.23%,06.76% │ 13.47% │ 14.60% │ 10.91% │ 03.59%,03.33% │ 12.06% │ 15.82% │ 13.99% │ 04.91%,04.69% │ 14.34% │ 16.77% │ 11.33% │ 02.78%,008.08%← │ 000.18%→ │ 002.12%→ │ 006.83%← │ 006.91%←,00.00% │ 00.73% │ 08.57% │ 05.69%,05.81% │ 08.27% │ 00.76% │ 00.00%,000.00%· │ 001.73%← │ 002.19%→ │ 002.61%→,24.87%,61.04%,14.09%,022.55%← │ 004.16%→ │ 001.78%←,50.67%,49.33%,50.10%,49.90%,29154307429.65,28378178490.93,8654154537,8618855914,6959312103,435219867,445187944,3428970667,3419616883,3046041871,2348402503,979340185,004.16%→,03.88%,10.89%,14.29%,14.39%,07.23%,03.59%,10.91%,14.60%,13.47%,06.76%,00.00%,00.73%,08.57%,05.69%,00.00%,00.76%,08.27%,05.81%,008.08%←,000.18%→,002.12%→,006.83%←,006.91%←,000.00%·,001.73%←,002.19%→,002.61%→
_frdz,ctioh,_vymq,jbsw_,leanu,xkgp_,ctiohleanu,30777.321409,05.10%,002.18%→,40.29%,000.41%←,05.67%,17.63%,13.60%,43.53%,57538145336.28,002.75%←,000.27%←,01.66,000.09%→,01.66,01.66,03.88% │ 10.89% │ 14.29% │ 14.39% │ 07.24%,06.76% │ 13.47% │ 14.60% │ 10.90% │ 03.59%,03.33% │ 12.06% │ 15.82% │ 13.99% │ 04.91%,04.69% │ 14.34% │ 16.77% │ 11.33% │ 02.78%,008.08%← │ 000.18%→ │ 002.10%→ │ 006.83%← │ 007.02%←,00.00% │ 00.73% │ 08.57% │ 05.70%,05.81% │ 08.27% │ 00.76% │ 00.00%,000.00%· │ 001.73%← │ 002.19%→ │ 002.48%→,24.93%,61.04%,14.04%,023.12%← │ 004.15%→ │ 000.99%←,50.68%,49.32%,50.10%,49.90%,29159966845.35,28378178490.93,8654154537,8618855914,6959312103,435468705,445187944,3428970667,3419616883,3046041871,2348402503,979340185,004.15%→,03.88%,10.89%,14.29%,14.39%,07.24%,03.59%,10.90%,14.60%,13.47%,06.76%,00.00%,00.73%,08.57%,05.70%,00.00%,00.76%,08.27%,05.81%,008.08%←,000.18%→,002.10%→,006.83%←,007.02%←,000.00%·,001.73%←,002.19%→,002.48%→
_grdq,ctioh,_vwmz,xysp_,leanu,jkfb_,ctiohleanu,30642.416905,04.60%,007.02%←,41.72%,000.18%→,05.63%,17.00%,13.10%,43.52%,56982529777.07,003.95%←,002.25%←,01.62,001.50%←,01.63,01.61,03.91% │ 10.66% │ 14.40% │ 14.43% │ 07.57%,06.85% │ 13.78% │ 13.93% │ 10.82% │ 03.65%,03.33% │ 11.92% │ 15.81% │ 13.99% │ 04.91%,04.69% │ 14.42% │ 16.90% │ 11.26% │ 02.78%,007.08%← │ 001.51%→ │ 003.40%← │ 004.67%← │ 010.57%←,00.00% │ 00.19% │ 08.09% │ 05.69%,05.28% │ 07.04% │ 00.21% │ 00.00%,000.00%· │ 001.87%→ │ 007.50%← │ 006.65%←,26.08%,61.06%,12.86%,008.70%← │ 000.37%→ │ 016.17%←,50.97%,49.03%,49.95%,50.05%,29042891506.32,27939638270.75,8628579664,8644430787,7206522088,410887399,383948701,3337374842,3264002723,2937259090,2263347511,972037548,000.37%→,03.91%,10.66%,14.40%,14.43%,07.57%,03.65%,10.82%,13.93%,13.78%,06.85%,00.00%,00.19%,08.09%,05.69%,00.00%,00.21%,07.04%,05.28%,007.08%←,001.51%→,003.40%←,004.67%←,010.57%←,000.00%·,001.87%→,007.50%←,006.65%←
_grdq,ctioh,_vwmz,jysp_,leanu,xkfb_,ctiohleanu,30641.813373,04.61%,006.81%←,41.72%,000.18%→,05.63%,17.00%,13.10%,43.52%,56981840145.76,003.95%←,002.25%←,01.62,001.50%←,01.63,01.61,03.91% │ 10.66% │ 14.40% │ 14.43% │ 07.57%,06.83% │ 13.78% │ 13.93% │ 10.84% │ 03.64%,03.33% │ 11.92% │ 15.81% │ 13.99% │ 04.91%,04.69% │ 14.42% │ 16.90% │ 11.26% │ 02.78%,007.19%← │ 001.69%→ │ 003.38%← │ 004.68%← │ 010.88%←,00.00% │ 00.19% │ 08.09% │ 05.69%,05.30% │ 07.04% │ 00.21% │ 00.00%,000.00%· │ 001.87%→ │ 007.50%← │ 006.21%←,26.08%,61.05%,12.86%,008.68%← │ 000.36%→ │ 016.19%←,50.97%,49.03%,49.95%,50.05%,29042891506.32,27938948639.44,8628579664,8644430787,7206522088,410887399,384682435,3337374842,3264002723,2937259090,2263347511,972037548,000.36%→,03.91%,10.66%,14.40%,14.43%,07.57%,03.64%,10.84%,13.93%,13.78%,06.83%,00.00%,00.19%,08.09%,05.69%,00.00%,00.21%,07.04%,05.30%,007.19%←,001.69%→,003.38%←,004.68%←,010.88%←,000.00%·,001.87%→,007.50%←,006.21%←
_mckx,lreas,_wfpq,vgnu_,hotid,jbyz_,ditohsaerl,30613.285978,04.57%,001.18%→,37.99%,001.92%←,06.69%,18.89%,15.20%,44.59%,56973858877.30,000.76%←,001.11%←,01.72,000.57%→,01.72,01.73,05.18% │ 10.86% │ 13.96% │ 10.90% │ 09.29%,08.91% │ 10.55% │ 14.63% │ 10.91% │ 04.81%,04.27% │ 10.82% │ 17.48% │ 11.16% │ 06.74%,05.99% │ 11.23% │ 17.99% │ 10.49% │ 03.82%,007.60%← │ 000.50%→ │ 004.54%→ │ 003.33%← │ 004.28%←,00.00% │ 01.72% │ 06.40% │ 05.38%,05.59% │ 06.47% │ 01.62% │ 00.00%,000.00%· │ 009.90%← │ 003.84%→ │ 000.08%←,23.98%,63.65%,12.37%,050.17%→ │ 018.75%← │ 062.70%←,50.19%,49.81%,50.48%,49.52%,28595204997.42,28378653879.88,8718646811,8554363640,6562696665,392136719,396812831,3642663038,3602539950,3263107600,2625652800,1155703140,018.75%←,05.18%,10.86%,13.96%,10.90%,09.29%,04.81%,10.91%,14.63%,10.55%,08.91%,00.00%,01.72%,06.40%,05.38%,00.00%,01.62%,06.47%,05.59%,007.60%←,000.50%→,004.54%→,003.33%←,004.28%←,000.00%·,009.90%←,003.84%→,000.08%←
_mckj,lreas,_wfpq,vgnu_,hotid,xbyz_,ditohsaerl,30508.350760,04.47%,000.90%→,38.19%,002.08%←,06.71%,18.77%,15.19%,44.72%,56891059546.16,001.12%←,000.88%←,01.72,000.85%→,01.71,01.72,05.18% │ 10.87% │ 14.00% │ 10.91% │ 09.31%,08.87% │ 10.48% │ 14.69% │ 10.87% │ 04.82%,04.27% │ 10.82% │ 17.48% │ 11.16% │ 06.78%,05.95% │ 11.23% │ 17.99% │ 10.49% │ 03.82%,007.60%← │ 000.06%← │ 004.69%→ │ 004.08%← │ 005.03%←,00.00% │ 01.72% │ 06.40% │ 05.11%,05.29% │ 06.47% │ 01.62% │ 00.00%,000.00%· │ 009.90%← │ 003.84%→ │ 000.84%←,23.94%,63.78%,12.28%,049.93%→ │ 019.10%← │ 063.51%←,50.28%,49.72%,50.51%,49.49%,28604145375.72,28286914170.44,8725319332,8547691119,6597411430,384088543,387582014,3620948868,3589539355,3242543774,2623510262,1159435854,019.10%←,05.18%,10.87%,14.00%,10.91%,09.31%,04.82%,10.87%,14.69%,10.48%,08.87%,00.00%,01.72%,06.40%,05.11%,00.00%,01.62%,06.47%,05.29%,007.60%←,000.06%←,004.69%→,004.08%←,005.03%←,000.00%·,009.90%←,003.84%→,000.84%←
_pmrx,uiend,_qwfk,jgsy_,hoatc,zlbv_,uiendhoatc,30312.798987,05.50%,006.13%→,40.29%,000.63%→,06.81%,18.04%,13.00%,41.88%,57743958522.34,000.98%→,003.99%←,01.66,003.03%←,01.68,01.63,03.45% │ 09.75% │ 12.82% │ 16.58% │ 07.16%,07.67% │ 14.28% │ 13.46% │ 11.01% │ 03.84%,02.78% │ 09.83% │ 16.26% │ 16.20% │ 04.76%,05.04% │ 13.88% │ 16.34% │ 11.58% │ 03.33%,010.09%→ │ 011.46%→ │ 004.75%→ │ 016.15%← │ 006.67%→,00.00% │ 02.07% │ 07.87% │ 05.62%,06.50% │ 08.55% │ 01.81% │ 00.00%,000.00%· │ 003.31%→ │ 008.33%→ │ 004.10%→,25.85%,59.86%,14.29%,022.20%← │ 001.29%→ │ 031.66%→,49.75%,50.25%,49.84%,50.16%,28729558814.81,29014399707.53,8609220111,8663790340,6959037883,459833209,489851833,3491418943,3357442827,3115893740,2244848536,1175503755,001.29%→,03.45%,09.75%,12.82%,16.58%,07.16%,03.84%,11.01%,13.46%,14.28%,07.67%,00.00%,02.07%,07.87%,05.62%,00.00%,01.81%,08.55%,06.50%,010.09%→,011.46%→,004.75%→,016.15%←,006.67%→,000.00%·,003.31%→,008.33%→,004.10%→
_bryv,manel,k_gw_,xdsf_,hotiu,jcpqz,manelhotiu,30302.931990,07.40%,000.08%→,37.22%,000.07%←,05.36%,18.74%,13.45%,41.78%,58193683834.09,001.00%→,005.61%←,01.75,004.10%←,01.78,01.71,04.26% │ 09.61% │ 12.71% │ 15.53% │ 07.64%,07.60% │ 15.07% │ 14.06% │ 09.68% │ 03.84%,03.35% │ 09.89% │ 16.07% │ 15.36% │ 05.34%,05.10% │ 14.71% │ 17.39% │ 09.87% │ 02.91%,011.07%← │ 000.74%→ │ 009.62%→ │ 003.07%← │ 000.50%←,00.20% │ 03.66% │ 09.53% │ 08.69%,08.67% │ 09.30% │ 03.66% │ 00.24%,000.94%→ │ 000.12%← │ 005.31%→ │ 004.81%←,26.84%,59.89%,13.28%,006.95%→ │ 006.63%← │ 019.75%→,49.75%,50.25%,50.02%,49.98%,28951311321.29,29242372512.80,8639617426,8633393025,6428586875,638984124,639484566,3790386508,3588926270,3236812179,2322671055,926475554,006.63%←,04.26%,09.61%,12.71%,15.53%,07.64%,03.84%,09.68%,14.06%,15.07%,07.60%,00.20%,03.66%,09.53%,08.69%,00.24%,03.66%,09.30%,08.67%,011.07%←,000.74%→,009.62%→,003.07%←,000.50%←,000.94%→,000.12%←,005.31%→,004.81%←
_bsmj,litah,zxcyq,vkrg_,denop,_fu_w,litahdenop,30281.378114,06.52%,001.57%←,35.71%,000.20%→,05.42%,19.77%,14.35%,42.05%,58885849599.11,001.46%→,001.94%→,01.79,001.39%→,01.78,01.81,05.28% │ 09.10% │ 15.10% │ 12.90% │ 07.26%,07.19% │ 14.16% │ 14.75% │ 09.21% │ 05.05%,04.40% │ 09.40% │ 18.57% │ 12.58% │ 05.01%,04.90% │ 14.90% │ 16.80% │ 09.61% │ 03.84%,004.46%← │ 001.19%→ │ 002.31%← │ 008.87%→ │ 000.90%←,00.05% │ 02.22% │ 09.75% │ 07.18%,06.87% │ 09.94% │ 02.10% │ 00.05%,000.50%← │ 003.34%← │ 008.51%← │ 007.22%→,24.59%,59.52%,15.89%,007.94%→ │ 007.16%← │ 020.09%→,49.63%,50.37%,49.95%,50.05%,29226897824.87,29658951774.24,8628013466,8644996985,6168065776,567207856,558452426,3782549511,3857284366,3415690916,2478869910,935707746,007.16%←,05.28%,09.10%,15.10%,12.90%,07.26%,05.05%,09.21%,14.75%,14.16%,07.19%,00.05%,02.22%,09.75%,07.18%,00.05%,02.10%,09.94%,06.87%,004.46%←,001.19%→,002.31%←,008.87%→,000.90%←,000.50%←,003.34%←,008.51%←,007.22%→
_bry_,manel,k_gwv,xdsf_,hotiu,jcpqz,manelhotiu,30280.851934,07.41%,000.25%←,37.22%,000.07%←,05.36%,18.74%,13.45%,41.78%,58192553235.96,001.00%→,005.61%←,01.75,004.10%←,01.78,01.71,04.26% │ 09.60% │ 12.71% │ 15.57% │ 07.60%,07.60% │ 15.07% │ 14.06% │ 09.68% │ 03.84%,03.35% │ 09.89% │ 16.07% │ 15.36% │ 05.34%,05.10% │ 14.71% │ 17.39% │ 09.87% │ 02.91%,011.06%← │ 000.85%→ │ 009.62%→ │ 003.34%← │ 000.06%←,00.20% │ 03.66% │ 09.53% │ 08.75%,08.67% │ 09.30% │ 03.66% │ 00.24%,000.94%→ │ 000.12%← │ 005.31%→ │ 005.52%←,25.01%,59.92%,15.08%,020.12%→ │ 006.73%← │ 004.69%←,49.75%,50.25%,50.02%,49.98%,28950180723.16,29242372512.80,8639617426,8633393025,6428586875,641085880,639484566,3790386508,3588926270,3236812179,2322671055,926475554,006.73%←,04.26%,09.60%,12.71%,15.57%,07.60%,03.84%,09.68%,14.06%,15.07%,07.60%,00.20%,03.66%,09.53%,08.75%,00.24%,03.66%,09.30%,08.67%,011.06%←,000.85%→,009.62%→,003.34%←,000.06%←,000.94%→,000.12%←,005.31%→,005.52%←
_wsmq,ctaoh,_xglz,vyrp_,deinu,jfbk_,ctaohdeinu,30251.181166,05.83%,000.08%←,39.80%,000.45%←,05.93%,17.25%,13.25%,43.45%,58148503481.58,000.42%←,003.16%→,01.67,002.43%→,01.65,01.69,03.82% │ 09.31% │ 14.43% │ 14.99% │ 07.56%,07.72% │ 15.65% │ 13.41% │ 09.64% │ 03.48%,03.33% │ 10.68% │ 16.77% │ 14.43% │ 04.91%,05.13% │ 15.86% │ 15.74% │ 10.38% │ 02.78%,009.75%← │ 003.44%→ │ 007.64%← │ 004.17%→ │ 002.17%→,00.00% │ 00.90% │ 08.27% │ 07.41%,06.98% │ 08.54% │ 01.02% │ 00.00%,000.00%· │ 008.69%→ │ 003.18%← │ 002.12%→,25.17%,61.40%,13.43%,012.49%→ │ 000.07%→ │ 033.18%←,50.11%,49.89%,50.11%,49.89%,29135763562.39,29012739919.19,8655989425,8617021026,6875401865,503749849,503328994,3410568392,3521929396,2978841374,2288743464,1024319913,000.07%→,03.82%,09.31%,14.43%,14.99%,07.56%,03.48%,09.64%,13.41%,15.65%,07.72%,00.00%,00.90%,08.27%,07.41%,00.00%,01.02%,08.54%,06.98%,009.75%←,003.44%→,007.64%←,004.17%→,002.17%→,000.00%·,008.69%→,003.18%←,002.12%→
_wsmq,ctaoh,_xglz,vyrp_,deinu,jfbk_,ctaohdeinu,30251.181166,05.83%,000.08%←,39.80%,000.45%←,05.93%,17.25%,13.25%,43.45%,58148503481.58,000.42%←,003.16%→,01.67,002.43%→,01.65,01.69,03.82% │ 09.31% │ 14.43% │ 14.99% │ 07.56%,07.72% │ 15.65% │ 13.41% │ 09.64% │ 03.48%,03.33% │ 10.68% │ 16.77% │ 14.43% │ 04.91%,05.13% │ 15.86% │ 15.74% │ 10.38% │ 02.78%,009.75%← │ 003.44%→ │ 007.64%← │ 004.17%→ │ 002.17%→,00.00% │ 00.90% │ 08.27% │ 07.41%,06.98% │ 08.54% │ 01.02% │ 00.00%,000.00%· │ 008.69%→ │ 003.18%← │ 002.12%→,25.17%,61.40%,13.43%,012.49%→ │ 000.07%→ │ 033.18%←,50.11%,49.89%,50.11%,49.89%,29135763562.39,29012739919.19,8655989425,8617021026,6875401865,503749849,503328994,3410568392,3521929396,2978841374,2288743464,1024319913,000.07%→,03.82%,09.31%,14.43%,14.99%,07.56%,03.48%,09.64%,13.41%,15.65%,07.72%,00.00%,00.90%,08.27%,07.41%,00.00%,01.02%,08.54%,06.98%,009.75%←,003.44%→,007.64%←,004.17%→,002.17%→,000.00%·,008.69%→,003.18%←,002.12%→
_wsmz,ctaoh,_xglq,vyrp_,deinu,jfbk_,ctaohdeinu,30248.197170,05.83%,000.19%←,39.80%,000.45%←,05.93%,17.25%,13.25%,43.45%,58153825620.86,000.44%←,003.16%→,01.67,002.43%→,01.65,01.69,03.82% │ 09.31% │ 14.43% │ 14.99% │ 07.56%,07.72% │ 15.64% │ 13.41% │ 09.64% │ 03.48%,03.33% │ 10.68% │ 16.77% │ 14.43% │ 04.91%,05.13% │ 15.86% │ 15.74% │ 10.38% │ 02.78%,009.75%← │ 003.45%→ │ 007.66%← │ 004.17%→ │ 002.09%→,00.00% │ 00.90% │ 08.27% │ 07.43%,06.98% │ 08.54% │ 01.02% │ 00.00%,000.00%· │ 008.69%→ │ 003.18%← │ 001.91%→,25.22%,61.40%,13.38%,012.11%→ │ 000.06%→ │ 032.40%←,50.11%,49.89%,50.11%,49.89%,29141085701.67,29012739919.19,8655989425,8617021026,6875401865,504289609,503328994,3410568392,3521929396,2978841374,2288743464,1024319913,000.06%→,03.82%,09.31%,14.43%,14.99%,07.56%,03.48%,09.64%,13.41%,15.64%,07.72%,00.00%,00.90%,08.27%,07.43%,00.00%,01.02%,08.54%,06.98%,009.75%←,003.45%→,007.66%←,004.17%→,002.09%→,000.00%·,008.69%→,003.18%←,001.91%→
_wsmz,ctaoh,_xglq,vyrp_,deinu,jfbk_,ctaohdeinu,30248.197170,05.83%,000.19%←,39.80%,000.45%←,05.93%,17.25%,13.25%,43.45%,58153825620.86,000.44%←,003.16%→,01.67,002.43%→,01.65,01.69,03.82% │ 09.31% │ 14.43% │ 14.99% │ 07.56%,07.72% │ 15.64% │ 13.41% │ 09.64% │ 03.48%,03.33% │ 10.68% │ 16.77% │ 14.43% │ 04.91%,05.13% │ 15.86% │ 15.74% │ 10.38% │ 02.78%,009.75%← │ 003.45%→ │ 007.66%← │ 004.17%→ │ 002.09%→,00.00% │ 00.90% │ 08.27% │ 07.43%,06.98% │ 08.54% │ 01.02% │ 00.00%,000.00%· │ 008.69%→ │ 003.18%← │ 001.91%→,25.22%,61.40%,13.38%,012.11%→ │ 000.06%→ │ 032.40%←,50.11%,49.89%,50.11%,49.89%,29141085701.67,29012739919.19,8655989425,8617021026,6875401865,504289609,503328994,3410568392,3521929396,2978841374,2288743464,1024319913,000.06%→,03.82%,09.31%,14.43%,14.99%,07.56%,03.48%,09.64%,13.41%,15.64%,07.72%,00.00%,00.90%,08.27%,07.43%,00.00%,01.02%,08.54%,06.98%,009.75%←,003.45%→,007.66%←,004.17%→,002.09%→,000.00%·,008.69%→,003.18%←,001.91%→
_pryv,unied,_kbfj,qmsw_,hoatc,zlgx_,uniedhoatc,30237.938211,05.83%,000.08%→,39.80%,000.45%→,05.93%,17.25%,13.25%,43.45%,58148503481.58,000.42%→,003.27%←,01.67,002.49%←,01.69,01.65,03.48% │ 09.64% │ 13.41% │ 15.65% │ 07.72%,07.56% │ 14.99% │ 14.43% │ 09.31% │ 03.82%,02.78% │ 10.38% │ 15.74% │ 15.86% │ 05.13%,04.91% │ 14.43% │ 16.77% │ 10.68% │ 03.33%,008.89%→ │ 003.57%← │ 007.10%→ │ 004.35%← │ 002.22%←,00.00% │ 01.02% │ 08.54% │ 06.98%,07.41% │ 08.27% │ 00.90% │ 00.00%,000.00%· │ 009.52%← │ 003.08%→ │ 002.17%←,25.17%,61.40%,13.43%,014.28%← │ 000.07%← │ 024.91%→,49.89%,50.11%,49.89%,50.11%,29012739919.19,29135763562.39,8617021026,8655989425,6875401865,503328994,503749849,3521929396,3410568392,2978841374,2288743464,1024319913,000.07%←,03.48%,09.64%,13.41%,15.65%,07.72%,03.82%,09.31%,14.43%,14.99%,07.56%,00.00%,01.02%,08.54%,06.98%,00.00%,00.90%,08.27%,07.41%,008.89%→,003.57%←,007.10%→,004.35%←,002.22%←,000.00%·,009.52%←,003.08%→,002.17%←
_pryv,unied,_kbfj,zmsw_,hoatc,qlgx_,uniedhoatc,30235.190546,05.83%,000.19%→,39.80%,000.45%→,05.93%,17.25%,13.25%,43.45%,58153825620.86,000.44%→,003.27%←,01.67,002.49%←,01.69,01.65,03.48% │ 09.64% │ 13.41% │ 15.64% │ 07.72%,07.56% │ 14.99% │ 14.43% │ 09.31% │ 03.82%,02.78% │ 10.38% │ 15.74% │ 15.86% │ 05.13%,04.91% │ 14.43% │ 16.77% │ 10.68% │ 03.33%,008.89%→ │ 003.57%← │ 007.12%→ │ 004.35%← │ 002.13%←,00.00% │ 01.02% │ 08.54% │ 06.98%,07.43% │ 08.27% │ 00.90% │ 00.00%,000.00%· │ 009.52%← │ 003.08%→ │ 001.95%←,25.22%,61.40%,13.38%,013.78%← │ 000.06%← │ 024.47%→,49.89%,50.11%,49.89%,50.11%,29012739919.19,29141085701.67,8617021026,8655989425,6875401865,503328994,504289609,3521929396,3410568392,2978841374,2288743464,1024319913,000.06%←,03.48%,09.64%,13.41%,15.64%,07.72%,03.82%,09.31%,14.43%,14.99%,07.56%,00.00%,01.02%,08.54%,06.98%,00.00%,00.90%,08.27%,07.43%,008.89%→,003.57%←,007.12%→,004.35%←,002.13%←,000.00%·,009.52%←,003.08%→,001.95%←
_prjz,ctieh,_bwvq,kdsf_,loanu,xgym_,ctiehloanu,30215.205073,04.80%,005.85%→,37.70%,000.47%→,06.31%,18.55%,14.17%,43.30%,58617697843.12,000.83%→,003.86%←,01.73,003.17%←,01.76,01.70,03.81% │ 11.03% │ 13.56% │ 14.08% │ 07.31%,07.22% │ 13.85% │ 13.57% │ 12.07% │ 03.50%,03.33% │ 12.56% │ 15.81% │ 13.28% │ 04.91%,05.20% │ 13.44% │ 16.42% │ 12.28% │ 02.78%,008.94%← │ 008.63%→ │ 000.03%→ │ 001.69%← │ 001.16%←,00.00% │ 00.78% │ 08.09% │ 05.23%,05.31% │ 08.46% │ 00.78% │ 00.00%,000.00%· │ 003.47%← │ 007.84%→ │ 003.96%→,25.18%,61.08%,13.74%,039.11%→ │ 033.72%← │ 036.89%→,49.79%,50.21%,49.88%,50.12%,29187310350.03,29430387493.09,8615948094,8657062357,6511568272,402310925,427311490,3717310297,3579021084,3203886501,2447011447,1090266010,033.72%←,03.81%,11.03%,13.56%,14.08%,07.31%,03.50%,12.07%,13.57%,13.85%,07.22%,00.00%,00.78%,08.09%,05.23%,00.00%,00.78%,08.46%,05.31%,008.94%←,008.63%→,000.03%→,001.69%←,001.16%←,000.00%·,003.47%←,007.84%→,003.96%→
_prjq,ctieh,_bwvz,kdsf_,loanu,xgym_,ctiehloanu,30214.875314,04.80%,005.86%→,37.70%,000.47%→,06.31%,18.55%,14.17%,43.30%,58616339367.17,000.83%→,003.86%←,01.73,003.17%←,01.76,01.70,03.81% │ 11.03% │ 13.56% │ 14.08% │ 07.30%,07.22% │ 13.85% │ 13.57% │ 12.07% │ 03.50%,03.33% │ 12.56% │ 15.81% │ 13.28% │ 04.91%,05.20% │ 13.44% │ 16.42% │ 12.28% │ 02.78%,008.94%← │ 008.63%→ │ 000.04%→ │ 001.71%← │ 001.12%←,00.00% │ 00.78% │ 08.09% │ 05.23%,05.31% │ 08.46% │ 00.78% │ 00.00%,000.00%· │ 003.47%← │ 007.84%→ │ 003.99%→,25.13%,61.08%,13.79%,039.40%→ │ 033.73%← │ 036.38%→,49.79%,50.21%,49.88%,50.12%,29185951874.08,29430387493.09,8615948094,8657062357,6511568272,402253125,427311490,3717310297,3579021084,3203886501,2447011447,1090266010,033.73%←,03.81%,11.03%,13.56%,14.08%,07.30%,03.50%,12.07%,13.57%,13.85%,07.22%,00.00%,00.78%,08.09%,05.23%,00.00%,00.78%,08.46%,05.31%,008.94%←,008.63%→,000.04%→,001.71%←,001.12%←,000.00%·,003.47%←,007.84%→,003.99%→
_frbz,utieh,_kyvq,xmsp_,loanc,jdgw_,utiehloanc,30212.572950,05.71%,000.43%→,39.57%,000.40%→,05.82%,17.03%,13.01%,43.31%,58360375212.47,000.02%→,004.43%←,01.68,003.26%←,01.70,01.65,03.41% │ 10.19% │ 13.86% │ 15.61% │ 06.92%,06.41% │ 14.57% │ 14.70% │ 10.46% │ 03.87%,02.78% │ 11.73% │ 15.82% │ 14.67% │ 04.91%,04.69% │ 13.99% │ 16.77% │ 11.33% │ 03.33%,011.79%→ │ 002.61%→ │ 005.71%→ │ 007.16%← │ 008.02%←,00.00% │ 00.75% │ 08.57% │ 07.18%,07.44% │ 08.27% │ 00.76% │ 00.00%,000.00%· │ 001.84%← │ 002.19%→ │ 001.19%←,23.89%,61.62%,14.49%,010.34%→ │ 022.43%← │ 050.72%→,49.99%,50.01%,49.90%,50.10%,29177017994.11,29183357218.36,8619346370,8653664081,6835261527,492214144,494343896,3561867035,3410771091,2940849877,2246609952,1004992192,022.43%←,03.41%,10.19%,13.86%,15.61%,06.92%,03.87%,10.46%,14.70%,14.57%,06.41%,00.00%,00.75%,08.57%,07.18%,00.00%,00.76%,08.27%,07.44%,011.79%→,002.61%→,005.71%→,007.16%←,008.02%←,000.00%·,001.84%←,002.19%→,001.19%←
_frbz,utieh,_kyvq,xmsp_,loanc,jdgw_,!utiehloanc,30212.572950,05.71%,000.43%→,39.57%,000.40%→,05.82%,17.03%,13.01%,43.31%,58360375212.47,000.02%→,004.43%←,01.68,003.26%←,01.70,01.65,03.41% │ 10.19% │ 13.86% │ 15.61% │ 06.92%,06.41% │ 14.57% │ 14.70% │ 10.46% │ 03.87%,02.78% │ 11.73% │ 15.82% │ 14.67% │ 04.91%,04.69% │ 13.99% │ 16.77% │ 11.33% │ 03.33%,011.79%→ │ 002.61%→ │ 005.71%→ │ 007.16%← │ 008.02%←,00.00% │ 00.75% │ 08.57% │ 07.18%,07.44% │ 08.27% │ 00.76% │ 00.00%,000.00%· │ 001.84%← │ 002.19%→ │ 001.19%←,23.89%,61.62%,14.49%,010.34%→ │ 022.43%← │ 050.72%→,49.99%,50.01%,49.90%,50.10%,29177017994.11,29183357218.36,8619346370,8653664081,6835261527,492214144,494343896,3561867035,3410771091,2940849877,2246609952,1004992192,022.43%←,03.41%,10.19%,13.86%,15.61%,06.92%,03.87%,10.46%,14.70%,14.57%,06.41%,00.00%,00.75%,08.57%,07.18%,00.00%,00.76%,08.27%,07.44%,011.79%→,002.61%→,005.71%→,007.16%←,008.02%←,000.00%·,001.84%←,002.19%→,001.19%←
_frbz,utieh,_kyvq,jmsp_,loanc,xdgw_,utiehloanc,30206.483990,05.72%,000.67%→,39.57%,000.40%→,05.82%,17.03%,13.01%,43.31%,58372556215.59,000.06%→,004.43%←,01.68,003.26%←,01.70,01.65,03.41% │ 10.18% │ 13.85% │ 15.61% │ 06.92%,06.41% │ 14.56% │ 14.70% │ 10.48% │ 03.87%,02.78% │ 11.73% │ 15.82% │ 14.67% │ 04.91%,04.69% │ 13.99% │ 16.77% │ 11.33% │ 03.33%,011.81%→ │ 002.79%→ │ 005.73%→ │ 007.19%← │ 007.99%←,00.00% │ 00.75% │ 08.57% │ 07.18%,07.48% │ 08.27% │ 00.76% │ 00.00%,000.00%· │ 001.84%← │ 002.19%→ │ 000.68%←,23.96%,61.61%,14.43%,010.91%→ │ 022.43%← │ 050.42%→,49.98%,50.02%,49.90%,50.10%,29177017994.11,29195538221.48,8619346370,8653664081,6835261527,492214144,495545080,3561867035,3410771091,2940849877,2246609952,1004992192,022.43%←,03.41%,10.18%,13.85%,15.61%,06.92%,03.87%,10.48%,14.70%,14.56%,06.41%,00.00%,00.75%,08.57%,07.18%,00.00%,00.76%,08.27%,07.48%,011.81%→,002.79%→,005.73%→,007.19%←,007.99%←,000.00%·,001.84%←,002.19%→,000.68%←
_frbz,utieh,_kyvq,jmsp_,loanc,xdgw_,utiehloanc,30206.483990,05.72%,000.67%→,39.57%,000.40%→,05.82%,17.03%,13.01%,43.31%,58372556215.59,000.06%→,004.43%←,01.68,003.26%←,01.70,01.65,03.41% │ 10.18% │ 13.85% │ 15.61% │ 06.92%,06.41% │ 14.56% │ 14.70% │ 10.48% │ 03.87%,02.78% │ 11.73% │ 15.82% │ 14.67% │ 04.91%,04.69% │ 13.99% │ 16.77% │ 11.33% │ 03.33%,011.81%→ │ 002.79%→ │ 005.73%→ │ 007.19%← │ 007.99%←,00.00% │ 00.75% │ 08.57% │ 07.18%,07.48% │ 08.27% │ 00.76% │ 00.00%,000.00%· │ 001.84%← │ 002.19%→ │ 000.68%←,23.96%,61.61%,14.43%,010.91%→ │ 022.43%← │ 050.42%→,49.98%,50.02%,49.90%,50.10%,29177017994.11,29195538221.48,8619346370,8653664081,6835261527,492214144,495545080,3561867035,3410771091,2940849877,2246609952,1004992192,022.43%←,03.41%,10.18%,13.85%,15.61%,06.92%,03.87%,10.48%,14.70%,14.56%,06.41%,00.00%,00.75%,08.57%,07.18%,00.00%,00.76%,08.27%,07.48%,011.81%→,002.79%→,005.73%→,007.19%←,007.99%←,000.00%·,001.84%←,002.19%→,000.68%←
_pmrj,uiend,_qwfk,xgsy_,hoatc,zlbv_,uiendhoatc,30165.648594,05.46%,003.88%→,40.43%,000.48%→,06.85%,17.89%,13.05%,42.17%,57698087589.07,000.61%→,003.74%←,01.65,002.75%←,01.68,01.63,03.51% │ 09.71% │ 12.86% │ 16.60% │ 07.17%,07.62% │ 14.20% │ 13.43% │ 11.05% │ 03.85%,02.78% │ 09.83% │ 16.26% │ 16.20% │ 04.80%,05.00% │ 13.88% │ 16.34% │ 11.58% │ 03.33%,008.90%→ │ 012.13%→ │ 004.24%→ │ 016.83%← │ 005.84%→,00.00% │ 02.07% │ 07.87% │ 05.67%,06.23% │ 08.55% │ 01.81% │ 00.00%,000.00%· │ 003.31%→ │ 008.33%→ │ 001.31%←,25.80%,59.90%,14.30%,022.72%← │ 000.81%→ │ 031.69%→,49.85%,50.15%,49.88%,50.12%,28760681305.66,28937406283.41,8615892632,8657117819,6983205772,461852369,480496786,3474978211,3349715670,3090181645,2253296182,1183262470,000.81%→,03.51%,09.71%,12.86%,16.60%,07.17%,03.85%,11.05%,13.43%,14.20%,07.62%,00.00%,02.07%,07.87%,05.67%,00.00%,01.81%,08.55%,06.23%,008.90%→,012.13%→,004.24%→,016.83%←,005.84%→,000.00%·,003.31%→,008.33%→,001.31%←
_wnd_,mitoh,kjyc_,xbsg_,learu,qpfvz,mitohlearu,30097.782765,06.22%,002.27%→,37.60%,000.96%←,06.29%,18.58%,14.11%,43.17%,57512762331.29,000.01%→,001.07%→,01.73,001.48%→,01.72,01.75,04.25% │ 09.42% │ 14.29% │ 15.01% │ 07.03%,06.66% │ 15.70% │ 13.98% │ 09.84% │ 03.82%,03.35% │ 09.51% │ 17.99% │ 14.71% │ 04.68%,04.56% │ 15.74% │ 16.90% │ 09.66% │ 02.91%,011.10%← │ 004.25%→ │ 002.25%← │ 004.38%→ │ 005.44%←,00.20% │ 03.31% │ 06.47% │ 08.20%,08.11% │ 07.04% │ 03.15% │ 00.24%,000.94%→ │ 003.36%← │ 002.18%→ │ 003.37%→,25.85%,59.46%,14.69%,021.48%← │ 010.17%→ │ 009.58%←,50.00%,50.00%,50.24%,49.76%,28754608068.98,28758154262.31,8677699675,8595310776,6493791274,531399858,543723508,3637445134,3676663245,3208791232,2437992670,1086705142,010.17%→,04.25%,09.42%,14.29%,15.01%,07.03%,03.82%,09.84%,13.98%,15.70%,06.66%,00.20%,03.31%,06.47%,08.20%,00.24%,03.15%,07.04%,08.11%,011.10%←,004.25%→,002.25%←,004.38%→,005.44%←,000.94%→,003.36%←,002.18%→,003.37%→
_cpkz,lreis,_wfmq,vgnu_,hotad,jybx_,lreishotad,30076.364412,04.04%,001.27%→,40.24%,001.07%→,06.39%,17.54%,14.38%,45.06%,57035067337.98,000.33%→,001.98%→,01.66,000.60%→,01.65,01.66,05.18% │ 11.66% │ 12.81% │ 11.07% │ 09.21%,08.88% │ 10.54% │ 14.41% │ 11.44% │ 04.82%,04.27% │ 11.55% │ 16.30% │ 10.94% │ 06.67%,05.99% │ 11.32% │ 17.90% │ 11.24% │ 03.82%,007.54%← │ 001.92%← │ 011.12%→ │ 004.96%← │ 003.70%←,00.00% │ 02.35% │ 04.83% │ 05.38%,05.40% │ 04.60% │ 02.43% │ 00.00%,000.00%· │ 000.78%→ │ 004.43%→ │ 001.38%←,23.55%,63.78%,12.67%,051.65%→ │ 016.55%← │ 066.46%←,49.92%,50.08%,49.73%,50.27%,28469931934.34,28565135403.64,8589870274,8683140177,6950331028,346465940,350910369,3394498288,3463070337,3029830977,2484690978,1103748446,016.55%←,05.18%,11.66%,12.81%,11.07%,09.21%,04.82%,11.44%,14.41%,10.54%,08.88%,00.00%,02.35%,04.83%,05.38%,00.00%,02.43%,04.60%,05.40%,007.54%←,001.92%←,011.12%→,004.96%←,003.70%←,000.00%·,000.78%→,004.43%→,001.38%←
_cpkq,lreis,_wfmz,vgnu_,hotad,jybx_,lreishotad,30074.627903,04.04%,001.24%→,40.24%,001.07%→,06.39%,17.54%,14.38%,45.06%,57030599623.00,000.35%→,001.98%→,01.66,000.60%→,01.65,01.66,05.18% │ 11.66% │ 12.80% │ 11.07% │ 09.21%,08.88% │ 10.54% │ 14.41% │ 11.44% │ 04.82%,04.27% │ 11.55% │ 16.30% │ 10.94% │ 06.67%,05.99% │ 11.32% │ 17.90% │ 11.24% │ 03.82%,007.54%← │ 001.92%← │ 011.15%→ │ 004.97%← │ 003.66%←,00.00% │ 02.35% │ 04.83% │ 05.38%,05.40% │ 04.60% │ 02.43% │ 00.00%,000.00%· │ 000.78%→ │ 004.43%→ │ 001.44%←,23.50%,63.78%,12.72%,052.02%→ │ 016.53%← │ 067.61%←,49.91%,50.09%,49.73%,50.27%,28465464219.36,28565135403.64,8589870274,8683140177,6950331028,346570406,350910369,3394498288,3463070337,3029830977,2484690978,1103748446,016.53%←,05.18%,11.66%,12.80%,11.07%,09.21%,04.82%,11.44%,14.41%,10.54%,08.88%,00.00%,02.35%,04.83%,05.38%,00.00%,02.43%,04.60%,05.40%,007.54%←,001.92%←,011.15%→,004.97%←,003.66%←,000.00%·,000.78%→,004.43%→,001.44%←
_mckj,hrets,_vgwx,ybap_,dnoil,zfuq_,hretsdnoil,30026.845570,03.36%,004.40%←,36.88%,001.37%←,06.43%,19.65%,15.85%,44.64%,57821222102.26,000.47%→,005.81%→,01.76,005.41%→,01.71,01.81,05.94% │ 09.56% │ 15.39% │ 09.96% │ 09.03%,08.58% │ 10.13% │ 16.36% │ 09.39% │ 05.66%,04.68% │ 10.21% │ 17.35% │ 11.23% │ 06.87%,05.66% │ 11.30% │ 18.61% │ 09.83% │ 04.27%,004.80%← │ 001.83%← │ 005.93%→ │ 001.62%→ │ 005.33%←,00.00% │ 01.97% │ 07.32% │ 01.36%,01.46% │ 06.43% │ 02.07% │ 00.00%,000.00%· │ 001.01%→ │ 006.22%← │ 000.08%←,23.48%,63.85%,12.67%,051.94%→ │ 032.01%← │ 011.99%→,49.88%,50.12%,50.34%,49.66%,28843013520.21,28978208582.05,8695094375,8577916076,6369799673,296807858,284288997,3607725381,3830374599,3394685353,2737428148,1109977194,032.01%←,05.94%,09.56%,15.39%,09.96%,09.03%,05.66%,09.39%,16.36%,10.13%,08.58%,00.00%,01.97%,07.32%,01.36%,00.00%,02.07%,06.43%,01.46%,004.80%←,001.83%←,005.93%→,001.62%→,005.33%←,000.00%·,001.01%→,006.22%←,000.08%←
_mckx,hrets,_vgwj,ybap_,dnoil,zfuq_,hretsdnoil,30016.412785,03.37%,004.49%←,36.88%,001.37%←,06.43%,19.65%,15.85%,44.64%,57826793429.39,000.45%→,005.81%→,01.76,005.41%→,01.71,01.81,05.94% │ 09.56% │ 15.37% │ 09.96% │ 09.05%,08.58% │ 10.13% │ 16.35% │ 09.39% │ 05.66%,04.68% │ 10.21% │ 17.35% │ 11.23% │ 06.87%,05.66% │ 11.30% │ 18.61% │ 09.83% │ 04.27%,004.80%← │ 001.83%← │ 005.99%→ │ 001.64%→ │ 005.57%←,00.00% │ 01.97% │ 07.32% │ 01.37%,01.46% │ 06.43% │ 02.07% │ 00.00%,000.00%· │ 001.01%→ │ 006.22%← │ 000.67%←,23.46%,63.84%,12.70%,052.04%→ │ 032.00%← │ 011.53%→,49.89%,50.11%,50.34%,49.66%,28848584847.34,28978208582.05,8695094375,8577916076,6369799673,297060936,284288997,3607725381,3830374599,3394685353,2737428148,1109977194,032.00%←,05.94%,09.56%,15.37%,09.96%,09.05%,05.66%,09.39%,16.35%,10.13%,08.58%,00.00%,01.97%,07.32%,01.37%,00.00%,02.07%,06.43%,01.46%,004.80%←,001.83%←,005.99%→,001.64%→,005.57%←,000.00%·,001.01%→,006.22%←,000.67%←
_wndq,mitoh,k_yc_,jbsg_,learu,xpfvz,mitohlearu,30001.196230,06.16%,000.43%→,37.64%,000.43%←,06.26%,18.52%,14.12%,43.25%,57531634288.23,000.85%→,001.68%→,01.73,001.55%→,01.72,01.75,04.25% │ 09.12% │ 14.29% │ 14.95% │ 07.18%,06.82% │ 15.72% │ 14.04% │ 09.84% │ 03.80%,03.35% │ 09.28% │ 17.99% │ 14.71% │ 04.78%,04.69% │ 15.74% │ 16.90% │ 09.66% │ 02.91%,011.79%← │ 007.31%→ │ 001.79%← │ 004.89%→ │ 005.27%←,00.20% │ 03.24% │ 06.47% │ 08.21%,07.75% │ 07.04% │ 03.15% │ 00.24%,000.94%→ │ 001.25%→ │ 002.18%→ │ 001.04%←,25.97%,59.46%,14.56%,023.09%← │ 010.61%→ │ 003.01%←,49.79%,50.21%,50.11%,49.89%,28642612196.14,28889022092.09,8655097738,8617912713,6500697643,530623644,532918292,3622649505,3684552505,3199456671,2438133664,1082047647,010.61%→,04.25%,09.12%,14.29%,14.95%,07.18%,03.80%,09.84%,14.04%,15.72%,06.82%,00.20%,03.24%,06.47%,08.21%,00.24%,03.15%,07.04%,07.75%,011.79%←,007.31%→,001.79%←,004.89%→,005.27%←,000.94%→,001.25%→,002.18%→,001.04%←
_mcbk,lreth,_vwgx,zyap_,snoid,qfuj_,lrethsnoid,29987.934957,03.38%,001.59%→,39.35%,001.79%→,06.29%,17.82%,14.56%,44.97%,57307123251.38,000.23%→,004.57%→,01.68,001.95%→,01.67,01.70,05.07% │ 09.72% │ 15.98% │ 10.45% │ 08.72%,09.44% │ 10.27% │ 16.16% │ 09.58% │ 04.62%,04.27% │ 10.21% │ 16.99% │ 12.47% │ 05.62%,06.67% │ 11.38% │ 18.61% │ 09.96% │ 03.82%,009.77%← │ 001.50%← │ 001.09%→ │ 001.75%← │ 007.57%→,00.00% │ 01.97% │ 07.04% │ 01.56%,01.66% │ 06.43% │ 02.11% │ 00.00%,000.00%· │ 004.26%→ │ 000.04%→ │ 005.90%→,22.67%,64.50%,12.84%,028.59%→ │ 015.33%← │ 013.46%→,49.94%,50.06%,49.55%,50.45%,28620246769.50,28686876481.88,8558619561,8714390890,6796071702,289969429,294658001,3423860930,3587967021,3077753380,2515229645,1086867183,015.33%←,05.07%,09.72%,15.98%,10.45%,08.72%,04.62%,09.58%,16.16%,10.27%,09.44%,00.00%,01.97%,07.04%,01.56%,00.00%,02.11%,06.43%,01.66%,009.77%←,001.50%←,001.09%→,001.75%←,007.57%→,000.00%·,004.26%→,000.04%→,005.90%→
_mcgk,lreth,_vwbx,zyap_,snoid,qfuj_,!lrethsnoid,29985.764503,03.38%,001.80%→,39.35%,001.79%→,06.29%,17.82%,14.56%,44.97%,57336785863.41,000.13%→,004.57%→,01.68,001.95%→,01.67,01.70,05.04% │ 09.72% │ 15.93% │ 10.57% │ 08.71%,09.43% │ 10.27% │ 16.15% │ 09.57% │ 04.61%,04.27% │ 10.21% │ 16.99% │ 12.47% │ 05.62%,06.67% │ 11.38% │ 18.61% │ 09.96% │ 03.82%,009.24%← │ 001.56%← │ 001.35%→ │ 002.96%← │ 007.69%→,00.00% │ 01.97% │ 07.04% │ 01.54%,01.66% │ 06.43% │ 02.11% │ 00.00%,000.00%· │ 004.26%→ │ 000.04%→ │ 007.10%→,23.16%,64.39%,12.45%,024.80%→ │ 015.08%← │ 018.92%→,49.97%,50.03%,49.55%,50.45%,28649909381.53,28686876481.88,8558619561,8714390890,6796071702,289348755,294658001,3423860930,3587967021,3077753380,2515229645,1086867183,015.08%←,05.04%,09.72%,15.93%,10.57%,08.71%,04.61%,09.57%,16.15%,10.27%,09.43%,00.00%,01.97%,07.04%,01.54%,00.00%,02.11%,06.43%,01.66%,009.24%←,001.56%←,001.35%→,002.96%←,007.69%→,000.00%·,004.26%→,000.04%→,007.10%→
_wryv,unied,_pbkj,qmsf_,hoatc,xlgz_,uniedhoatc,29969.604452,05.75%,002.30%→,39.69%,002.40%→,05.80%,17.25%,13.45%,43.81%,58348082765.86,001.39%→,000.06%→,01.67,001.61%←,01.69,01.66,03.46% │ 10.73% │ 13.64% │ 14.13% │ 07.70%,07.46% │ 15.08% │ 14.09% │ 09.92% │ 03.80%,02.78% │ 11.33% │ 15.74% │ 14.42% │ 05.13%,04.97% │ 14.43% │ 16.77% │ 11.11% │ 03.33%,009.10%→ │ 008.07%← │ 003.20%→ │ 006.25%→ │ 003.21%←,00.00% │ 00.76% │ 08.54% │ 07.22%,07.40% │ 08.27% │ 00.78% │ 00.00%,000.00%· │ 000.16%→ │ 003.08%→ │ 001.68%→,25.23%,61.19%,13.57%,004.45%← │ 001.88%← │ 023.64%→,49.65%,50.35%,49.39%,50.61%,28970162721.42,29377920044.44,8531487347,8741523104,6855680582,490863047,502429162,3475051480,3477167591,2978932468,2323020907,1002478764,001.88%←,03.46%,10.73%,13.64%,14.13%,07.70%,03.80%,09.92%,14.09%,15.08%,07.46%,00.00%,00.76%,08.54%,07.22%,00.00%,00.78%,08.27%,07.40%,009.10%→,008.07%←,003.20%→,006.25%→,003.21%←,000.00%·,000.16%→,003.08%→,001.68%→
_wryv,unied,_pbkj,xmsf_,hoatc,qlgz_,uniedhoatc,29967.309520,05.75%,002.32%→,39.69%,002.40%→,05.80%,17.25%,13.45%,43.81%,58353711339.05,001.41%→,000.06%→,01.67,001.61%←,01.69,01.66,03.46% │ 10.72% │ 13.63% │ 14.13% │ 07.70%,07.47% │ 15.07% │ 14.09% │ 09.93% │ 03.80%,02.78% │ 11.33% │ 15.74% │ 14.42% │ 05.13%,04.97% │ 14.43% │ 16.77% │ 11.11% │ 03.33%,009.08%→ │ 008.05%← │ 003.21%→ │ 006.25%→ │ 003.12%←,00.00% │ 00.76% │ 08.54% │ 07.22%,07.41% │ 08.27% │ 00.78% │ 00.00%,000.00%· │ 000.16%→ │ 003.08%→ │ 001.72%→,25.37%,61.19%,13.44%,003.28%← │ 001.87%← │ 022.27%→,49.65%,50.35%,49.39%,50.61%,28970162721.42,29383548617.63,8531487347,8741523104,6855680582,490863047,502538742,3475051480,3477167591,2978932468,2323020907,1002478764,001.87%←,03.46%,10.72%,13.63%,14.13%,07.70%,03.80%,09.93%,14.09%,15.07%,07.47%,00.00%,00.76%,08.54%,07.22%,00.00%,00.78%,08.27%,07.41%,009.08%→,008.05%←,003.21%→,006.25%→,003.12%←,000.00%·,000.16%→,003.08%→,001.72%→
_mswq,ctaoh,_xglz,vyrp_,deinu,jkbf_,ctaohdeinu,29957.380907,05.65%,000.76%←,39.80%,000.45%←,05.63%,17.21%,13.45%,43.86%,58210274782.96,000.11%→,003.16%→,01.67,002.43%→,01.65,01.69,03.81% │ 10.45% │ 14.41% │ 13.74% │ 07.56%,07.72% │ 14.07% │ 13.46% │ 11.28% │ 03.50%,03.33% │ 11.59% │ 16.77% │ 13.52% │ 04.91%,05.13% │ 14.42% │ 15.74% │ 11.82% │ 02.78%,008.79%← │ 007.40%→ │ 007.09%← │ 002.33%→ │ 001.97%→,00.00% │ 00.49% │ 08.27% │ 07.56%,07.22% │ 08.54% │ 00.50% │ 00.00%,000.00%· │ 005.48%→ │ 003.18%← │ 001.29%→,25.13%,61.35%,13.52%,013.25%→ │ 000.24%→ │ 030.82%←,49.97%,50.03%,50.11%,49.89%,29089746499.01,29120528283.95,8655989425,8617021026,6875401865,489919151,486241953,3410568392,3521929396,2973301131,2323372988,971961051,000.24%→,03.81%,10.45%,14.41%,13.74%,07.56%,03.50%,11.28%,13.46%,14.07%,07.72%,00.00%,00.49%,08.27%,07.56%,00.00%,00.50%,08.54%,07.22%,008.79%←,007.40%→,007.09%←,002.33%→,001.97%→,000.00%·,005.48%→,003.18%←,001.29%→
_mswq,ctaoh,_xglz,vyrp_,deinu,jkbf_,ctaohdeinu,29957.380907,05.65%,000.76%←,39.80%,000.45%←,05.63%,17.21%,13.45%,43.86%,58210274782.96,000.11%→,003.16%→,01.67,002.43%→,01.65,01.69,03.81% │ 10.45% │ 14.41% │ 13.74% │ 07.56%,07.72% │ 14.07% │ 13.46% │ 11.28% │ 03.50%,03.33% │ 11.59% │ 16.77% │ 13.52% │ 04.91%,05.13% │ 14.42% │ 15.74% │ 11.82% │ 02.78%,008.79%← │ 007.40%→ │ 007.09%← │ 002.33%→ │ 001.97%→,00.00% │ 00.49% │ 08.27% │ 07.56%,07.22% │ 08.54% │ 00.50% │ 00.00%,000.00%· │ 005.48%→ │ 003.18%← │ 001.29%→,25.13%,61.35%,13.52%,013.25%→ │ 000.24%→ │ 030.82%←,49.97%,50.03%,50.11%,49.89%,29089746499.01,29120528283.95,8655989425,8617021026,6875401865,489919151,486241953,3410568392,3521929396,2973301131,2323372988,971961051,000.24%→,03.81%,10.45%,14.41%,13.74%,07.56%,03.50%,11.28%,13.46%,14.07%,07.72%,00.00%,00.49%,08.27%,07.56%,00.00%,00.50%,08.54%,07.22%,008.79%←,007.40%→,007.09%←,002.33%→,001.97%→,000.00%·,005.48%→,003.18%←,001.29%→
_wndz,catih,_qbmx,jysp_,leoru,kfgv_,catihleoru,29956.826926,05.03%,001.32%←,37.13%,001.23%←,06.86%,19.13%,15.03%,43.99%,57529704638.53,001.34%→,002.91%←,01.75,001.23%←,01.76,01.74,03.97% │ 10.03% │ 14.15% │ 14.09% │ 07.43%,07.35% │ 15.75% │ 13.58% │ 10.04% │ 03.61%,03.33% │ 10.06% │ 17.90% │ 14.01% │ 05.00%,05.24% │ 15.86% │ 16.06% │ 09.75% │ 02.78%,009.91%← │ 000.12%→ │ 004.20%← │ 010.57%→ │ 000.99%←,00.00% │ 04.22% │ 04.60% │ 06.75%,05.88% │ 05.20% │ 04.34% │ 00.00%,000.00%· │ 000.18%← │ 001.30%→ │ 003.46%←,26.43%,60.55%,13.02%,019.88%← │ 003.18%→ │ 027.63%→,49.66%,50.34%,50.31%,49.69%,28570339302.95,28959365335.58,8689456086,8583554365,6413221017,437162528,431485466,3750290747,3644387889,3304688610,2595594021,1184916270,003.18%→,03.97%,10.03%,14.15%,14.09%,07.43%,03.61%,10.04%,13.58%,15.75%,07.35%,00.00%,04.22%,04.60%,06.75%,00.00%,04.34%,05.20%,05.88%,009.91%←,000.12%→,004.20%←,010.57%→,000.99%←,000.00%·,000.18%←,001.30%→,003.46%←
_wndz,catih,_qbmx,jysp_,leoru,kfgv_,catihleoru,29956.826926,05.03%,001.32%←,37.13%,001.23%←,06.86%,19.13%,15.03%,43.99%,57529704638.53,001.34%→,002.91%←,01.75,001.23%←,01.76,01.74,03.97% │ 10.03% │ 14.15% │ 14.09% │ 07.43%,07.35% │ 15.75% │ 13.58% │ 10.04% │ 03.61%,03.33% │ 10.06% │ 17.90% │ 14.01% │ 05.00%,05.24% │ 15.86% │ 16.06% │ 09.75% │ 02.78%,009.91%← │ 000.12%→ │ 004.20%← │ 010.57%→ │ 000.99%←,00.00% │ 04.22% │ 04.60% │ 06.75%,05.88% │ 05.20% │ 04.34% │ 00.00%,000.00%· │ 000.18%← │ 001.30%→ │ 003.46%←,26.43%,60.55%,13.02%,019.88%← │ 003.18%→ │ 027.63%→,49.66%,50.34%,50.31%,49.69%,28570339302.95,28959365335.58,8689456086,8583554365,6413221017,437162528,431485466,3750290747,3644387889,3304688610,2595594021,1184916270,003.18%→,03.97%,10.03%,14.15%,14.09%,07.43%,03.61%,10.04%,13.58%,15.75%,07.35%,00.00%,04.22%,04.60%,06.75%,00.00%,04.34%,05.20%,05.88%,009.91%←,000.12%→,004.20%←,010.57%→,000.99%←,000.00%·,000.18%←,001.30%→,003.46%←
_mswz,ctaoh,_xglq,vyrp_,deinu,jkbf_,ctaohdeinu,29954.164626,05.65%,000.86%←,39.80%,000.45%←,05.63%,17.21%,13.45%,43.86%,58215622942.44,000.09%→,003.16%→,01.67,002.43%→,01.65,01.69,03.81% │ 10.44% │ 14.42% │ 13.74% │ 07.57%,07.72% │ 14.06% │ 13.46% │ 11.28% │ 03.50%,03.33% │ 11.59% │ 16.77% │ 13.52% │ 04.91%,05.13% │ 14.42% │ 15.74% │ 11.82% │ 02.78%,008.79%← │ 007.40%→ │ 007.11%← │ 002.33%→ │ 001.89%→,00.00% │ 00.49% │ 08.27% │ 07.58%,07.22% │ 08.54% │ 00.50% │ 00.00%,000.00%· │ 005.48%→ │ 003.18%← │ 001.09%→,25.18%,61.35%,13.47%,012.87%→ │ 000.23%→ │ 030.06%←,49.98%,50.02%,50.11%,49.89%,29095094658.49,29120528283.95,8655989425,8617021026,6875401865,490405347,486241953,3410568392,3521929396,2973301131,2323372988,971961051,000.23%→,03.81%,10.44%,14.42%,13.74%,07.57%,03.50%,11.28%,13.46%,14.06%,07.72%,00.00%,00.49%,08.27%,07.58%,00.00%,00.50%,08.54%,07.22%,008.79%←,007.40%→,007.11%←,002.33%→,001.89%→,000.00%·,005.48%→,003.18%←,001.09%→
_mswz,ctaoh,_xglq,vyrp_,deinu,jkbf_,ctaohdeinu,29954.164626,05.65%,000.86%←,39.80%,000.45%←,05.63%,17.21%,13.45%,43.86%,58215622942.44,000.09%→,003.16%→,01.67,002.43%→,01.65,01.69,03.81% │ 10.44% │ 14.42% │ 13.74% │ 07.57%,07.72% │ 14.06% │ 13.46% │ 11.28% │ 03.50%,03.33% │ 11.59% │ 16.77% │ 13.52% │ 04.91%,05.13% │ 14.42% │ 15.74% │ 11.82% │ 02.78%,008.79%← │ 007.40%→ │ 007.11%← │ 002.33%→ │ 001.89%→,00.00% │ 00.49% │ 08.27% │ 07.58%,07.22% │ 08.54% │ 00.50% │ 00.00%,000.00%· │ 005.48%→ │ 003.18%← │ 001.09%→,25.18%,61.35%,13.47%,012.87%→ │ 000.23%→ │ 030.06%←,49.98%,50.02%,50.11%,49.89%,29095094658.49,29120528283.95,8655989425,8617021026,6875401865,490405347,486241953,3410568392,3521929396,2973301131,2323372988,971961051,000.23%→,03.81%,10.44%,14.42%,13.74%,07.57%,03.50%,11.28%,13.46%,14.06%,07.72%,00.00%,00.49%,08.27%,07.58%,00.00%,00.50%,08.54%,07.22%,008.79%←,007.40%→,007.11%←,002.33%→,001.89%→,000.00%·,005.48%→,003.18%←,001.09%→
_wndx,catih,_qbmz,jysp_,leoru,kfgv_,catihleoru,29953.034352,05.03%,001.38%←,37.13%,001.23%←,06.86%,19.13%,15.03%,43.99%,57528210151.77,001.35%→,002.91%←,01.75,001.23%←,01.76,01.74,03.97% │ 10.03% │ 14.16% │ 14.09% │ 07.42%,07.35% │ 15.75% │ 13.58% │ 10.04% │ 03.61%,03.33% │ 10.06% │ 17.90% │ 14.01% │ 05.00%,05.24% │ 15.86% │ 16.06% │ 09.75% │ 02.78%,009.89%← │ 000.13%→ │ 004.23%← │ 010.57%→ │ 000.93%←,00.00% │ 04.22% │ 04.60% │ 06.76%,05.88% │ 05.20% │ 04.34% │ 00.00%,000.00%· │ 000.18%← │ 001.30%→ │ 003.59%←,26.49%,60.55%,12.95%,020.42%← │ 003.18%→ │ 028.55%→,49.66%,50.34%,50.31%,49.69%,28568844816.19,28959365335.58,8689456086,8583554365,6413221017,437440604,431485466,3750290747,3644387889,3304688610,2595594021,1184916270,003.18%→,03.97%,10.03%,14.16%,14.09%,07.42%,03.61%,10.04%,13.58%,15.75%,07.35%,00.00%,04.22%,04.60%,06.76%,00.00%,04.34%,05.20%,05.88%,009.89%←,000.13%→,004.23%←,010.57%→,000.93%←,000.00%·,000.18%←,001.30%→,003.59%←
_wndx,catih,_qbmz,jysp_,leoru,kfgv_,catihleoru,29953.034352,05.03%,001.38%←,37.13%,001.23%←,06.86%,19.13%,15.03%,43.99%,57528210151.77,001.35%→,002.91%←,01.75,001.23%←,01.76,01.74,03.97% │ 10.03% │ 14.16% │ 14.09% │ 07.42%,07.35% │ 15.75% │ 13.58% │ 10.04% │ 03.61%,03.33% │ 10.06% │ 17.90% │ 14.01% │ 05.00%,05.24% │ 15.86% │ 16.06% │ 09.75% │ 02.78%,009.89%← │ 000.13%→ │ 004.23%← │ 010.57%→ │ 000.93%←,00.00% │ 04.22% │ 04.60% │ 06.76%,05.88% │ 05.20% │ 04.34% │ 00.00%,000.00%· │ 000.18%← │ 001.30%→ │ 003.59%←,26.49%,60.55%,12.95%,020.42%← │ 003.18%→ │ 028.55%→,49.66%,50.34%,50.31%,49.69%,28568844816.19,28959365335.58,8689456086,8583554365,6413221017,437440604,431485466,3750290747,3644387889,3304688610,2595594021,1184916270,003.18%→,03.97%,10.03%,14.16%,14.09%,07.42%,03.61%,10.04%,13.58%,15.75%,07.35%,00.00%,04.22%,04.60%,06.76%,00.00%,04.34%,05.20%,05.88%,009.89%←,000.13%→,004.23%←,010.57%→,000.93%←,000.00%·,000.18%←,001.30%→,003.59%←
_pryv,unied,_fbkj,qwsm_,hoatc,zlgx_,uniedhoatc,29952.135862,05.65%,000.75%→,39.80%,000.45%→,05.63%,17.21%,13.45%,43.86%,58210274782.96,000.11%←,003.27%←,01.67,002.49%←,01.69,01.65,03.50% │ 11.28% │ 13.46% │ 14.07% │ 07.72%,07.56% │ 13.74% │ 14.41% │ 10.45% │ 03.81%,02.78% │ 11.82% │ 15.74% │ 14.42% │ 05.13%,04.91% │ 13.52% │ 16.77% │ 11.59% │ 03.33%,008.08%→ │ 007.99%← │ 006.62%→ │ 002.39%← │ 002.01%←,00.00% │ 00.50% │ 08.54% │ 07.22%,07.56% │ 08.27% │ 00.49% │ 00.00%,000.00%· │ 005.80%← │ 003.08%→ │ 001.30%←,25.13%,61.35%,13.52%,015.28%← │ 000.24%← │ 023.56%→,50.03%,49.97%,49.89%,50.11%,29120528283.95,29089746499.01,8617021026,8655989425,6875401865,486241953,489919151,3521929396,3410568392,2973301131,2323372988,971961051,000.24%←,03.50%,11.28%,13.46%,14.07%,07.72%,03.81%,10.45%,14.41%,13.74%,07.56%,00.00%,00.50%,08.54%,07.22%,00.00%,00.49%,08.27%,07.56%,008.08%→,007.99%←,006.62%→,002.39%←,002.01%←,000.00%·,005.80%←,003.08%→,001.30%←
_pryv,unied,_fbkj,qwsm_,hoatc,zlgx_,uniedhoatc,29952.135862,05.65%,000.75%→,39.80%,000.45%→,05.63%,17.21%,13.45%,43.86%,58210274782.96,000.11%←,003.27%←,01.67,002.49%←,01.69,01.65,03.50% │ 11.28% │ 13.46% │ 14.07% │ 07.72%,07.56% │ 13.74% │ 14.41% │ 10.45% │ 03.81%,02.78% │ 11.82% │ 15.74% │ 14.42% │ 05.13%,04.91% │ 13.52% │ 16.77% │ 11.59% │ 03.33%,008.08%→ │ 007.99%← │ 006.62%→ │ 002.39%← │ 002.01%←,00.00% │ 00.50% │ 08.54% │ 07.22%,07.56% │ 08.27% │ 00.49% │ 00.00%,000.00%· │ 005.80%← │ 003.08%→ │ 001.30%←,25.13%,61.35%,13.52%,015.28%← │ 000.24%← │ 023.56%→,50.03%,49.97%,49.89%,50.11%,29120528283.95,29089746499.01,8617021026,8655989425,6875401865,486241953,489919151,3521929396,3410568392,2973301131,2323372988,971961051,000.24%←,03.50%,11.28%,13.46%,14.07%,07.72%,03.81%,10.45%,14.41%,13.74%,07.56%,00.00%,00.50%,08.54%,07.22%,00.00%,00.49%,08.27%,07.56%,008.08%→,007.99%←,006.62%→,002.39%←,002.01%←,000.00%·,005.80%←,003.08%→,001.30%←
_pryv,unied,_fbkj,zwsm_,hoatc,qlgx_,uniedhoatc,29949.053858,05.65%,000.85%→,39.80%,000.45%→,05.63%,17.21%,13.45%,43.86%,58215622942.44,000.09%←,003.27%←,01.67,002.49%←,01.69,01.65,03.50% │ 11.28% │ 13.46% │ 14.06% │ 07.72%,07.57% │ 13.74% │ 14.42% │ 10.44% │ 03.81%,02.78% │ 11.82% │ 15.74% │ 14.42% │ 05.13%,04.91% │ 13.52% │ 16.77% │ 11.59% │ 03.33%,008.08%→ │ 007.99%← │ 006.64%→ │ 002.39%← │ 001.93%←,00.00% │ 00.50% │ 08.54% │ 07.22%,07.58% │ 08.27% │ 00.49% │ 00.00%,000.00%· │ 005.80%← │ 003.08%→ │ 001.10%←,25.18%,61.35%,13.47%,014.77%← │ 000.24%← │ 023.11%→,50.02%,49.98%,49.89%,50.11%,29120528283.95,29095094658.49,8617021026,8655989425,6875401865,486241953,490405347,3521929396,3410568392,2973301131,2323372988,971961051,000.24%←,03.50%,11.28%,13.46%,14.06%,07.72%,03.81%,10.44%,14.42%,13.74%,07.57%,00.00%,00.50%,08.54%,07.22%,00.00%,00.49%,08.27%,07.58%,008.08%→,007.99%←,006.64%→,002.39%←,001.93%←,000.00%·,005.80%←,003.08%→,001.10%←
_pryv,unied,_fbkj,zwsm_,hoatc,qlgx_,uniedhoatc,29949.053858,05.65%,000.85%→,39.80%,000.45%→,05.63%,17.21%,13.45%,43.86%,58215622942.44,000.09%←,003.27%←,01.67,002.49%←,01.69,01.65,03.50% │ 11.28% │ 13.46% │ 14.06% │ 07.72%,07.57% │ 13.74% │ 14.42% │ 10.44% │ 03.81%,02.78% │ 11.82% │ 15.74% │ 14.42% │ 05.13%,04.91% │ 13.52% │ 16.77% │ 11.59% │ 03.33%,008.08%→ │ 007.99%← │ 006.64%→ │ 002.39%← │ 001.93%←,00.00% │ 00.50% │ 08.54% │ 07.22%,07.58% │ 08.27% │ 00.49% │ 00.00%,000.00%· │ 005.80%← │ 003.08%→ │ 001.10%←,25.18%,61.35%,13.47%,014.77%← │ 000.24%← │ 023.11%→,50.02%,49.98%,49.89%,50.11%,29120528283.95,29095094658.49,8617021026,8655989425,6875401865,486241953,490405347,3521929396,3410568392,2973301131,2323372988,971961051,000.24%←,03.50%,11.28%,13.46%,14.06%,07.72%,03.81%,10.44%,14.42%,13.74%,07.57%,00.00%,00.50%,08.54%,07.22%,00.00%,00.49%,08.27%,07.58%,008.08%→,007.99%←,006.64%→,002.39%←,001.93%←,000.00%·,005.80%←,003.08%→,001.10%←
_fsmq,ctaoh,_zglx,vyrw_,deinu,jkbp_,ctaohdeinu,29946.640943,05.75%,002.36%←,39.69%,002.46%←,05.80%,17.25%,13.45%,43.81%,58348082765.86,001.41%←,000.06%←,01.67,001.58%→,01.66,01.69,03.80% │ 09.92% │ 14.09% │ 15.08% │ 07.46%,07.70% │ 14.13% │ 13.64% │ 10.73% │ 03.46%,03.33% │ 11.11% │ 16.77% │ 14.43% │ 04.97%,05.13% │ 14.42% │ 15.74% │ 11.33% │ 02.78%,010.01%← │ 007.47%→ │ 003.31%← │ 006.67%← │ 003.11%→,00.00% │ 00.78% │ 08.27% │ 07.40%,07.22% │ 08.54% │ 00.76% │ 00.00%,000.00%· │ 000.16%← │ 003.18%← │ 001.71%←,25.23%,61.19%,13.57%,004.26%→ │ 001.85%→ │ 030.95%←,50.35%,49.65%,50.61%,49.39%,29377920044.44,28970162721.42,8741523104,8531487347,6855680582,502429162,490863047,3477167591,3475051480,2978932468,2323020907,1002478764,001.85%→,03.80%,09.92%,14.09%,15.08%,07.46%,03.46%,10.73%,13.64%,14.13%,07.70%,00.00%,00.78%,08.27%,07.40%,00.00%,00.76%,08.54%,07.22%,010.01%←,007.47%→,003.31%←,006.67%←,003.11%→,000.00%·,000.16%←,003.18%←,001.71%←
_fsmx,ctaoh,_zglq,vyrw_,deinu,jkbp_,ctaohdeinu,29944.246355,05.75%,002.38%←,39.69%,002.46%←,05.80%,17.25%,13.45%,43.81%,58353711339.05,001.43%←,000.06%←,01.67,001.58%→,01.66,01.69,03.80% │ 09.93% │ 14.09% │ 15.07% │ 07.47%,07.70% │ 14.13% │ 13.63% │ 10.72% │ 03.46%,03.33% │ 11.11% │ 16.77% │ 14.43% │ 04.97%,05.13% │ 14.42% │ 15.74% │ 11.33% │ 02.78%,009.99%← │ 007.45%→ │ 003.32%← │ 006.67%← │ 003.03%→,00.00% │ 00.78% │ 08.27% │ 07.41%,07.22% │ 08.54% │ 00.76% │ 00.00%,000.00%· │ 000.16%← │ 003.18%← │ 001.75%←,25.37%,61.19%,13.44%,003.17%→ │ 001.84%→ │ 028.66%←,50.35%,49.65%,50.61%,49.39%,29383548617.63,28970162721.42,8741523104,8531487347,6855680582,502538742,490863047,3477167591,3475051480,2978932468,2323020907,1002478764,001.84%→,03.80%,09.93%,14.09%,15.07%,07.47%,03.46%,10.72%,13.63%,14.13%,07.70%,00.00%,00.78%,08.27%,07.41%,00.00%,00.76%,08.54%,07.22%,009.99%←,007.45%→,003.32%←,006.67%←,003.03%→,000.00%·,000.16%←,003.18%←,001.75%←
__smx,litah,zbcgq,vkryw,denop,jfu__,litahdenop,29926.648528,06.60%,003.82%←,36.93%,000.27%←,05.23%,18.80%,13.97%,42.64%,59079850891.80,000.99%→,001.44%←,01.75,000.88%←,01.76,01.75,05.31% │ 09.06% │ 15.07% │ 13.01% │ 07.32%,07.51% │ 14.10% │ 14.62% │ 08.65% │ 05.36%,04.40% │ 09.21% │ 18.57% │ 12.92% │ 04.97%,05.13% │ 14.90% │ 16.80% │ 09.26% │ 03.84%,001.02%→ │ 004.67%← │ 003.04%← │ 007.75%→ │ 002.64%→,00.05% │ 01.81% │ 09.75% │ 07.72%,07.01% │ 09.94% │ 01.75% │ 00.05%,000.50%← │ 002.85%← │ 008.51%← │ 001.65%→,24.71%,59.81%,15.48%,034.34%→ │ 007.94%← │ 035.64%←,49.75%,50.25%,50.07%,49.93%,29393215140.91,29686635750.89,8648235540,8624774911,6379109411,580512858,559166980,3740955042,3687835200,3247085772,2413334281,904173894,007.94%←,05.31%,09.06%,15.07%,13.01%,07.32%,05.36%,08.65%,14.62%,14.10%,07.51%,00.05%,01.81%,09.75%,07.72%,00.05%,01.75%,09.94%,07.01%,001.02%→,004.67%←,003.04%←,007.75%→,002.64%→,000.50%←,002.85%←,008.51%←,001.65%→
__smq,litah,zbcgx,vkryw,denop,jfu__,litahdenop,29915.860086,06.60%,003.82%←,36.93%,000.27%←,05.23%,18.80%,13.97%,42.64%,59071624920.09,001.02%→,001.44%←,01.75,000.88%←,01.76,01.75,05.31% │ 09.05% │ 15.06% │ 13.01% │ 07.31%,07.52% │ 14.10% │ 14.62% │ 08.65% │ 05.36%,04.40% │ 09.21% │ 18.57% │ 12.92% │ 04.97%,05.13% │ 14.90% │ 16.80% │ 09.26% │ 03.84%,001.02%→ │ 004.64%← │ 002.99%← │ 007.74%→ │ 002.70%→,00.05% │ 01.81% │ 09.75% │ 07.72%,07.01% │ 09.94% │ 01.75% │ 00.05%,000.50%← │ 002.85%← │ 008.51%← │ 001.65%→,24.57%,59.82%,15.61%,035.26%→ │ 007.92%← │ 037.61%←,49.74%,50.26%,50.07%,49.93%,29384989169.20,29686635750.89,8648235540,8624774911,6379109411,580510490,559166980,3740955042,3687835200,3247085772,2413334281,904173894,007.92%←,05.31%,09.05%,15.06%,13.01%,07.31%,05.36%,08.65%,14.62%,14.10%,07.52%,00.05%,01.81%,09.75%,07.72%,00.05%,01.75%,09.94%,07.01%,001.02%→,004.64%←,002.99%←,007.74%→,002.70%→,000.50%←,002.85%←,008.51%←,001.65%→
_mswq,ctaoh,_xglz,vyrf_,deinu,jkbp_,ctaohdeinu,29879.491642,05.65%,000.76%←,39.80%,000.45%←,05.63%,17.21%,13.45%,43.86%,58349552547.04,000.58%→,003.16%→,01.67,002.43%→,01.65,01.69,03.80% │ 10.42% │ 14.38% │ 13.71% │ 07.55%,07.70% │ 14.09% │ 13.59% │ 11.27% │ 03.50%,03.33% │ 11.59% │ 16.77% │ 13.52% │ 04.91%,05.13% │ 14.42% │ 15.74% │ 11.82% │ 02.78%,008.61%← │ 007.56%→ │ 005.83%← │ 002.71%→ │ 001.97%→,00.00% │ 00.49% │ 08.27% │ 07.56%,07.22% │ 08.54% │ 00.50% │ 00.00%,000.00%· │ 005.48%→ │ 003.18%← │ 001.29%→,25.19%,61.29%,13.52%,014.05%→ │ 000.51%→ │ 030.11%←,49.85%,50.15%,50.11%,49.89%,29089746499.01,29259806048.03,8655989425,8617021026,6875401865,489919151,486241953,3410568392,3521929396,2973301131,2323372988,971961051,000.51%→,03.80%,10.42%,14.38%,13.71%,07.55%,03.50%,11.27%,13.59%,14.09%,07.70%,00.00%,00.49%,08.27%,07.56%,00.00%,00.50%,08.54%,07.22%,008.61%←,007.56%→,005.83%←,002.71%→,001.97%→,000.00%·,005.48%→,003.18%←,001.29%→
_mswz,ctaoh,_xglq,vyrf_,deinu,jkbp_,ctaohdeinu,29876.485510,05.65%,000.86%←,39.80%,000.45%←,05.63%,17.21%,13.45%,43.86%,58354900706.52,000.56%→,003.16%→,01.67,002.43%→,01.65,01.69,03.80% │ 10.42% │ 14.38% │ 13.70% │ 07.55%,07.70% │ 14.09% │ 13.59% │ 11.27% │ 03.50%,03.33% │ 11.59% │ 16.77% │ 13.52% │ 04.91%,05.13% │ 14.42% │ 15.74% │ 11.82% │ 02.78%,008.61%← │ 007.56%→ │ 005.85%← │ 002.71%→ │ 001.89%→,00.00% │ 00.49% │ 08.27% │ 07.58%,07.22% │ 08.54% │ 00.50% │ 00.00%,000.00%· │ 005.48%→ │ 003.18%← │ 001.09%→,25.24%,61.28%,13.47%,013.68%→ │ 000.50%→ │ 029.35%←,49.86%,50.14%,50.11%,49.89%,29095094658.49,29259806048.03,8655989425,8617021026,6875401865,490405347,486241953,3410568392,3521929396,2973301131,2323372988,971961051,000.50%→,03.80%,10.42%,14.38%,13.70%,07.55%,03.50%,11.27%,13.59%,14.09%,07.70%,00.00%,00.49%,08.27%,07.58%,00.00%,00.50%,08.54%,07.22%,008.61%←,007.56%→,005.85%←,002.71%→,001.89%→,000.00%·,005.48%→,003.18%←,001.09%→
_fupm,hretd,_kgyz,qvow_,snail,xcbj_,hretdsnail,29870.006248,03.59%,000.44%←,38.64%,000.57%←,07.06%,19.79%,15.78%,44.37%,57144760834.94,000.71%←,008.57%→,01.70,006.48%→,01.65,01.76,05.64% │ 09.30% │ 14.82% │ 11.02% │ 09.40%,09.23% │ 10.91% │ 15.03% │ 09.29% │ 05.37%,04.68% │ 09.46% │ 16.80% │ 12.65% │ 06.56%,06.74% │ 11.89% │ 17.45% │ 09.51% │ 04.27%,005.02%← │ 000.19%← │ 001.41%→ │ 001.05%← │ 001.78%←,00.00% │ 03.24% │ 05.73% │ 02.74%,02.83% │ 05.43% │ 03.31% │ 00.00%,000.00%· │ 002.38%→ │ 001.62%← │ 000.00%→,24.23%,63.26%,12.50%,002.45%← │ 003.16%← │ 013.74%→,50.18%,49.82%,50.14%,49.86%,28673676824.97,28471084009.97,8660971779,8612038672,6674749126,310313901,308954362,3406815511,3726335016,3417516130,2725370088,1219036463,003.16%←,05.64%,09.30%,14.82%,11.02%,09.40%,05.37%,09.29%,15.03%,10.91%,09.23%,00.00%,03.24%,05.73%,02.74%,00.00%,03.31%,05.43%,02.83%,005.02%←,000.19%←,001.41%→,001.05%←,001.78%←,000.00%·,002.38%→,001.62%←,000.00%→
_pry_,miteh,kqgwj,xsdf_,lnoau,vbc_z,mitehlnoau,29794.768635,04.58%,002.28%←,39.27%,003.39%←,07.15%,18.52%,13.55%,42.25%,57873710674.09,000.31%→,006.15%←,01.69,001.83%←,01.70,01.67,04.22% │ 09.69% │ 12.78% │ 16.10% │ 07.14%,08.00% │ 15.14% │ 13.08% │ 10.00% │ 03.86%,03.35% │ 09.83% │ 17.38% │ 15.36% │ 04.91%,05.54% │ 15.56% │ 14.71% │ 10.46% │ 02.91%,009.30%← │ 003.09%→ │ 002.35%→ │ 006.38%← │ 010.80%→,00.20% │ 02.07% │ 06.72% │ 04.64%,04.44% │ 07.57% │ 01.99% │ 00.24%,000.94%→ │ 002.55%→ │ 004.84%← │ 000.34%←,26.69%,59.17%,14.14%,025.13%→ │ 021.15%← │ 024.55%→,49.92%,50.08%,50.83%,49.17%,28891566849.81,28982143824.28,8780256986,8492753465,6783572145,400303292,391384623,3616985898,3407341610,3199140009,2340097389,1235448698,021.15%←,04.22%,09.69%,12.78%,16.10%,07.14%,03.86%,10.00%,13.08%,15.14%,08.00%,00.20%,02.07%,06.72%,04.64%,00.24%,01.99%,07.57%,04.44%,009.30%←,003.09%→,002.35%→,006.38%←,010.80%→,000.94%→,002.55%→,004.84%←,000.34%←
_pryj,miteh,kqgw_,xsdf_,lnoau,vbc_z,mitehlnoau,29782.772896,04.58%,002.27%←,39.27%,003.39%←,07.15%,18.52%,13.55%,42.25%,57872972104.67,000.32%→,006.15%←,01.69,001.83%←,01.70,01.67,04.22% │ 09.69% │ 12.78% │ 16.10% │ 07.14%,08.00% │ 15.14% │ 13.08% │ 10.00% │ 03.86%,03.35% │ 09.83% │ 17.38% │ 15.36% │ 04.91%,05.54% │ 15.56% │ 14.71% │ 10.46% │ 02.91%,009.31%← │ 003.08%→ │ 002.36%→ │ 006.36%← │ 010.79%→,00.20% │ 02.07% │ 06.72% │ 04.64%,04.44% │ 07.57% │ 01.99% │ 00.24%,000.94%→ │ 002.55%→ │ 004.84%← │ 000.31%←,27.03%,59.16%,13.80%,022.89%→ │ 021.15%← │ 028.79%→,49.92%,50.08%,50.83%,49.17%,28890828280.39,28982143824.28,8780256986,8492753465,6783572145,400260378,391384623,3616985898,3407341610,3199140009,2340097389,1235448698,021.15%←,04.22%,09.69%,12.78%,16.10%,07.14%,03.86%,10.00%,13.08%,15.14%,08.00%,00.20%,02.07%,06.72%,04.64%,00.24%,01.99%,07.57%,04.44%,009.31%←,003.08%→,002.36%→,006.36%←,010.79%→,000.94%→,002.55%→,004.84%←,000.31%←
_fupm,hretd,_kgyq,zvow_,snail,xcbj_,hretdsnail,29727.295662,03.57%,000.37%←,38.49%,000.45%←,07.06%,19.86%,15.87%,44.42%,57224399885.88,000.45%←,008.85%→,01.71,006.64%→,01.65,01.77,05.63% │ 09.29% │ 14.86% │ 11.00% │ 09.34%,09.29% │ 10.89% │ 15.05% │ 09.29% │ 05.36%,04.68% │ 09.46% │ 16.80% │ 12.65% │ 06.53%,06.77% │ 11.89% │ 17.45% │ 09.51% │ 04.27%,004.96%← │ 000.02%→ │ 001.31%→ │ 001.02%← │ 000.54%←,00.00% │ 03.24% │ 05.73% │ 02.71%,02.79% │ 05.43% │ 03.31% │ 00.00%,000.00%· │ 002.38%→ │ 001.62%← │ 000.26%→,24.39%,63.17%,12.44%,002.76%← │ 002.77%← │ 014.47%→,50.11%,49.89%,50.11%,49.89%,28677001446.10,28547398439.78,8655892467,8617117984,6648517829,309122840,307995408,3414013830,3745367994,3430410534,2741137926,1219855012,002.77%←,05.63%,09.29%,14.86%,11.00%,09.34%,05.36%,09.29%,15.05%,10.89%,09.29%,00.00%,03.24%,05.73%,02.71%,00.00%,03.31%,05.43%,02.79%,004.96%←,000.02%→,001.31%→,001.02%←,000.54%←,000.00%·,002.38%→,001.62%←,000.26%→
_fsmj,ctaoh,_zylx,vkrp_,deinu,qgbw_,ctaohdeinu,29541.380333,05.98%,000.50%→,38.01%,001.58%←,05.82%,18.02%,14.18%,44.04%,58468798369.83,001.09%←,004.13%→,01.72,004.09%→,01.69,01.76,03.80% │ 09.90% │ 13.90% │ 15.13% │ 07.53%,07.49% │ 14.53% │ 13.53% │ 10.70% │ 03.48%,03.33% │ 11.11% │ 16.42% │ 14.43% │ 05.10%,05.00% │ 14.77% │ 15.74% │ 11.33% │ 02.78%,009.27%← │ 007.45%→ │ 002.76%← │ 004.18%← │ 000.52%←,00.00% │ 00.78% │ 08.46% │ 07.73%,07.94% │ 08.54% │ 00.76% │ 00.00%,000.00%· │ 000.16%← │ 003.36%← │ 003.83%→,24.63%,61.20%,14.17%,003.84%← │ 003.03%→ │ 015.57%←,50.27%,49.73%,50.39%,49.61%,29393585514.35,29075212855.48,8704166235,8568844216,6564805765,515445146,518023281,3545199719,3697894169,3112366972,2449755388,1004882007,003.03%→,03.80%,09.90%,13.90%,15.13%,07.53%,03.48%,10.70%,13.53%,14.53%,07.49%,00.00%,00.78%,08.46%,07.73%,00.00%,00.76%,08.54%,07.94%,009.27%←,007.45%→,002.76%←,004.18%←,000.52%←,000.00%·,000.16%←,003.36%←,003.83%→
_fsmx,ctaoh,_zylj,vkrp_,deinu,qgbw_,ctaohdeinu,29536.861878,05.98%,000.52%→,38.01%,001.58%←,05.82%,18.02%,14.18%,44.04%,58470999467.13,001.10%←,004.13%→,01.72,004.09%→,01.69,01.76,03.80% │ 09.91% │ 13.89% │ 15.14% │ 07.53%,07.49% │ 14.53% │ 13.52% │ 10.70% │ 03.48%,03.33% │ 11.11% │ 16.42% │ 14.43% │ 05.10%,05.00% │ 14.77% │ 15.74% │ 11.33% │ 02.78%,009.25%← │ 007.43%→ │ 002.74%← │ 004.21%← │ 000.53%←,00.00% │ 00.78% │ 08.46% │ 07.72%,07.94% │ 08.54% │ 00.76% │ 00.00%,000.00%· │ 000.16%← │ 003.36%← │ 003.88%→,24.58%,61.20%,14.22%,003.40%← │ 003.03%→ │ 016.40%←,50.27%,49.73%,50.39%,49.61%,29395786611.65,29075212855.48,8704166235,8568844216,6564805765,515327520,518023281,3545199719,3697894169,3112366972,2449755388,1004882007,003.03%→,03.80%,09.91%,13.89%,15.14%,07.53%,03.48%,10.70%,13.52%,14.53%,07.49%,00.00%,00.78%,08.46%,07.72%,00.00%,00.76%,08.54%,07.94%,009.25%←,007.43%→,002.74%←,004.21%←,000.53%←,000.00%·,000.16%←,003.36%←,003.88%→
_wsdj,unaol,_pgmx,zbrf_,heitc,qvyk_,unaolheitc,29475.521446,05.71%,000.43%←,37.61%,001.78%→,05.82%,17.99%,14.00%,43.77%,58996076881.03,001.01%→,004.96%→,01.73,002.38%→,01.71,01.75,03.55% │ 10.81% │ 14.44% │ 14.56% │ 06.39%,07.07% │ 15.57% │ 13.67% │ 10.14% │ 03.79%,02.78% │ 11.33% │ 16.77% │ 13.99% │ 04.69%,04.91% │ 14.67% │ 15.82% │ 11.73% │ 03.33%,006.53%→ │ 006.58%← │ 005.59%← │ 006.46%→ │ 009.68%→,00.00% │ 00.76% │ 08.27% │ 07.44%,07.18% │ 08.57% │ 00.75% │ 00.00%,000.00%· │ 001.80%→ │ 002.24%← │ 001.17%→,24.83%,61.25%,13.92%,027.19%← │ 022.43%→ │ 088.19%←,49.75%,50.25%,49.55%,50.45%,29348639069.85,29647437811.18,8558805922,8714204529,6497008970,494343896,492214144,3562468007,3748422676,3107028886,2418683500,1004992192,022.43%→,03.55%,10.81%,14.44%,14.56%,06.39%,03.79%,10.14%,13.67%,15.57%,07.07%,00.00%,00.76%,08.27%,07.44%,00.00%,00.75%,08.57%,07.18%,006.53%→,006.58%←,005.59%←,006.46%→,009.68%→,000.00%·,001.80%→,002.24%←,001.17%→
_wsdj,unaol,_pgmx,qbrf_,heitc,zvyk_,unaolheitc,29475.141984,05.71%,000.40%←,37.61%,001.78%→,05.82%,17.99%,14.00%,43.77%,58994164647.93,001.00%→,004.96%→,01.73,002.38%→,01.71,01.75,03.55% │ 10.81% │ 14.44% │ 14.57% │ 06.39%,07.07% │ 15.57% │ 13.67% │ 10.14% │ 03.79%,02.78% │ 11.33% │ 16.77% │ 13.99% │ 04.69%,04.91% │ 14.67% │ 15.82% │ 11.73% │ 03.33%,006.53%→ │ 006.58%← │ 005.61%← │ 006.48%→ │ 009.64%→,00.00% │ 00.76% │ 08.27% │ 07.44%,07.19% │ 08.57% │ 00.75% │ 00.00%,000.00%· │ 001.80%→ │ 002.24%← │ 001.25%→,24.79%,61.25%,13.96%,027.73%← │ 022.43%→ │ 086.54%←,49.75%,50.25%,49.55%,50.45%,29348639069.85,29645525578.08,8558805922,8714204529,6497008970,494343896,492395834,3562468007,3748422676,3107028886,2418683500,1004992192,022.43%→,03.55%,10.81%,14.44%,14.57%,06.39%,03.79%,10.14%,13.67%,15.57%,07.07%,00.00%,00.76%,08.27%,07.44%,00.00%,00.75%,08.57%,07.19%,006.53%→,006.58%←,005.61%←,006.48%→,009.64%→,000.00%·,001.80%→,002.24%←,001.25%→
vfsdj,uanol,kqpgz,__rb_,hetic,_mwxy,uanolhetic,29474.904392,03.97%,000.20%←,38.06%,002.76%→,06.02%,18.85%,14.40%,43.31%,57922600265.13,000.80%→,006.22%→,01.72,002.58%→,01.70,01.74,06.85% │ 10.00% │ 12.76% │ 13.68% │ 06.51%,06.82% │ 15.18% │ 12.28% │ 09.12% │ 06.81%,04.60% │ 10.56% │ 16.08% │ 13.44% │ 04.63%,04.68% │ 14.57% │ 17.02% │ 09.40% │ 05.03%,000.59%← │ 009.66%← │ 003.96%← │ 009.86%→ │ 004.59%→,00.95% │ 02.05% │ 04.84% │ 05.25%,04.81% │ 04.74% │ 02.22% │ 00.84%,003.31%← │ 003.91%← │ 003.50%→ │ 002.44%←,25.23%,59.90%,14.87%,096.53%← │ 020.91%→ │ 019.70%→,49.80%,50.20%,49.30%,50.70%,28844654544.48,29077945720.65,8515815668,8757194783,6574543765,343383715,342702515,3500600992,3732754896,3256254766,2487926234,1040437356,020.91%→,06.85%,10.00%,12.76%,13.68%,06.51%,06.81%,09.12%,12.28%,15.18%,06.82%,00.95%,02.05%,04.84%,05.25%,00.84%,02.22%,04.74%,04.81%,000.59%←,009.66%←,003.96%←,009.86%→,004.59%→,003.31%←,003.91%←,003.50%→,002.44%←
vfsgz,uanol,kqpdj,_mrb_,hetic,__wxy,uanolhetic,29469.033549,03.97%,000.20%←,38.06%,002.76%→,06.02%,18.85%,14.40%,43.31%,57969123170.47,001.25%→,006.22%→,01.72,002.58%→,01.70,01.74,06.85% │ 09.99% │ 12.80% │ 13.54% │ 06.50%,06.82% │ 15.30% │ 12.26% │ 09.11% │ 06.83%,04.60% │ 10.56% │ 16.08% │ 13.44% │ 04.63%,04.68% │ 14.57% │ 17.02% │ 09.40% │ 05.03%,000.30%← │ 009.70%← │ 004.42%← │ 011.50%→ │ 004.63%→,00.95% │ 02.05% │ 04.84% │ 05.25%,04.81% │ 04.74% │ 02.22% │ 00.84%,003.31%← │ 003.91%← │ 003.50%→ │ 002.44%←,25.97%,60.00%,14.03%,023.66%← │ 021.23%→ │ 072.95%←,49.69%,50.31%,49.30%,50.70%,28802191650.38,29166931520.09,8515815668,8757194783,6574543765,343383715,342702515,3500600992,3732754896,3256254766,2487926234,1040437356,021.23%→,06.85%,09.99%,12.80%,13.54%,06.50%,06.83%,09.11%,12.26%,15.30%,06.82%,00.95%,02.05%,04.84%,05.25%,00.84%,02.22%,04.74%,04.81%,000.30%←,009.70%←,004.42%←,011.50%→,004.63%→,003.31%←,003.91%←,003.50%→,002.44%←
_mpck,lreth,_vwyx,quob_,snaid,zfgj_,lrethsnaid,29447.556431,04.56%,000.78%→,37.76%,001.08%→,06.57%,17.97%,14.73%,45.04%,57750718549.78,001.95%←,004.60%→,01.73,002.61%→,01.71,01.75,05.03% │ 09.69% │ 14.50% │ 12.60% │ 08.67%,09.29% │ 12.36% │ 14.65% │ 08.68% │ 04.54%,04.27% │ 10.21% │ 15.81% │ 13.83% │ 05.62%,06.67% │ 12.45% │ 17.88% │ 09.44% │ 03.82%,010.83%← │ 011.68%← │ 001.08%→ │ 001.93%← │ 006.68%→,00.00% │ 01.97% │ 05.47% │ 06.20%,06.67% │ 04.57% │ 02.07% │ 00.00%,000.00%· │ 002.91%← │ 005.93%← │ 005.63%→,24.10%,63.65%,12.25%,024.53%→ │ 016.50%← │ 008.08%→,50.48%,49.52%,49.73%,50.27%,29153740801.95,28596977747.83,8589603310,8683407141,6521820294,392320179,395388562,3557331785,3728747574,3104111524,2543681628,1134655920,016.50%←,05.03%,09.69%,14.50%,12.60%,08.67%,04.54%,08.68%,14.65%,12.36%,09.29%,00.00%,01.97%,05.47%,06.20%,00.00%,02.07%,04.57%,06.67%,010.83%←,011.68%←,001.08%→,001.93%←,006.68%→,000.00%·,002.91%←,005.93%←,005.63%→
_psgb,ciath,_zvdq,jlfy_,rneou,xwmk_,ciathrneou,29381.366683,03.57%,000.38%←,40.05%,000.21%←,06.97%,17.33%,14.23%,45.09%,57325336204.56,000.01%←,005.70%→,01.66,003.95%→,01.63,01.70,03.97% │ 09.84% │ 13.18% │ 13.14% │ 09.87%,09.84% │ 12.75% │ 13.70% │ 10.14% │ 03.58%,03.33% │ 09.86% │ 15.79% │ 14.67% │ 06.40%,06.95% │ 13.45% │ 16.76% │ 10.01% │ 02.78%,011.04%← │ 003.00%→ │ 003.79%→ │ 003.10%← │ 000.40%←,00.00% │ 02.61% │ 07.74% │ 01.46%,01.53% │ 07.18% │ 02.65% │ 00.00%,000.00%· │ 002.85%→ │ 001.55%← │ 001.37%→,24.51%,62.70%,12.79%,037.24%← │ 009.35%→ │ 011.29%→,50.00%,50.00%,50.05%,49.95%,28664437525.10,28660898679.46,8645535699,8627474752,6917011078,308750547,307578026,3344329972,3546558603,2993324646,2457552877,1204600270,009.35%→,03.97%,09.84%,13.18%,13.14%,09.87%,03.58%,10.14%,13.70%,12.75%,09.84%,00.00%,02.61%,07.74%,01.46%,00.00%,02.65%,07.18%,01.53%,011.04%←,003.00%→,003.79%→,003.10%←,000.40%←,000.00%·,002.85%→,001.55%←,001.37%→
_psgb,ciath,_zvdq,xlfy_,rneou,jwmk_,ciathrneou,29376.368340,03.57%,000.34%←,40.05%,000.21%←,06.97%,17.33%,14.23%,45.09%,57332933167.08,000.01%→,005.70%→,01.66,003.95%→,01.63,01.70,03.97% │ 09.84% │ 13.18% │ 13.14% │ 09.87%,09.85% │ 12.74% │ 13.69% │ 10.13% │ 03.58%,03.33% │ 09.86% │ 15.79% │ 14.67% │ 06.40%,06.95% │ 13.45% │ 16.76% │ 10.01% │ 02.78%,010.93%← │ 002.93%→ │ 003.77%→ │ 003.10%← │ 000.20%←,00.00% │ 02.61% │ 07.74% │ 01.46%,01.53% │ 07.18% │ 02.65% │ 00.00%,000.00%· │ 002.85%→ │ 001.55%← │ 001.60%→,24.49%,62.69%,12.82%,037.42%← │ 009.34%→ │ 011.71%→,50.00%,50.00%,50.05%,49.95%,28664437525.10,28668495641.98,8645535699,8627474752,6917011078,308750547,307703338,3344329972,3546558603,2993324646,2457552877,1204600270,009.34%→,03.97%,09.84%,13.18%,13.14%,09.87%,03.58%,10.13%,13.69%,12.74%,09.85%,00.00%,02.61%,07.74%,01.46%,00.00%,02.65%,07.18%,01.53%,010.93%←,002.93%→,003.77%→,003.10%←,000.20%←,000.00%·,002.85%→,001.55%←,001.60%→
_vsdj,ctoih,_ybmx,kwrf_,lenau,zgpq_,ctoihlenau,29343.679925,04.64%,000.54%←,40.24%,001.40%→,06.58%,18.05%,13.73%,43.21%,57204901827.42,000.75%←,011.52%→,01.66,006.88%→,01.60,01.72,03.89% │ 10.72% │ 13.26% │ 14.62% │ 07.70%,07.54% │ 14.85% │ 13.70% │ 10.22% │ 03.50%,03.33% │ 11.58% │ 15.63% │ 14.01% │ 05.10%,05.14% │ 15.71% │ 16.16% │ 10.56% │ 02.78%,010.92%← │ 004.92%← │ 003.22%→ │ 001.52%→ │ 002.06%←,00.00% │ 01.81% │ 05.67% │ 06.44%,05.72% │ 05.61% │ 02.05% │ 00.00%,000.00%· │ 003.00%→ │ 002.22%→ │ 003.29%←,25.76%,61.31%,12.94%,005.90%→ │ 003.22%→ │ 040.06%←,50.19%,49.81%,49.65%,50.35%,28709439200.09,28495462627.33,8575567892,8697442559,6950013448,402025764,399857767,3219308307,3638577898,3117004338,2371560523,1136590628,003.22%→,03.89%,10.72%,13.26%,14.62%,07.70%,03.50%,10.22%,13.70%,14.85%,07.54%,00.00%,01.81%,05.67%,06.44%,00.00%,02.05%,05.61%,05.72%,010.92%←,004.92%←,003.22%→,001.52%→,002.06%←,000.00%·,003.00%→,002.22%→,003.29%←
_vsdj,ctoih,_ybmx,kwrf_,lenau,zgpq_,!ctoihlenau,29343.679925,04.64%,000.54%←,40.24%,001.40%→,06.58%,18.05%,13.73%,43.21%,57204901827.42,000.75%←,011.52%→,01.66,006.88%→,01.60,01.72,03.89% │ 10.72% │ 13.26% │ 14.62% │ 07.70%,07.54% │ 14.85% │ 13.70% │ 10.22% │ 03.50%,03.33% │ 11.58% │ 15.63% │ 14.01% │ 05.10%,05.14% │ 15.71% │ 16.16% │ 10.56% │ 02.78%,010.92%← │ 004.92%← │ 003.22%→ │ 001.52%→ │ 002.06%←,00.00% │ 01.81% │ 05.67% │ 06.44%,05.72% │ 05.61% │ 02.05% │ 00.00%,000.00%· │ 003.00%→ │ 002.22%→ │ 003.29%←,25.76%,61.31%,12.94%,005.90%→ │ 003.22%→ │ 040.06%←,50.19%,49.81%,49.65%,50.35%,28709439200.09,28495462627.33,8575567892,8697442559,6950013448,402025764,399857767,3219308307,3638577898,3117004338,2371560523,1136590628,003.22%→,03.89%,10.72%,13.26%,14.62%,07.70%,03.50%,10.22%,13.70%,14.85%,07.54%,00.00%,01.81%,05.67%,06.44%,00.00%,02.05%,05.61%,05.72%,010.92%←,004.92%←,003.22%→,001.52%→,002.06%←,000.00%·,003.00%→,002.22%→,003.29%←
_vsdj,ctoih,_ybmx,zwrf_,lenau,kgpq_,ctoihlenau,29329.407790,04.65%,000.42%←,40.24%,001.40%→,06.58%,18.05%,13.73%,43.21%,57215719827.10,000.71%←,011.52%→,01.66,006.88%→,01.60,01.72,03.89% │ 10.72% │ 13.26% │ 14.62% │ 07.69%,07.55% │ 14.86% │ 13.70% │ 10.22% │ 03.50%,03.33% │ 11.58% │ 15.63% │ 14.01% │ 05.10%,05.14% │ 15.71% │ 16.16% │ 10.56% │ 02.78%,010.90%← │ 004.93%← │ 003.22%→ │ 001.58%→ │ 001.93%←,00.00% │ 01.81% │ 05.67% │ 06.44%,05.73% │ 05.61% │ 02.05% │ 00.00%,000.00%· │ 003.00%→ │ 002.22%→ │ 003.05%←,24.71%,61.30%,13.99%,002.08%← │ 003.23%→ │ 017.18%←,50.18%,49.82%,49.65%,50.35%,28709439200.09,28506280627.01,8575567892,8697442559,6950013448,402025764,400333437,3219308307,3638577898,3117004338,2371560523,1136590628,003.23%→,03.89%,10.72%,13.26%,14.62%,07.69%,03.50%,10.22%,13.70%,14.86%,07.55%,00.00%,01.81%,05.67%,06.44%,00.00%,02.05%,05.61%,05.73%,010.90%←,004.93%←,003.22%→,001.58%→,001.93%←,000.00%·,003.00%→,002.22%→,003.05%←
_vsdj,ctoih,_ybmx,zwrf_,lenau,kgpq_,ctoihlenau,29329.407790,04.65%,000.42%←,40.24%,001.40%→,06.58%,18.05%,13.73%,43.21%,57215719827.10,000.71%←,011.52%→,01.66,006.88%→,01.60,01.72,03.89% │ 10.72% │ 13.26% │ 14.62% │ 07.69%,07.55% │ 14.86% │ 13.70% │ 10.22% │ 03.50%,03.33% │ 11.58% │ 15.63% │ 14.01% │ 05.10%,05.14% │ 15.71% │ 16.16% │ 10.56% │ 02.78%,010.90%← │ 004.93%← │ 003.22%→ │ 001.58%→ │ 001.93%←,00.00% │ 01.81% │ 05.67% │ 06.44%,05.73% │ 05.61% │ 02.05% │ 00.00%,000.00%· │ 003.00%→ │ 002.22%→ │ 003.05%←,24.71%,61.30%,13.99%,002.08%← │ 003.23%→ │ 017.18%←,50.18%,49.82%,49.65%,50.35%,28709439200.09,28506280627.01,8575567892,8697442559,6950013448,402025764,400333437,3219308307,3638577898,3117004338,2371560523,1136590628,003.23%→,03.89%,10.72%,13.26%,14.62%,07.69%,03.50%,10.22%,13.70%,14.86%,07.55%,00.00%,01.81%,05.67%,06.44%,00.00%,02.05%,05.61%,05.73%,010.90%←,004.93%←,003.22%→,001.58%→,001.93%←,000.00%·,003.00%→,002.22%→,003.05%←
_cpkj,lsear,_vfmz,ywnu_,hotid,qgbx_,ditohraesl,29036.927337,04.54%,001.77%→,37.47%,000.28%→,06.32%,18.46%,15.49%,45.63%,58624068360.54,000.28%→,000.62%←,01.74,000.67%←,01.74,01.73,05.08% │ 10.56% │ 13.39% │ 11.38% │ 09.52%,09.59% │ 11.02% │ 14.08% │ 10.71% │ 04.68%,04.27% │ 10.85% │ 16.30% │ 11.62% │ 06.89%,06.48% │ 11.30% │ 17.90% │ 10.56% │ 03.82%,008.66%← │ 001.33%→ │ 004.89%→ │ 003.25%← │ 000.77%→,00.00% │ 01.47% │ 04.83% │ 07.04%,07.40% │ 04.60% │ 01.44% │ 00.00%,000.00%· │ 005.38%← │ 004.43%→ │ 000.93%→,23.89%,63.67%,12.44%,053.75%→ │ 023.37%← │ 037.80%←,49.93%,50.07%,49.93%,50.07%,29270689574.26,29353378786.28,8624330103,8648680348,6472653496,388728095,395740544,3679019547,3656226610,3187931184,2675109170,1090805955,023.37%←,05.08%,10.56%,13.39%,11.38%,09.52%,04.68%,10.71%,14.08%,11.02%,09.59%,00.00%,01.47%,04.83%,07.04%,00.00%,01.44%,04.60%,07.40%,008.66%←,001.33%→,004.89%→,003.25%←,000.77%→,000.00%·,005.38%←,004.43%→,000.93%→
_prfv,unied,_bykq,xwsm_,hoatc,zlgj_,uniedhoatc,28988.244798,05.60%,001.94%→,39.71%,000.97%→,05.58%,17.00%,13.88%,44.95%,58251387359.10,000.92%→,002.59%←,01.67,002.40%←,01.69,01.65,03.53% │ 10.63% │ 13.63% │ 14.46% │ 07.52%,07.70% │ 13.78% │ 14.45% │ 10.48% │ 03.81%,02.78% │ 11.26% │ 15.82% │ 14.90% │ 05.00%,05.00% │ 13.52% │ 16.77% │ 11.63% │ 03.33%,007.32%→ │ 001.37%← │ 005.68%→ │ 004.90%← │ 002.32%→,00.00% │ 00.21% │ 08.57% │ 06.99%,07.63% │ 08.27% │ 00.23% │ 00.00%,000.00%· │ 011.19%→ │ 002.19%→ │ 001.51%→,25.48%,61.47%,13.05%,015.84%← │ 000.09%← │ 030.61%→,49.77%,50.23%,49.76%,50.24%,28991722006.77,29259665352.33,8594419089,8678591362,6858519338,478536916,487985456,3519028215,3430352100,2937251236,2398187029,964435460,000.09%←,03.53%,10.63%,13.63%,14.46%,07.52%,03.81%,10.48%,14.45%,13.78%,07.70%,00.00%,00.21%,08.57%,06.99%,00.00%,00.23%,08.27%,07.63%,007.32%→,001.37%←,005.68%→,004.90%←,002.32%→,000.00%·,011.19%→,002.19%→,001.51%→
_cpkj,lsear,_vfmz,wynu_,hotid,qgbx_,ditohraesl,28962.540217,04.54%,001.77%→,37.47%,000.28%→,06.32%,18.46%,15.49%,45.63%,58777748224.55,000.80%→,000.62%←,01.74,000.67%←,01.74,01.73,05.07% │ 10.54% │ 13.36% │ 11.35% │ 09.49%,09.54% │ 11.13% │ 14.08% │ 10.79% │ 04.66%,04.27% │ 10.85% │ 16.30% │ 11.62% │ 06.89%,06.47% │ 11.32% │ 17.90% │ 10.56% │ 03.82%,008.69%← │ 002.40%→ │ 005.12%→ │ 001.98%← │ 000.51%→,00.00% │ 01.47% │ 04.83% │ 07.04%,07.40% │ 04.60% │ 01.44% │ 00.00%,000.00%· │ 005.38%← │ 004.43%→ │ 000.93%→,23.86%,63.73%,12.41%,053.86%→ │ 022.39%← │ 037.85%←,49.80%,50.20%,49.93%,50.07%,29270689574.26,29507058650.29,8624330103,8648680348,6472653496,388728095,395740544,3679019547,3656226610,3187931184,2675109170,1090805955,022.39%←,05.07%,10.54%,13.36%,11.35%,09.49%,04.66%,10.79%,14.08%,11.13%,09.54%,00.00%,01.47%,04.83%,07.04%,00.00%,01.44%,04.60%,07.40%,008.69%←,002.40%→,005.12%→,001.98%←,000.51%→,000.00%·,005.38%←,004.43%→,000.93%→
_prfv,unied,_bykj,zwsm_,hoatc,xlgq_,uniedhoatc,28898.923070,05.61%,001.55%→,39.80%,000.45%→,05.54%,16.92%,13.86%,45.04%,58243253038.01,000.03%←,003.27%←,01.67,002.49%←,01.69,01.65,03.51% │ 10.63% │ 13.65% │ 14.51% │ 07.71%,07.70% │ 13.73% │ 14.41% │ 10.33% │ 03.81%,02.78% │ 11.26% │ 15.82% │ 14.90% │ 05.13%,05.00% │ 13.52% │ 16.77% │ 11.50% │ 03.33%,007.85%→ │ 002.88%← │ 005.32%→ │ 005.64%← │ 000.13%←,00.00% │ 00.21% │ 08.57% │ 07.01%,07.64% │ 08.27% │ 00.23% │ 00.00%,000.00%· │ 009.66%→ │ 002.19%→ │ 000.77%→,25.40%,61.42%,13.18%,016.75%← │ 000.54%← │ 027.62%→,50.01%,49.99%,49.89%,50.11%,29126307211.82,29116945826.19,8617021026,8655989425,6875401865,480814450,488385047,3521929396,3410568392,2921752358,2394535595,957319317,000.54%←,03.51%,10.63%,13.65%,14.51%,07.71%,03.81%,10.33%,14.41%,13.73%,07.70%,00.00%,00.21%,08.57%,07.01%,00.00%,00.23%,08.27%,07.64%,007.85%→,002.88%←,005.32%→,005.64%←,000.13%←,000.00%·,009.66%→,002.19%→,000.77%→
_ysux,dtoih,_vgmj,zbrf_,lenac,kwpq_,dtoihlenac,28892.753501,04.81%,006.19%→,40.84%,001.87%→,06.87%,17.31%,13.95%,44.63%,56860895941.26,000.21%←,008.99%→,01.64,004.72%→,01.60,01.68,04.42% │ 10.74% │ 13.25% │ 14.03% │ 07.62%,07.67% │ 14.78% │ 13.00% │ 10.53% │ 03.96%,03.82% │ 11.58% │ 16.06% │ 12.97% │ 05.10%,05.14% │ 15.28% │ 16.16% │ 10.56% │ 03.33%,011.45%← │ 002.04%← │ 001.91%← │ 005.11%→ │ 000.70%→,00.00% │ 01.81% │ 05.20% │ 07.09%,06.64% │ 05.61% │ 02.05% │ 00.00%,000.00%· │ 003.00%→ │ 007.95%→ │ 005.53%→,24.69%,61.83%,13.48%,006.43%← │ 006.55%→ │ 023.79%←,50.05%,49.95%,49.53%,50.47%,28460632449.11,28400263492.15,8555156604,8717853847,7053861855,401818122,428345243,3218016613,3536021185,2990303322,2409889013,1186156884,006.55%→,04.42%,10.74%,13.25%,14.03%,07.62%,03.96%,10.53%,13.00%,14.78%,07.67%,00.00%,01.81%,05.20%,07.09%,00.00%,02.05%,05.61%,06.64%,011.45%←,002.04%←,001.91%←,005.11%→,000.70%→,000.00%·,003.00%→,007.95%→,005.53%→
_frwk,uanel,_qpgz,jdsv_,hiotc,xmby_,uanelhiotc,28833.567526,04.64%,000.54%→,40.24%,001.42%←,06.58%,18.05%,13.73%,43.21%,57204901827.42,000.75%→,013.02%←,01.66,007.38%←,01.72,01.60,03.50% │ 10.22% │ 13.70% │ 14.85% │ 07.54%,07.70% │ 14.62% │ 13.26% │ 10.72% │ 03.89%,02.78% │ 10.56% │ 16.16% │ 15.71% │ 05.14%,05.10% │ 14.01% │ 15.63% │ 11.58% │ 03.33%,009.84%→ │ 004.69%→ │ 003.33%← │ 001.54%← │ 002.01%→,00.00% │ 02.05% │ 05.61% │ 05.72%,06.44% │ 05.67% │ 01.81% │ 00.00%,000.00%· │ 003.10%← │ 002.27%← │ 003.18%→,25.76%,61.31%,12.94%,006.27%← │ 003.32%← │ 028.60%→,49.81%,50.19%,50.35%,49.65%,28495462627.33,28709439200.09,8697442559,8575567892,6950013448,399857767,402025764,3638577898,3219308307,3117004338,2371560523,1136590628,003.32%←,03.50%,10.22%,13.70%,14.85%,07.54%,03.89%,10.72%,13.26%,14.62%,07.70%,00.00%,02.05%,05.61%,05.72%,00.00%,01.81%,05.67%,06.44%,009.84%→,004.69%→,003.33%←,001.54%←,002.01%→,000.00%·,003.10%←,002.27%←,003.18%→
_bsm_,ltoah,zjcgx,vkryw,denip,_fuq_,ltoahdenip,28827.935917,06.12%,000.73%→,40.36%,000.69%←,05.69%,16.48%,13.35%,44.75%,58941891701.68,000.57%←,001.73%→,01.66,001.58%→,01.64,01.67,05.24% │ 09.19% │ 15.19% │ 13.21% │ 07.32%,07.26% │ 14.09% │ 14.23% │ 09.09% │ 05.20%,04.40% │ 10.64% │ 17.34% │ 12.92% │ 04.87%,04.90% │ 14.90% │ 16.80% │ 09.39% │ 03.84%,000.72%← │ 001.08%← │ 006.75%← │ 006.18%→ │ 000.85%←,00.05% │ 00.36% │ 09.43% │ 07.71%,06.87% │ 09.94% │ 00.42% │ 00.05%,000.50%← │ 002.17%→ │ 002.01%→ │ 000.88%←,25.66%,61.32%,13.02%,022.98%→ │ 008.77%← │ 017.39%←,50.14%,49.86%,50.17%,49.83%,29555398925.95,29386492775.73,8666281837,8606728614,6970955821,526551669,530411615,3388602021,3448341811,2846860021,2305765549,982640988,008.77%←,05.24%,09.19%,15.19%,13.21%,07.32%,05.20%,09.09%,14.23%,14.09%,07.26%,00.05%,00.36%,09.43%,07.71%,00.05%,00.42%,09.94%,06.87%,000.72%←,001.08%←,006.75%←,006.18%→,000.85%←,000.50%←,002.17%→,002.01%→,000.88%←
_frwk,uanel,_qpgz,xdsv_,hiotc,jmby_,uanelhiotc,28824.395144,04.65%,000.84%→,40.24%,001.42%←,06.58%,18.05%,13.73%,43.21%,57203535624.88,000.74%→,013.02%←,01.66,007.38%←,01.72,01.60,03.50% │ 10.22% │ 13.70% │ 14.85% │ 07.54%,07.70% │ 14.62% │ 13.25% │ 10.72% │ 03.89%,02.78% │ 10.56% │ 16.16% │ 15.71% │ 05.14%,05.10% │ 14.01% │ 15.63% │ 11.58% │ 03.33%,009.83%→ │ 004.72%→ │ 003.39%← │ 001.55%← │ 002.06%→,00.00% │ 02.05% │ 05.61% │ 05.72%,06.48% │ 05.67% │ 01.81% │ 00.00%,000.00%· │ 003.10%← │ 002.27%← │ 003.73%→,25.70%,61.30%,13.00%,006.73%← │ 003.34%← │ 029.14%→,49.81%,50.19%,50.35%,49.65%,28495462627.33,28708072997.55,8697442559,8575567892,6950013448,399857767,403226948,3638577898,3219308307,3117004338,2371560523,1136590628,003.34%←,03.50%,10.22%,13.70%,14.85%,07.54%,03.89%,10.72%,13.25%,14.62%,07.70%,00.00%,02.05%,05.61%,05.72%,00.00%,01.81%,05.67%,06.48%,009.83%→,004.72%→,003.39%←,001.55%←,002.06%→,000.00%·,003.10%←,002.27%←,003.73%→
_bsmx,ltoah,zjcg_,vkryw,denip,_fuq_,ltoahdenip,28811.856194,06.12%,000.76%→,40.36%,000.69%←,05.69%,16.48%,13.35%,44.75%,58948609795.06,000.60%←,001.73%→,01.66,001.58%→,01.64,01.67,05.24% │ 09.19% │ 15.19% │ 13.21% │ 07.33%,07.26% │ 14.08% │ 14.22% │ 09.09% │ 05.20%,04.40% │ 10.64% │ 17.34% │ 12.92% │ 04.87%,04.90% │ 14.90% │ 16.80% │ 09.39% │ 03.84%,000.72%← │ 001.11%← │ 006.78%← │ 006.19%→ │ 000.92%←,00.05% │ 00.36% │ 09.43% │ 07.71%,06.87% │ 09.94% │ 00.42% │ 00.05%,000.50%← │ 002.17%→ │ 002.01%→ │ 000.82%←,25.95%,61.32%,12.73%,020.97%→ │ 008.78%← │ 012.67%←,50.15%,49.85%,50.17%,49.83%,29562117019.33,29386492775.73,8666281837,8606728614,6970955821,526394235,530411615,3388602021,3448341811,2846860021,2305765549,982640988,008.78%←,05.24%,09.19%,15.19%,13.21%,07.33%,05.20%,09.09%,14.22%,14.08%,07.26%,00.05%,00.36%,09.43%,07.71%,00.05%,00.42%,09.94%,06.87%,000.72%←,001.11%←,006.78%←,006.19%→,000.92%←,000.50%←,002.17%→,002.01%→,000.82%←
__ryq,deinl,zkwmb,jpsuv,hotac,xgf__,deinlhotac,28794.950878,05.23%,000.89%→,39.01%,001.04%←,06.15%,18.53%,14.83%,44.46%,57922339653.78,001.66%→,005.16%←,01.69,002.81%←,01.72,01.67,04.97% │ 12.46% │ 13.67% │ 10.19% │ 08.30%,07.65% │ 11.55% │ 14.10% │ 11.28% │ 05.85%,03.95% │ 12.72% │ 15.81% │ 11.80% │ 05.99%,05.10% │ 11.76% │ 17.43% │ 11.05% │ 04.41%,014.99%→ │ 010.47%← │ 003.07%→ │ 011.79%→ │ 008.55%←,00.03% │ 01.75% │ 08.09% │ 06.20%,06.63% │ 07.38% │ 02.03% │ 00.03%,000.56%← │ 000.54%→ │ 000.49%→ │ 001.42%→,24.34%,61.50%,14.16%,037.26%→ │ 004.99%← │ 059.37%←,49.58%,50.42%,50.26%,49.74%,28719475657.01,29202863996.77,8681125370,8591885081,6737673235,449980902,454016586,3623990548,3446235870,3201116136,2562184337,1062531220,004.99%←,04.97%,12.46%,13.67%,10.19%,08.30%,05.85%,11.28%,14.10%,11.55%,07.65%,00.03%,01.75%,08.09%,06.20%,00.03%,02.03%,07.38%,06.63%,014.99%→,010.47%←,003.07%→,011.79%→,008.55%←,000.56%←,000.54%→,000.49%→,001.42%→
_bscq,litah,zxmf_,vkrg_,denop,jyu_w,litahdenop,28767.219503,06.40%,005.99%→,36.94%,000.82%←,05.38%,18.47%,14.46%,43.92%,58739707899.46,001.03%→,000.04%←,01.75,000.58%→,01.75,01.76,05.28% │ 09.30% │ 14.15% │ 14.04% │ 06.97%,07.56% │ 13.79% │ 14.70% │ 09.14% │ 05.07%,04.40% │ 09.40% │ 17.85% │ 13.78% │ 04.78%,05.13% │ 14.42% │ 16.80% │ 09.61% │ 03.84%,004.10%← │ 001.75%← │ 003.73%→ │ 001.83%← │ 007.81%→,00.05% │ 02.22% │ 07.95% │ 07.91%,07.28% │ 09.94% │ 02.10% │ 00.05%,000.50%← │ 003.34%← │ 014.94%→ │ 003.17%←,25.33%,59.80%,14.87%,000.70%→ │ 008.18%← │ 031.50%→,49.74%,50.26%,50.20%,49.80%,29217335087.03,29522372812.43,8671631873,8601378578,6381218151,535305216,569432283,3714109195,3712572307,3189591707,2498052468,929346466,008.18%←,05.28%,09.30%,14.15%,14.04%,06.97%,05.07%,09.14%,14.70%,13.79%,07.56%,00.05%,02.22%,07.95%,07.91%,00.05%,02.10%,09.94%,07.28%,004.10%←,001.75%←,003.73%→,001.83%←,007.81%→,000.50%←,003.34%←,014.94%→,003.17%←
__rmq,deinl,zkwyb,xpsuv,hotac,jgf__,deinlhotac,28756.051313,05.06%,001.67%→,39.01%,001.04%←,06.15%,18.53%,14.83%,44.46%,58171338930.41,000.91%→,005.16%←,01.69,002.81%←,01.72,01.67,04.95% │ 12.50% │ 13.71% │ 10.31% │ 08.30%,07.61% │ 11.49% │ 14.04% │ 11.26% │ 05.82%,03.95% │ 12.72% │ 15.81% │ 11.80% │ 05.99%,05.10% │ 11.76% │ 17.43% │ 11.05% │ 04.41%,015.00%→ │ 011.01%← │ 002.36%→ │ 010.27%→ │ 009.03%←,00.03% │ 01.75% │ 08.09% │ 05.67%,06.18% │ 07.38% │ 02.03% │ 00.03%,000.56%← │ 000.54%→ │ 000.49%→ │ 003.36%→,24.89%,61.44%,13.67%,032.55%→ │ 005.64%← │ 049.12%←,49.77%,50.23%,50.26%,49.74%,28952512877.91,29218826052.50,8681125370,8591885081,6737673235,433717922,441063704,3623990548,3446235870,3201116136,2562184337,1062531220,005.64%←,04.95%,12.50%,13.71%,10.31%,08.30%,05.82%,11.26%,14.04%,11.49%,07.61%,00.03%,01.75%,08.09%,05.67%,00.03%,02.03%,07.38%,06.18%,015.00%→,011.01%←,002.36%→,010.27%→,009.03%←,000.56%←,000.54%→,000.49%→,003.36%→
_mbck,lreth,_vwyx,quop_,snaid,zfgj_,lrethsnaid,28750.157089,04.56%,002.27%→,37.72%,003.14%→,06.42%,18.04%,14.69%,44.89%,57920062213.58,000.98%→,008.95%→,01.73,004.41%→,01.69,01.77,04.99% │ 09.55% │ 13.97% │ 12.63% │ 08.61%,09.27% │ 12.31% │ 14.74% │ 09.40% │ 04.52%,04.27% │ 10.21% │ 15.28% │ 13.83% │ 05.62%,06.67% │ 12.45% │ 17.88% │ 09.96% │ 03.82%,010.45%← │ 001.52%← │ 005.21%→ │ 002.58%← │ 007.09%→,00.00% │ 01.97% │ 05.53% │ 06.20%,06.67% │ 04.57% │ 02.11% │ 00.00%,000.00%· │ 004.26%→ │ 003.51%← │ 005.63%→,24.21%,63.50%,12.29%,032.45%→ │ 015.69%← │ 006.63%→,49.75%,50.25%,49.20%,50.80%,28817502022.52,29102560191.06,8498660755,8774349696,6515605660,388898646,397914881,3475346226,3816947767,3115786268,2538024818,1108659534,015.69%←,04.99%,09.55%,13.97%,12.63%,08.61%,04.52%,09.40%,14.74%,12.31%,09.27%,00.00%,01.97%,05.53%,06.20%,00.00%,02.11%,04.57%,06.67%,010.45%←,001.52%←,005.21%→,002.58%←,007.09%→,000.00%·,004.26%→,003.51%←,005.63%→
_ysmx,dtoih,_vbuj,kwrf_,lenac,zgpq_,dtoihlenac,28668.860606,04.57%,002.55%→,40.06%,003.54%→,06.78%,18.08%,14.07%,43.76%,56910825578.08,001.21%→,012.37%→,01.66,006.16%→,01.61,01.72,04.39% │ 10.77% │ 13.11% │ 13.92% │ 07.51%,07.60% │ 15.06% │ 13.16% │ 10.53% │ 03.96%,03.82% │ 11.58% │ 15.63% │ 12.97% │ 05.10%,05.14% │ 15.71% │ 16.16% │ 10.56% │ 03.33%,011.04%← │ 002.28%← │ 000.39%→ │ 007.60%→ │ 001.16%→,00.00% │ 01.81% │ 05.67% │ 06.42%,05.72% │ 05.61% │ 02.05% │ 00.00%,000.00%· │ 003.00%→ │ 002.22%→ │ 002.71%→,25.74%,61.66%,12.60%,005.07%→ │ 006.19%→ │ 038.39%←,49.70%,50.30%,49.10%,50.90%,28282331396.74,28628494181.34,8480709733,8792300718,6919650391,389680088,399857767,3217060473,3671188789,3123525764,2430261981,1170877937,006.19%→,04.39%,10.77%,13.11%,13.92%,07.51%,03.96%,10.53%,13.16%,15.06%,07.60%,00.00%,01.81%,05.67%,06.42%,00.00%,02.05%,05.61%,05.72%,011.04%←,002.28%←,000.39%→,007.60%→,001.16%→,000.00%·,003.00%→,002.22%→,002.71%→
_ysmx,dtoih,_vbuj,kwrf_,lenac,zgpq_,dtoihlenac,28668.860606,04.57%,002.55%→,40.06%,003.54%→,06.78%,18.08%,14.07%,43.76%,56910825578.08,001.21%→,012.37%→,01.66,006.16%→,01.61,01.72,04.39% │ 10.77% │ 13.11% │ 13.92% │ 07.51%,07.60% │ 15.06% │ 13.16% │ 10.53% │ 03.96%,03.82% │ 11.58% │ 15.63% │ 12.97% │ 05.10%,05.14% │ 15.71% │ 16.16% │ 10.56% │ 03.33%,011.04%← │ 002.28%← │ 000.39%→ │ 007.60%→ │ 001.16%→,00.00% │ 01.81% │ 05.67% │ 06.42%,05.72% │ 05.61% │ 02.05% │ 00.00%,000.00%· │ 003.00%→ │ 002.22%→ │ 002.71%→,25.74%,61.66%,12.60%,005.07%→ │ 006.19%→ │ 038.39%←,49.70%,50.30%,49.10%,50.90%,28282331396.74,28628494181.34,8480709733,8792300718,6919650391,389680088,399857767,3217060473,3671188789,3123525764,2430261981,1170877937,006.19%→,04.39%,10.77%,13.11%,13.92%,07.51%,03.96%,10.53%,13.16%,15.06%,07.60%,00.00%,01.81%,05.67%,06.42%,00.00%,02.05%,05.61%,05.72%,011.04%←,002.28%←,000.39%→,007.60%→,001.16%→,000.00%·,003.00%→,002.22%→,002.71%→
_ysmx,dtoih,_vbuj,zwrf_,lenac,kgpq_,dtoihlenac,28668.821534,04.57%,002.66%→,40.06%,003.54%→,06.78%,18.08%,14.07%,43.76%,56909836251.99,001.21%→,012.37%→,01.66,006.16%→,01.61,01.72,04.39% │ 10.77% │ 13.11% │ 13.92% │ 07.51%,07.59% │ 15.07% │ 13.16% │ 10.53% │ 03.96%,03.82% │ 11.58% │ 15.63% │ 12.97% │ 05.10%,05.14% │ 15.71% │ 16.16% │ 10.56% │ 03.33%,011.04%← │ 002.28%← │ 000.39%→ │ 007.66%→ │ 001.02%→,00.00% │ 01.81% │ 05.67% │ 06.42%,05.73% │ 05.61% │ 02.05% │ 00.00%,000.00%· │ 003.00%→ │ 002.22%→ │ 002.93%→,24.63%,61.66%,13.71%,003.64%← │ 006.19%→ │ 014.45%←,49.70%,50.30%,49.10%,50.90%,28282331396.74,28627504855.25,8480709733,8792300718,6919650391,389680088,400333437,3217060473,3671188789,3123525764,2430261981,1170877937,006.19%→,04.39%,10.77%,13.11%,13.92%,07.51%,03.96%,10.53%,13.16%,15.07%,07.59%,00.00%,01.81%,05.67%,06.42%,00.00%,02.05%,05.61%,05.73%,011.04%←,002.28%←,000.39%→,007.66%→,001.02%→,000.00%·,003.00%→,002.22%→,002.93%→
_pus_,catnh,wqmy_,jbrgk,leiod,zf_vx,catnhleiod,28522.354968,04.84%,002.80%→,39.39%,000.13%←,05.81%,18.45%,14.35%,43.75%,59113197619.88,001.44%←,007.40%→,01.68,005.19%→,01.64,01.73,06.33% │ 10.69% │ 11.01% │ 15.33% │ 07.00%,06.19% │ 15.28% │ 11.65% │ 10.45% │ 06.08%,05.02% │ 10.52% │ 14.18% │ 15.64% │ 04.68%,04.63% │ 15.78% │ 14.12% │ 10.69% │ 04.76%,004.07%← │ 002.32%← │ 005.46%→ │ 000.32%← │ 013.11%←,00.05% │ 04.12% │ 06.47% │ 05.09%,05.48% │ 06.38% │ 04.06% │ 00.05%,008.31%← │ 000.01%→ │ 001.82%← │ 007.62%→,26.03%,61.68%,12.29%,005.64%← │ 010.03%→ │ 072.11%←,50.36%,49.64%,50.03%,49.97%,29767905909.07,29345291710.81,8642074508,8630935943,6803160282,412136214,424005304,3367773383,3636965988,3186245416,2478200552,1004248502,010.03%→,06.33%,10.69%,11.01%,15.33%,07.00%,06.08%,10.45%,11.65%,15.28%,06.19%,00.05%,04.12%,06.47%,05.09%,00.05%,04.06%,06.38%,05.48%,004.07%←,002.32%←,005.46%→,000.32%←,013.11%←,008.31%←,000.01%→,001.82%←,007.62%→
_pus_,catnh,wqmy_,jbrvk,leiod,zf_gx,catnhleiod,28451.597538,04.84%,002.80%→,39.39%,000.13%←,05.81%,18.45%,14.35%,43.75%,59219284923.03,001.07%←,007.40%→,01.68,005.19%→,01.64,01.73,06.32% │ 10.67% │ 10.99% │ 15.30% │ 06.99%,06.18% │ 15.17% │ 11.78% │ 10.54% │ 06.07%,05.02% │ 10.52% │ 14.18% │ 15.64% │ 04.68%,04.63% │ 15.78% │ 14.12% │ 10.69% │ 04.76%,004.05%← │ 001.27%← │ 006.68%→ │ 000.87%← │ 013.11%←,00.05% │ 04.12% │ 06.47% │ 05.09%,05.48% │ 06.38% │ 04.06% │ 00.05%,008.31%← │ 000.01%→ │ 001.82%← │ 007.62%→,25.14%,61.51%,13.35%,013.25%← │ 009.87%→ │ 038.70%←,50.27%,49.73%,50.03%,49.97%,29767905909.07,29451379013.96,8642074508,8630935943,6803160282,412136214,424005304,3367773383,3636965988,3186245416,2478200552,1004248502,009.87%→,06.32%,10.67%,10.99%,15.30%,06.99%,06.07%,10.54%,11.78%,15.17%,06.18%,00.05%,04.12%,06.47%,05.09%,00.05%,04.06%,06.38%,05.48%,004.05%←,001.27%←,006.68%→,000.87%←,013.11%←,008.31%←,000.01%→,001.82%←,007.62%→
_psbx,uroel,_wgfj,qdny_,hitac,zmvk_,uroelhitac,28440.228689,04.98%,001.73%→,37.31%,001.32%→,07.15%,18.52%,15.53%,45.61%,57315269523.15,000.79%←,004.80%→,01.74,002.64%→,01.72,01.77,03.71% │ 10.90% │ 13.77% │ 15.16% │ 06.64%,07.14% │ 14.17% │ 13.63% │ 10.89% │ 03.97%,02.78% │ 10.37% │ 16.06% │ 15.78% │ 04.69%,04.91% │ 14.01% │ 17.36% │ 10.72% │ 03.33%,006.54%→ │ 000.12%← │ 001.04%← │ 007.02%← │ 006.96%→,00.00% │ 03.93% │ 05.20% │ 06.00%,06.60% │ 05.00% │ 03.69% │ 00.00%,000.00%· │ 003.07%← │ 003.91%→ │ 001.74%→,26.35%,60.39%,13.26%,020.69%→ │ 006.33%← │ 027.01%←,50.20%,49.80%,49.67%,50.33%,28769879618.49,28545389904.66,8579285074,8693725377,6444528666,426653349,434185322,3591129423,3772241564,3199659461,2683320679,1235513495,006.33%←,03.71%,10.90%,13.77%,15.16%,06.64%,03.97%,10.89%,13.63%,14.17%,07.14%,00.00%,03.93%,05.20%,06.00%,00.00%,03.69%,05.00%,06.60%,006.54%→,000.12%←,001.04%←,007.02%←,006.96%→,000.00%·,003.07%←,003.91%→,001.74%→
_psbx,uroel,_wgfj,zdny_,hitac,qmvk_,uroelhitac,28430.966992,04.99%,001.79%→,37.31%,001.32%→,07.15%,18.52%,15.53%,45.61%,57319503329.18,000.77%←,004.80%→,01.74,002.64%→,01.72,01.77,03.71% │ 10.90% │ 13.77% │ 15.16% │ 06.64%,07.15% │ 14.17% │ 13.63% │ 10.89% │ 03.97%,02.78% │ 10.37% │ 16.06% │ 15.78% │ 04.69%,04.91% │ 14.01% │ 17.36% │ 10.72% │ 03.33%,006.54%→ │ 000.11%← │ 001.04%← │ 007.03%← │ 007.06%→,00.00% │ 03.93% │ 05.20% │ 06.00%,06.61% │ 05.00% │ 03.69% │ 00.00%,000.00%· │ 003.07%← │ 003.91%→ │ 001.86%→,26.43%,60.39%,13.19%,021.11%→ │ 006.33%← │ 028.63%←,50.19%,49.81%,49.67%,50.33%,28769879618.49,28549623710.69,8579285074,8693725377,6444528666,426653349,434434160,3591129423,3772241564,3199659461,2683320679,1235513495,006.33%←,03.71%,10.90%,13.77%,15.16%,06.64%,03.97%,10.89%,13.63%,14.17%,07.15%,00.00%,03.93%,05.20%,06.00%,00.00%,03.69%,05.00%,06.61%,006.54%→,000.11%←,001.04%←,007.03%←,007.06%→,000.00%·,003.07%←,003.91%→,001.86%→
_psbj,cnael,_wgkx,qdrf_,hoitu,zmyv_,cnaelhoitu,28303.925014,05.10%,002.29%←,40.63%,001.80%←,05.67%,16.54%,14.36%,46.47%,57082961728.19,001.18%→,000.75%←,01.65,000.67%→,01.64,01.65,03.97% │ 10.55% │ 14.69% │ 13.73% │ 06.77%,07.05% │ 14.28% │ 14.44% │ 10.99% │ 03.53%,03.33% │ 11.33% │ 16.77% │ 14.34% │ 04.69%,04.91% │ 13.99% │ 15.82% │ 12.06% │ 02.78%,012.46%← │ 004.01%→ │ 001.72%← │ 003.87%→ │ 004.11%→,00.00% │ 00.76% │ 08.27% │ 05.81%,05.69% │ 08.57% │ 00.73% │ 00.00%,000.00%· │ 001.70%→ │ 002.24%← │ 002.68%←,25.66%,60.90%,13.44%,017.32%→ │ 009.70%← │ 013.56%→,49.70%,50.30%,50.45%,49.55%,28371784320.62,28711177407.57,8713714073,8559296378,7017574878,445187944,435219867,3407914858,3382409917,2856342124,2479839475,979340185,009.70%←,03.97%,10.55%,14.69%,13.73%,06.77%,03.53%,10.99%,14.44%,14.28%,07.05%,00.00%,00.76%,08.27%,05.81%,00.00%,00.73%,08.57%,05.69%,012.46%←,004.01%→,001.72%←,003.87%→,004.11%→,000.00%·,001.70%→,002.24%←,002.68%←
_psbj,cnael,_wgkx,zdrf_,hoitu,qmyv_,cnaelhoitu,28301.169850,05.10%,002.23%←,40.63%,001.80%←,05.67%,16.54%,14.36%,46.47%,57092111334.05,001.21%→,000.75%←,01.65,000.67%→,01.64,01.65,03.97% │ 10.55% │ 14.69% │ 13.73% │ 06.76%,07.06% │ 14.28% │ 14.44% │ 10.99% │ 03.53%,03.33% │ 11.33% │ 16.77% │ 14.34% │ 04.69%,04.91% │ 13.99% │ 15.82% │ 12.06% │ 02.78%,012.30%← │ 004.01%→ │ 001.70%← │ 003.86%→ │ 004.22%→,00.00% │ 00.76% │ 08.27% │ 05.81%,05.70% │ 08.57% │ 00.73% │ 00.00%,000.00%· │ 001.70%→ │ 002.24%← │ 002.54%←,25.73%,60.90%,13.38%,017.71%→ │ 009.67%← │ 012.86%→,49.69%,50.31%,50.45%,49.55%,28371784320.62,28720327013.43,8713714073,8559296378,7017574878,445187944,435468705,3407914858,3382409917,2856342124,2479839475,979340185,009.67%←,03.97%,10.55%,14.69%,13.73%,06.76%,03.53%,10.99%,14.44%,14.28%,07.06%,00.00%,00.76%,08.27%,05.81%,00.00%,00.73%,08.57%,05.70%,012.30%←,004.01%→,001.70%←,003.86%→,004.22%→,000.00%·,001.70%→,002.24%←,002.54%←
_ysfv,lored,zqckj,_gnb_,hatiu,xmp_w,loredhatiu,28276.319880,04.85%,001.92%←,37.98%,000.39%←,06.04%,18.25%,14.70%,44.61%,57968699649.00,001.95%→,006.03%→,01.72,004.66%→,01.68,01.77,05.22% │ 09.46% │ 13.25% │ 14.25% │ 07.32%,07.14% │ 13.30% │ 15.14% │ 08.95% │ 05.97%,04.40% │ 09.36% │ 16.30% │ 14.90% │ 05.13%,04.87% │ 12.92% │ 18.43% │ 09.21% │ 04.47%,012.56%→ │ 005.68%← │ 012.43%→ │ 007.16%← │ 002.58%←,00.05% │ 01.74% │ 05.40% │ 07.01%,07.71% │ 04.68% │ 01.81% │ 00.05%,005.19%→ │ 002.15%→ │ 001.95%← │ 002.41%←,25.98%,59.79%,14.23%,006.41%← │ 004.02%← │ 034.54%→,49.51%,50.49%,50.10%,49.90%,28698624293.76,29270075355.24,8653145330,8619865121,6560659350,423023151,415056461,3511024315,3736215988,3152324279,2538502718,1043293204,004.02%←,05.22%,09.46%,13.25%,14.25%,07.32%,05.97%,08.95%,15.14%,13.30%,07.14%,00.05%,01.74%,05.40%,07.01%,00.05%,01.81%,04.68%,07.71%,012.56%→,005.68%←,012.43%→,007.16%←,002.58%←,005.19%→,002.15%→,001.95%←,002.41%←
_ysfv,lored,zqckj,xgnb_,hatiu,_mp_w,loredhatiu,28260.558471,04.85%,001.88%←,37.98%,000.39%←,06.04%,18.25%,14.70%,44.61%,57982031475.33,002.00%→,006.03%→,01.72,004.66%→,01.68,01.77,05.22% │ 09.46% │ 13.25% │ 14.25% │ 07.32%,07.14% │ 13.30% │ 15.15% │ 08.95% │ 05.96%,04.40% │ 09.36% │ 16.30% │ 14.90% │ 05.13%,04.87% │ 12.92% │ 18.43% │ 09.21% │ 04.47%,012.56%→ │ 005.66%← │ 012.53%→ │ 007.16%← │ 002.51%←,00.05% │ 01.74% │ 05.40% │ 07.01%,07.71% │ 04.68% │ 01.81% │ 00.05%,005.19%→ │ 002.15%→ │ 001.95%← │ 002.34%←,26.28%,59.78%,13.94%,003.90%← │ 004.00%← │ 032.30%→,49.50%,50.50%,50.10%,49.90%,28698624293.76,29283407181.57,8653145330,8619865121,6560659350,423023151,415213895,3511024315,3736215988,3152324279,2538502718,1043293204,004.00%←,05.22%,09.46%,13.25%,14.25%,07.32%,05.96%,08.95%,15.15%,13.30%,07.14%,00.05%,01.74%,05.40%,07.01%,00.05%,01.81%,04.68%,07.71%,012.56%→,005.66%←,012.53%→,007.16%←,002.51%←,005.19%→,002.15%→,001.95%←,002.34%←
kbsyz,droel,xpg_v,_fnm_,hatiu,qc_jw,droelhatiu,28008.576899,05.57%,001.67%←,38.12%,001.05%←,05.90%,17.95%,14.46%,44.62%,59210982543.59,001.40%←,004.76%→,01.72,004.17%→,01.68,01.76,06.02% │ 10.12% │ 12.91% │ 13.79% │ 07.51%,07.04% │ 13.99% │ 12.42% │ 10.35% │ 05.86%,04.76% │ 10.30% │ 16.06% │ 13.67% │ 05.47%,04.78% │ 13.78% │ 16.28% │ 10.42% │ 04.47%,002.75%← │ 002.22%→ │ 003.92%← │ 001.40%→ │ 006.75%←,00.05% │ 04.93% │ 05.20% │ 07.66%,07.91% │ 04.78% │ 04.94% │ 00.05%,002.05%→ │ 001.26%→ │ 007.16%← │ 000.21%→,25.49%,60.44%,14.07%,011.96%→ │ 007.30%← │ 002.75%←,50.35%,49.65%,50.26%,49.74%,29811685552.65,29399296990.94,8681642970,8591367481,6584279631,485439669,477462141,3523725741,3699894281,3099797839,2497726943,1019930250,007.30%←,06.02%,10.12%,12.91%,13.79%,07.51%,05.86%,10.35%,12.42%,13.99%,07.04%,00.05%,04.93%,05.20%,07.66%,00.05%,04.94%,04.78%,07.91%,002.75%←,002.22%→,003.92%←,001.40%→,006.75%←,002.05%→,001.26%→,007.16%←,000.21%→
kbsyz,droel,xpg_v,qfnm_,hatiu,_c_jw,droelhatiu,28007.286440,05.58%,001.40%←,38.12%,001.05%←,05.90%,17.95%,14.46%,44.62%,59209124307.07,001.41%←,004.76%→,01.72,004.17%→,01.68,01.76,06.02% │ 10.12% │ 12.91% │ 13.79% │ 07.51%,07.04% │ 13.99% │ 12.42% │ 10.35% │ 05.85%,04.76% │ 10.30% │ 16.06% │ 13.67% │ 05.47%,04.78% │ 13.78% │ 16.28% │ 10.42% │ 04.47%,002.84%← │ 002.22%→ │ 003.92%← │ 001.40%→ │ 006.72%←,00.05% │ 04.93% │ 05.20% │ 07.66%,07.95% │ 04.78% │ 04.94% │ 00.05%,002.05%→ │ 001.26%→ │ 007.16%← │ 000.70%→,25.65%,60.43%,13.92%,012.95%→ │ 007.32%← │ 005.05%←,50.35%,49.65%,50.26%,49.74%,29811685552.65,29397438754.42,8681642970,8591367481,6584279631,485439669,478717273,3523725741,3699894281,3099797839,2497726943,1019930250,007.32%←,06.02%,10.12%,12.91%,13.79%,07.51%,05.85%,10.35%,12.42%,13.99%,07.04%,00.05%,04.93%,05.20%,07.66%,00.05%,04.94%,04.78%,07.95%,002.84%←,002.22%→,003.92%←,001.40%→,006.72%←,002.05%→,001.26%→,007.16%←,000.70%→
_bmrk,dienl,zjwy_,_usg_,hatoc,xpfqv,dienlhatoc,27955.680938,05.46%,000.51%→,39.07%,001.57%←,05.94%,17.94%,14.96%,45.48%,58148641927.33,001.25%←,005.84%←,01.69,002.89%←,01.72,01.67,04.95% │ 09.34% │ 13.33% │ 15.89% │ 06.80%,07.25% │ 13.70% │ 13.70% │ 09.49% │ 05.55%,03.95% │ 09.44% │ 16.26% │ 15.72% │ 05.01%,04.87% │ 13.20% │ 17.43% │ 09.71% │ 04.41%,010.82%→ │ 001.61%→ │ 002.70%→ │ 016.00%← │ 006.17%→,00.03% │ 02.07% │ 07.87% │ 06.02%,06.91% │ 07.38% │ 02.09% │ 00.03%,000.56%← │ 003.76%→ │ 000.47%→ │ 000.02%→,26.09%,61.29%,12.63%,010.87%← │ 006.42%← │ 034.48%→,50.31%,49.69%,50.39%,49.61%,29255027908.75,28893614018.58,8703727307,8569283144,6747704806,470689234,473101551,3630317207,3429877640,3098554797,2584533576,1025240423,006.42%←,04.95%,09.34%,13.33%,15.89%,06.80%,05.55%,09.49%,13.70%,13.70%,07.25%,00.03%,02.07%,07.87%,06.02%,00.03%,02.09%,07.38%,06.91%,010.82%→,001.61%→,002.70%→,016.00%←,006.17%→,000.56%←,003.76%→,000.47%→,000.02%→
_pmrx,dienl,zjw_b,_ysg_,hatoc,kufqv,dienlhatoc,27776.803444,04.48%,000.77%→,39.43%,001.11%←,06.42%,18.23%,15.12%,45.33%,58157594826.70,001.76%←,008.18%←,01.68,004.71%←,01.72,01.64,04.94% │ 10.00% │ 13.46% │ 13.43% │ 08.60%,08.16% │ 12.62% │ 13.77% │ 09.50% │ 05.51%,03.95% │ 09.96% │ 16.26% │ 14.02% │ 06.08%,05.43% │ 12.75% │ 17.43% │ 09.71% │ 04.41%,010.29%→ │ 005.34%← │ 002.29%→ │ 006.45%← │ 005.30%←,00.03% │ 02.11% │ 07.87% │ 03.67%,04.16% │ 07.38% │ 02.09% │ 00.03%,000.56%← │ 003.45%← │ 000.47%→ │ 002.41%→,24.63%,61.02%,14.35%,024.30%← │ 009.22%← │ 047.60%→,50.44%,49.56%,50.28%,49.72%,29332614744.74,28824980081.96,8684332030,8588678421,6810981140,385024138,388006421,3635941657,3360976856,3149162690,2610928471,1109516167,009.22%←,04.94%,10.00%,13.46%,13.43%,08.60%,05.51%,09.50%,13.77%,12.62%,08.16%,00.03%,02.11%,07.87%,03.67%,00.03%,02.09%,07.38%,04.16%,010.29%→,005.34%←,002.29%→,006.45%←,005.30%←,000.56%←,003.45%←,000.47%→,002.41%→
_mupz,hrets,_vgkx,bwof_,dnial,jcyq_,hretsdnial,27690.291727,03.35%,005.44%→,35.79%,000.58%←,06.58%,19.34%,17.57%,47.60%,58120843743.25,000.59%←,001.80%→,01.79,001.87%→,01.77,01.81,05.69% │ 09.94% │ 14.81% │ 10.67% │ 09.03%,08.21% │ 10.92% │ 15.18% │ 10.18% │ 05.35%,04.68% │ 10.21% │ 16.80% │ 11.69% │ 06.77%,05.67% │ 12.51% │ 16.85% │ 10.56% │ 04.27%,006.36%← │ 002.34%→ │ 002.46%→ │ 002.32%→ │ 009.98%←,00.00% │ 01.97% │ 05.73% │ 02.52%,02.59% │ 06.14% │ 02.05% │ 00.00%,000.00%· │ 007.16%→ │ 006.96%→ │ 001.32%→,24.39%,63.81%,11.80%,042.90%→ │ 032.08%← │ 027.28%→,50.15%,49.85%,50.14%,49.86%,29146212931.03,28974630812.22,8661346621,8611663830,6181645807,281498233,297695622,3778508875,3847744971,3341007043,3034844234,1136433654,032.08%←,05.69%,09.94%,14.81%,10.67%,09.03%,05.35%,10.18%,15.18%,10.92%,08.21%,00.00%,01.97%,05.73%,02.52%,00.00%,02.05%,06.14%,02.59%,006.36%←,002.34%→,002.46%→,002.32%→,009.98%←,000.00%·,007.16%→,006.96%→,001.32%→
_mupz,hrets,_vgkx,wbof_,dnial,jcyq_,hretsdnial,27648.248250,03.35%,005.44%→,35.79%,000.58%←,06.58%,19.34%,17.57%,47.60%,58216961638.42,000.26%←,001.80%→,01.79,001.87%→,01.77,01.81,05.68% │ 09.93% │ 14.78% │ 10.65% │ 09.01%,08.27% │ 10.95% │ 15.18% │ 10.24% │ 05.30%,04.68% │ 10.21% │ 16.80% │ 11.69% │ 06.77%,05.74% │ 12.44% │ 16.85% │ 10.56% │ 04.27%,007.25%← │ 003.03%→ │ 002.59%→ │ 002.72%→ │ 009.04%←,00.00% │ 01.97% │ 05.73% │ 02.52%,02.59% │ 06.14% │ 02.05% │ 00.00%,000.00%· │ 007.16%→ │ 006.96%→ │ 001.32%→,24.46%,63.80%,11.74%,043.29%→ │ 031.63%← │ 026.91%→,50.06%,49.94%,50.14%,49.86%,29146212931.03,29070748707.39,8661346621,8611663830,6181645807,281498233,297695622,3778508875,3847744971,3341007043,3034844234,1136433654,031.63%←,05.68%,09.93%,14.78%,10.65%,09.01%,05.30%,10.24%,15.18%,10.95%,08.27%,00.00%,01.97%,05.73%,02.52%,00.00%,02.05%,06.14%,02.59%,007.25%←,003.03%→,002.59%→,002.72%→,009.04%←,000.00%·,007.16%→,006.96%→,001.32%→
_ynux,potah,wqfm_,kgrb_,desil,jvc_z,potahdesil,27561.096130,05.36%,001.51%→,38.49%,000.79%←,06.15%,17.47%,14.77%,45.81%,58339901477.33,002.12%←,000.66%←,01.71,000.09%→,01.71,01.71,05.17% │ 09.06% │ 14.79% │ 14.53% │ 06.97%,06.81% │ 14.84% │ 13.66% │ 08.84% │ 05.33%,03.84% │ 09.36% │ 18.47% │ 13.65% │ 04.87%,04.80% │ 15.10% │ 16.30% │ 09.21% │ 04.40%,003.03%→ │ 002.56%← │ 008.28%← │ 002.08%→ │ 002.40%←,00.05% │ 01.74% │ 05.17% │ 08.32%,07.94% │ 05.85% │ 01.81% │ 00.05%,000.49%→ │ 002.15%→ │ 000.05%← │ 002.39%→,25.88%,59.26%,14.86%,015.39%← │ 011.00%→ │ 043.38%←,50.53%,49.47%,50.20%,49.80%,29476254004.66,28863647472.67,8670328674,8602681777,6648056415,459561586,466600799,3591745797,3568097441,3017390057,2550506292,1062820989,011.00%→,05.17%,09.06%,14.79%,14.53%,06.97%,05.33%,08.84%,13.66%,14.84%,06.81%,00.05%,01.74%,05.17%,08.32%,00.05%,01.81%,05.85%,07.94%,003.03%→,002.56%←,008.28%←,002.08%→,002.40%←,000.49%→,002.15%→,000.05%←,002.39%→
_ynu_,potah,wxfm_,kgrb_,desil,jvcqz,potahdesil,27536.519420,05.35%,002.46%→,38.54%,000.39%←,06.16%,17.42%,14.79%,45.91%,58250683520.55,001.27%←,000.09%→,01.71,000.34%→,01.70,01.71,05.18% │ 09.20% │ 14.80% │ 14.46% │ 06.68%,06.82% │ 14.86% │ 13.68% │ 08.98% │ 05.34%,03.84% │ 09.46% │ 18.47% │ 13.65% │ 04.68%,04.80% │ 15.10% │ 16.30% │ 09.31% │ 04.40%,003.00%→ │ 002.37%← │ 008.16%← │ 002.71%→ │ 002.02%→,00.05% │ 01.93% │ 05.17% │ 08.21%,07.94% │ 05.85% │ 01.88% │ 00.05%,000.49%→ │ 004.26%← │ 000.05%← │ 004.72%→,25.54%,59.33%,15.13%,012.22%← │ 011.08%→ │ 042.23%←,50.31%,49.69%,50.10%,49.90%,29308467554.56,28942215965.99,8653193879,8619816572,6656668797,456599204,468098693,3573961674,3577269182,3008501513,2553937684,1064252520,011.08%→,05.18%,09.20%,14.80%,14.46%,06.68%,05.34%,08.98%,13.68%,14.86%,06.82%,00.05%,01.93%,05.17%,08.21%,00.05%,01.88%,05.85%,07.94%,003.00%→,002.37%←,008.16%←,002.71%→,002.02%→,000.49%→,004.26%←,000.05%←,004.72%→
_frkw,danec,_qpgj,xmsv_,hiotl,zuby_,danechiotl,27535.760699,04.64%,001.01%←,38.43%,002.26%←,06.67%,17.86%,16.20%,47.56%,57174855682.65,001.91%→,002.04%←,01.71,000.16%→,01.71,01.71,04.68% │ 10.37% │ 13.18% │ 13.86% │ 07.43%,07.34% │ 13.86% │ 13.16% │ 10.98% │ 05.14%,03.82% │ 10.56% │ 16.16% │ 14.77% │ 05.25%,05.00% │ 12.97% │ 15.63% │ 11.58% │ 04.27%,008.95%→ │ 005.51%→ │ 000.15%← │ 000.01%← │ 001.11%←,00.00% │ 02.05% │ 05.61% │ 06.04%,06.74% │ 05.67% │ 01.81% │ 00.00%,000.00%· │ 003.10%← │ 002.27%← │ 000.28%→,25.19%,61.22%,13.60%,015.87%← │ 000.05%→ │ 034.12%→,49.52%,50.48%,50.56%,49.44%,28312289562.61,28862566120.04,8733160509,8539849942,6637948000,402640617,398625085,3621130297,3548821356,3084990579,2797446008,1151471932,000.05%→,04.68%,10.37%,13.18%,13.86%,07.43%,05.14%,10.98%,13.16%,13.86%,07.34%,00.00%,02.05%,05.61%,06.04%,00.00%,01.81%,05.67%,06.74%,008.95%→,005.51%→,000.15%←,000.01%←,001.11%←,000.00%·,003.10%←,002.27%←,000.28%→
_frkw,danec,_qpgj,zmsv_,hiotl,xuby_,danechiotl,27534.236183,04.64%,001.15%←,38.43%,002.26%←,06.67%,17.86%,16.20%,47.56%,57175811962.24,001.91%→,002.04%←,01.71,000.16%→,01.71,01.71,04.68% │ 10.37% │ 13.18% │ 13.86% │ 07.43%,07.35% │ 13.86% │ 13.16% │ 10.97% │ 05.14%,03.82% │ 10.56% │ 16.16% │ 14.77% │ 05.25%,05.00% │ 12.97% │ 15.63% │ 11.58% │ 04.27%,008.95%→ │ 005.49%→ │ 000.15%← │ 000.01%← │ 001.07%←,00.00% │ 02.05% │ 05.61% │ 06.04%,06.72% │ 05.67% │ 01.81% │ 00.00%,000.00%· │ 003.10%← │ 002.27%← │ 000.01%→,25.11%,61.21%,13.68%,016.60%← │ 000.05%→ │ 034.73%→,49.52%,50.48%,50.56%,49.44%,28312289562.61,28863522399.63,8733160509,8539849942,6637948000,402640617,398052067,3621130297,3548821356,3084990579,2797446008,1151471932,000.05%→,04.68%,10.37%,13.18%,13.86%,07.43%,05.14%,10.97%,13.16%,13.86%,07.35%,00.00%,02.05%,05.61%,06.04%,00.00%,01.81%,05.67%,06.72%,008.95%→,005.49%→,000.15%←,000.01%←,001.07%←,000.00%·,003.10%←,002.27%←,000.01%→
_vsmx,ltoih,_ybuz,wkrf_,cenad,jgpq_,ltoihcenad,27517.550452,04.64%,001.00%→,38.43%,002.21%→,06.67%,17.86%,16.20%,47.56%,57174855682.65,001.94%←,002.00%→,01.71,000.16%←,01.71,01.71,05.14% │ 10.98% │ 13.16% │ 13.86% │ 07.34%,07.43% │ 13.86% │ 13.18% │ 10.37% │ 04.68%,04.27% │ 11.58% │ 15.63% │ 12.97% │ 05.00%,05.25% │ 14.77% │ 16.16% │ 10.56% │ 03.82%,009.83%← │ 005.83%← │ 000.15%→ │ 000.01%→ │ 001.10%→,00.00% │ 01.81% │ 05.67% │ 06.74%,06.04% │ 05.61% │ 02.05% │ 00.00%,000.00%· │ 003.00%→ │ 002.22%→ │ 000.28%←,25.19%,61.22%,13.60%,013.70%→ │ 000.05%← │ 051.79%←,50.48%,49.52%,49.44%,50.56%,28862566120.04,28312289562.61,8539849942,8733160509,6637948000,398625085,402640617,3548821356,3621130297,3084990579,2797446008,1151471932,000.05%←,05.14%,10.98%,13.16%,13.86%,07.34%,04.68%,10.37%,13.18%,13.86%,07.43%,00.00%,01.81%,05.67%,06.74%,00.00%,02.05%,05.61%,06.04%,009.83%←,005.83%←,000.15%→,000.01%→,001.10%→,000.00%·,003.00%→,002.22%→,000.28%←
_vsmz,ltoih,_ybux,wkrf_,cenad,jgpq_,ltoihcenad,27516.067133,04.64%,001.14%→,38.43%,002.21%→,06.67%,17.86%,16.20%,47.56%,57175811962.24,001.95%←,002.00%→,01.71,000.16%←,01.71,01.71,05.14% │ 10.97% │ 13.16% │ 13.86% │ 07.35%,07.43% │ 13.86% │ 13.18% │ 10.37% │ 04.68%,04.27% │ 11.58% │ 15.63% │ 12.97% │ 05.00%,05.25% │ 14.77% │ 16.16% │ 10.56% │ 03.82%,009.83%← │ 005.81%← │ 000.15%→ │ 000.01%→ │ 001.05%→,00.00% │ 01.81% │ 05.67% │ 06.72%,06.04% │ 05.61% │ 02.05% │ 00.00%,000.00%· │ 003.00%→ │ 002.22%→ │ 000.01%←,25.11%,61.21%,13.68%,014.24%→ │ 000.05%← │ 053.21%←,50.48%,49.52%,49.44%,50.56%,28863522399.63,28312289562.61,8539849942,8733160509,6637948000,398052067,402640617,3548821356,3621130297,3084990579,2797446008,1151471932,000.05%←,05.14%,10.97%,13.16%,13.86%,07.35%,04.68%,10.37%,13.18%,13.86%,07.43%,00.00%,01.81%,05.67%,06.72%,00.00%,02.05%,05.61%,06.04%,009.83%←,005.81%←,000.15%→,000.01%→,001.05%→,000.00%·,003.00%→,002.22%→,000.01%←
_wugp,hretd,_yvmz,qbof_,snial,xckj_,hretdsnial,26763.138362,03.64%,000.33%←,37.81%,000.09%→,06.68%,18.75%,17.55%,48.35%,57118725832.58,001.13%←,007.66%→,01.73,005.57%→,01.68,01.78,05.79% │ 10.06% │ 14.02% │ 11.66% │ 08.74%,09.24% │ 11.21% │ 13.64% │ 10.21% │ 05.41%,04.68% │ 09.92% │ 15.83% │ 13.45% │ 06.10%,06.74% │ 12.44% │ 15.89% │ 10.69% │ 04.27%,007.19%← │ 001.47%→ │ 002.77%← │ 004.05%← │ 005.50%→,00.00% │ 02.71% │ 06.30% │ 02.84%,02.86% │ 06.28% │ 02.52% │ 00.00%,000.00%· │ 000.03%← │ 000.04%→ │ 001.17%←,23.99%,63.39%,12.62%,019.04%→ │ 006.36%← │ 019.72%←,50.28%,49.72%,49.98%,50.02%,28719768200.67,28398957631.91,8632572357,8640438094,6530440960,314765077,313716818,3493816315,3783642378,3237993543,3031293015,1153499425,006.36%←,05.79%,10.06%,14.02%,11.66%,08.74%,05.41%,10.21%,13.64%,11.21%,09.24%,00.00%,02.71%,06.30%,02.84%,00.00%,02.52%,06.28%,02.86%,007.19%←,001.47%→,002.77%←,004.05%←,005.50%→,000.00%·,000.03%←,000.04%→,001.17%←
_wugp,hretd,_yvmz,xbof_,snial,qckj_,hretdsnial,26760.811132,03.66%,000.61%→,37.81%,000.09%→,06.68%,18.75%,17.55%,48.35%,57120881852.02,001.12%←,007.66%→,01.73,005.57%→,01.68,01.78,05.79% │ 10.06% │ 14.02% │ 11.66% │ 08.74%,09.24% │ 11.22% │ 13.65% │ 10.21% │ 05.41%,04.68% │ 09.92% │ 15.83% │ 13.45% │ 06.10%,06.74% │ 12.44% │ 15.89% │ 10.69% │ 04.27%,007.19%← │ 001.48%→ │ 002.75%← │ 003.98%← │ 005.45%→,00.00% │ 02.71% │ 06.30% │ 02.84%,02.95% │ 06.28% │ 02.52% │ 00.00%,000.00%· │ 000.03%← │ 000.04%→ │ 001.90%→,24.13%,63.40%,12.48%,019.88%→ │ 006.34%← │ 022.69%←,50.28%,49.72%,49.98%,50.02%,28719768200.67,28401113651.35,8632572357,8640438094,6530440960,314765077,316688960,3493816315,3783642378,3237993543,3031293015,1153499425,006.34%←,05.79%,10.06%,14.02%,11.66%,08.74%,05.41%,10.21%,13.65%,11.22%,09.24%,00.00%,02.71%,06.30%,02.84%,00.00%,02.52%,06.28%,02.95%,007.19%←,001.48%→,002.75%←,003.98%←,005.45%→,000.00%·,000.03%←,000.04%→,001.90%→
_krcv,lnied,zyb__,qusg_,hatop,jmfxw,lniedhatop,25469.787123,06.47%,000.74%←,37.69%,001.08%←,05.33%,16.84%,14.97%,47.05%,58952533986.71,000.94%←,010.37%←,01.73,006.64%←,01.79,01.68,05.22% │ 09.20% │ 13.09% │ 15.37% │ 07.34%,07.34% │ 14.54% │ 13.32% │ 09.41% │ 05.16%,04.40% │ 09.94% │ 15.74% │ 15.30% │ 04.90%,05.01% │ 13.65% │ 17.43% │ 09.80% │ 03.84%,001.24%← │ 002.30%→ │ 001.68%→ │ 005.75%← │ 000.07%←,00.05% │ 02.16% │ 08.54% │ 08.34%,09.18% │ 07.38% │ 02.23% │ 00.05%,000.50%← │ 001.88%→ │ 004.47%← │ 001.72%→,25.76%,60.55%,13.69%,006.21%← │ 014.88%← │ 049.51%→,50.23%,49.77%,50.27%,49.73%,29613430077.75,29339103908.96,8683006965,8590003486,6510510812,560447758,556322983,3828558486,3468830355,2908840234,2585080957,921013402,014.88%←,05.22%,09.20%,13.09%,15.37%,07.34%,05.16%,09.41%,13.32%,14.54%,07.34%,00.05%,02.16%,08.54%,08.34%,00.05%,02.23%,07.38%,09.18%,001.24%←,002.30%→,001.68%→,005.75%←,000.07%←,000.50%←,001.88%→,004.47%←,001.72%→
_yrc_,lnied,zkb_v,qusg_,hatop,jmfxw,lniedhatop,25462.033818,06.47%,000.82%←,37.69%,001.08%←,05.33%,16.84%,14.97%,47.05%,58961526427.68,000.97%←,010.37%←,01.73,006.64%←,01.79,01.68,05.22% │ 09.25% │ 13.05% │ 15.43% │ 07.28%,07.34% │ 14.53% │ 13.32% │ 09.41% │ 05.16%,04.40% │ 09.94% │ 15.74% │ 15.30% │ 04.90%,05.01% │ 13.65% │ 17.43% │ 09.80% │ 03.84%,001.23%← │ 001.68%→ │ 001.99%→ │ 006.15%← │ 000.74%→,00.05% │ 02.16% │ 08.54% │ 08.35%,09.18% │ 07.38% │ 02.23% │ 00.05%,000.50%← │ 001.88%→ │ 004.47%← │ 001.58%→,25.42%,60.56%,14.02%,003.51%← │ 014.94%← │ 045.85%→,50.24%,49.76%,50.27%,49.73%,29622422518.72,29339103908.96,8683006965,8590003486,6510510812,560862018,556322983,3828558486,3468830355,2908840234,2585080957,921013402,014.94%←,05.22%,09.25%,13.05%,15.43%,07.28%,05.16%,09.41%,13.32%,14.53%,07.34%,00.05%,02.16%,08.54%,08.35%,00.05%,02.23%,07.38%,09.18%,001.23%←,001.68%→,001.99%→,006.15%←,000.74%→,000.50%←,001.88%→,004.47%←,001.58%→
_fsuq,ctoah,vjym_,xrgp_,liend,k_bwz,ctoahliend,25276.797013,04.95%,002.55%←,38.22%,000.96%→,05.72%,17.06%,16.31%,48.88%,59182963865.41,000.98%→,006.54%→,01.72,004.07%→,01.68,01.75,05.44% │ 10.11% │ 13.10% │ 14.14% │ 06.96%,07.18% │ 15.06% │ 12.75% │ 10.28% │ 04.98%,04.41% │ 11.21% │ 15.71% │ 13.65% │ 04.78%,05.20% │ 14.12% │ 15.64% │ 11.33% │ 03.95%,009.23%← │ 001.65%→ │ 002.75%← │ 006.09%→ │ 003.00%→,00.03% │ 00.72% │ 05.78% │ 08.22%,07.41% │ 05.90% │ 00.76% │ 00.03%,000.56%→ │ 005.99%→ │ 001.59%→ │ 005.73%←,25.66%,61.94%,12.40%,002.84%→ │ 006.16%→ │ 034.99%←,49.75%,50.25%,49.76%,50.24%,29445822716.83,29737141148.58,8595017890,8677992561,6602213286,432686031,421944201,3480959712,3724726655,2946090133,2817135874,987969873,006.16%→,05.44%,10.11%,13.10%,14.14%,06.96%,04.98%,10.28%,12.75%,15.06%,07.18%,00.03%,00.72%,05.78%,08.22%,00.03%,00.76%,05.90%,07.41%,009.23%←,001.65%→,002.75%←,006.09%→,003.00%→,000.56%→,005.99%→,001.59%→,005.73%←
_fsuq,ctoah,vjym_,xrbp_,liend,k_gwz,ctoahliend,25178.131195,04.95%,002.55%←,38.22%,000.96%→,05.72%,17.06%,16.31%,48.88%,59337370907.61,001.49%→,006.54%→,01.72,004.07%→,01.68,01.75,05.43% │ 10.08% │ 13.07% │ 14.10% │ 06.94%,07.15% │ 15.07% │ 12.92% │ 10.27% │ 04.97%,04.41% │ 11.21% │ 15.71% │ 13.65% │ 04.78%,05.20% │ 14.12% │ 15.64% │ 11.33% │ 03.95%,009.21%← │ 001.82%→ │ 001.12%← │ 006.41%→ │ 002.82%→,00.03% │ 00.72% │ 05.78% │ 08.22%,07.41% │ 05.90% │ 00.76% │ 00.03%,000.56%→ │ 005.99%→ │ 001.59%→ │ 005.73%←,24.87%,61.78%,13.35%,002.85%← │ 006.16%→ │ 013.80%←,49.62%,50.38%,49.76%,50.24%,29445822716.83,29891548190.78,8595017890,8677992561,6602213286,432686031,421944201,3480959712,3724726655,2946090133,2817135874,987969873,006.16%→,05.43%,10.08%,13.07%,14.10%,06.94%,04.97%,10.27%,12.92%,15.07%,07.15%,00.03%,00.72%,05.78%,08.22%,00.03%,00.76%,05.90%,07.41%,009.21%←,001.82%→,001.12%←,006.41%→,002.82%→,000.56%→,005.99%→,001.59%→,005.73%←
