keys_1,keys_2,keys_3,keys_4,keys_5,keys_6,name,fitness,row_switch_ratio,row_switch_imbalance,hand_switch_ratio,hands_imbalance,effort,efforts_imbalance,roll_imbalance,mean_streak,streak_imbalance,left_streak,right_streak,left_column_effort_ratio,right_column_effort_ratio,left_column_press_ratio,right_column_press_ratio,column_balance,row_effort_ratio,row_balance,left_effort_ratio,right_effort_ratio,left_count_ratio,right_count_ratio,left_effort,right_effort,left_count,right_count,hand_switches,left_row_switch_cost,right_row_switch_cost,left_rolls,right_rolls
qmuxv,rhetc,_bzly,wfopj,dians,kg___,rhetcdians,1184.391145,16.78%,→001.05%,37.66%,→000.91%,58540758942.64,←001.40%,←001.81%,1.73,←002.00%,1.75,1.72,07.99% │ 09.31% │ 12.37% │ 11.81% │ 08.87%,08.96% │ 11.55% │ 11.93% │ 09.23% │ 07.98%,06.63% │ 08.90% │ 14.88% │ 13.25% │ 06.11%,06.26% │ 11.82% │ 15.83% │ 09.64% │ 06.68%,←000.16% │ ←000.79% │ ←003.66% │ ←002.25% │ →001.00%,23.99% │ 62.05% │ 13.97%,→046.78% │ ←004.53% │ ←181.37%,50.35%,49.65%,49.77%,50.23%,29473358501.58,29067400441.06,8597016957,8675993496,6505591064,1441549167,1456907940,3683846364,3618462227
zmuqv,rhetc,_bxly,wfopj,dians,kg___,rhetcdians,1183.655524,16.79%,→000.93%,37.66%,→000.91%,58519731982.80,←001.32%,←001.81%,1.73,←002.00%,1.75,1.72,08.03% │ 09.31% │ 12.43% │ 11.67% │ 08.88%,08.97% │ 11.55% │ 11.93% │ 09.24% │ 07.98%,06.66% │ 08.90% │ 14.94% │ 13.16% │ 06.11%,06.26% │ 11.82% │ 15.83% │ 09.64% │ 06.68%,←000.67% │ ←000.82% │ ←004.18% │ ←001.03% │ →001.00%,23.84% │ 62.08% │ 14.08%,→047.79% │ ←004.58% │ ←184.32%,50.33%,49.67%,49.77%,50.23%,29452331541.74,29067400441.06,8597016957,8675993496,6505591064,1443358499,1456907940,3683846364,3618462227
qmuxv,rhetc,_bzly,wpofj,dians,kg___,rhetcdians,1183.524329,16.78%,→001.05%,37.66%,→000.91%,58638932642.44,←001.06%,←001.81%,1.73,←002.00%,1.75,1.72,07.98% │ 09.29% │ 12.35% │ 11.79% │ 08.86%,08.95% │ 11.55% │ 11.93% │ 09.35% │ 07.96%,06.63% │ 08.90% │ 14.88% │ 13.25% │ 06.11%,06.26% │ 11.78% │ 15.83% │ 09.68% │ 06.68%,←000.22% │ →000.60% │ ←003.47% │ ←002.07% │ →001.00%,24.17% │ 61.89% │ 13.94%,→047.52% │ ←004.71% │ ←181.37%,50.26%,49.74%,49.77%,50.23%,29473358501.58,29165574140.86,8597016957,8675993496,6505591064,1441549167,1456907940,3683846364,3618462227
qmuxv,rhetc,_bzly,wfopj,dains,kg___,rhetcdains,1181.434016,16.78%,→001.05%,37.66%,→000.91%,58761745979.02,←000.63%,←001.81%,1.73,←002.00%,1.75,1.72,07.96% │ 09.27% │ 12.32% │ 11.76% │ 08.84%,08.96% │ 11.62% │ 12.11% │ 09.19% │ 07.96%,06.63% │ 08.90% │ 14.88% │ 13.25% │ 06.11%,06.26% │ 12.51% │ 15.15% │ 09.64% │ 06.68%,←000.02% │ ←000.88% │ ←001.72% │ ←001.26% │ →001.38%,24.03% │ 62.05% │ 13.91%,→047.24% │ ←003.71% │ ←181.47%,50.16%,49.84%,49.77%,50.23%,29473358501.58,29288387477.44,8597016957,8675993496,6505591064,1441549167,1456907940,3683846364,3618462227
qmujv,rhetc,_bxly,wfopz,dains,kg___,rhetcdains,1181.159646,16.81%,→001.49%,37.65%,→000.51%,58703024380.87,←001.23%,←002.11%,1.73,←001.92%,1.75,1.72,07.97% │ 09.28% │ 12.44% │ 11.77% │ 08.85%,08.97% │ 11.60% │ 12.09% │ 09.20% │ 07.83%,06.63% │ 08.90% │ 14.94% │ 13.29% │ 06.11%,06.26% │ 12.51% │ 15.15% │ 09.64% │ 06.58%,←001.78% │ ←000.86% │ ←002.91% │ ←001.44% │ →001.42%,23.89% │ 62.08% │ 14.03%,→046.51% │ ←003.67% │ ←184.25%,50.30%,49.70%,49.87%,50.13%,29530470822.63,29172553558.24,8614541825,8658468628,6503085231,1440510627,1462243276,3690525345,3614289079
zmuqv,rhetc,_bxly,wfopj,dains,kg___,rhetcdains,1180.811285,16.79%,→000.93%,37.66%,→000.91%,58740719019.18,←000.56%,←001.81%,1.73,←002.00%,1.75,1.72,08.00% │ 09.28% │ 12.39% │ 11.63% │ 08.84%,08.97% │ 11.62% │ 12.12% │ 09.19% │ 07.96%,06.66% │ 08.90% │ 14.94% │ 13.16% │ 06.11%,06.26% │ 12.51% │ 15.15% │ 09.64% │ 06.68%,←000.53% │ ←000.91% │ ←002.23% │ ←000.05% │ →001.38%,23.88% │ 62.09% │ 14.03%,→048.25% │ ←003.76% │ ←184.42%,50.14%,49.86%,49.77%,50.23%,29452331541.74,29288387477.44,8597016957,8675993496,6505591064,1443358499,1456907940,3683846364,3618462227
qmujv,rhetc,_bxly,wfopz,dinas,kg___,rhetcdinas,1179.280703,16.81%,→001.49%,37.65%,→000.51%,58881501918.04,←000.61%,←002.11%,1.73,←001.92%,1.75,1.72,07.94% │ 09.25% │ 12.40% │ 11.74% │ 08.82%,08.88% │ 11.35% │ 12.19% │ 09.60% │ 07.81%,06.63% │ 08.90% │ 14.94% │ 13.29% │ 06.11%,06.26% │ 11.82% │ 15.05% │ 10.42% │ 06.58%,←001.66% │ →003.68% │ ←001.72% │ ←003.38% │ →000.73%,23.74% │ 62.38% │ 13.88%,→046.27% │ ←002.05% │ ←193.11%,50.15%,49.85%,49.87%,50.13%,29530470822.63,29351031095.41,8614541825,8658468628,6503085231,1440510627,1462243276,3690525345,3614289079
zmuqv,rhetc,_bjly,wfopx,dinas,kg___,rhetcdinas,1178.828687,16.75%,→001.06%,37.78%,→000.76%,58903659441.78,←000.29%,←001.57%,1.73,←001.70%,1.74,1.71,07.98% │ 09.25% │ 12.45% │ 11.58% │ 08.81%,08.88% │ 11.36% │ 12.18% │ 09.62% │ 07.89%,06.66% │ 08.90% │ 14.98% │ 13.16% │ 06.11%,06.26% │ 11.82% │ 15.05% │ 10.42% │ 06.64%,←001.16% │ →003.84% │ ←002.24% │ ←001.93% │ →000.79%,23.75% │ 62.38% │ 13.88%,→047.27% │ ←002.18% │ ←193.29%,50.07%,49.93%,49.81%,50.19%,29494298842.19,29409360599.59,8603658532,8669351921,6524966131,1438842047,1454328612,3669774162,3613159362
qmuxv,rhetc,_bzly,wfopj,dinas,kg___,rhetcdinas,1178.801935,16.78%,→001.05%,37.66%,→000.91%,58946157634.45,←000.00%,←001.81%,1.73,←002.00%,1.75,1.72,07.93% │ 09.24% │ 12.28% │ 11.73% │ 08.81%,08.87% │ 11.33% │ 12.23% │ 09.62% │ 07.94%,06.63% │ 08.90% │ 14.88% │ 13.25% │ 06.11%,06.26% │ 11.82% │ 15.05% │ 10.42% │ 06.68%,→000.11% │ →003.94% │ ←000.44% │ ←003.51% │ →000.70%,23.89% │ 62.35% │ 13.76%,→047.01% │ ←002.06% │ ←190.24%,50.00%,50.00%,49.77%,50.23%,29473358501.58,29472799132.87,8597016957,8675993496,6505591064,1441549167,1456907940,3683846364,3618462227
qmujv,rhetc,_bxly,wfopz,danis,kg___,rhetcdanis,1177.368041,16.81%,→001.49%,37.65%,→000.51%,58929110508.31,←000.45%,←002.11%,1.73,←001.92%,1.75,1.72,07.94% │ 09.24% │ 12.39% │ 11.73% │ 08.81%,08.89% │ 11.41% │ 12.42% │ 09.34% │ 07.83%,06.63% │ 08.90% │ 14.94% │ 13.29% │ 06.11%,06.26% │ 12.51% │ 15.05% │ 09.73% │ 06.58%,←001.42% │ →001.07% │ →000.19% │ ←002.76% │ →000.88%,23.81% │ 62.33% │ 13.86%,→046.56% │ ←002.04% │ ←193.68%,50.11%,49.89%,49.87%,50.13%,29530470822.63,29398639685.68,8614541825,8658468628,6503085231,1440510627,1462243276,3690525345,3614289079
qmuxv,rhetc,_bzly,wfopj,danis,kg___,rhetcdanis,1177.010683,16.78%,→001.05%,37.66%,→000.91%,58989141295.46,→000.14%,←001.81%,1.73,←002.00%,1.75,1.72,07.93% │ 09.24% │ 12.27% │ 11.72% │ 08.81%,08.88% │ 11.42% │ 12.45% │ 09.32% │ 07.95%,06.63% │ 08.90% │ 14.88% │ 13.25% │ 06.11%,06.26% │ 12.51% │ 15.05% │ 09.73% │ 06.68%,→000.32% │ →000.92% │ →001.44% │ ←002.57% │ →000.84%,23.96% │ 62.30% │ 13.74%,→047.29% │ ←002.07% │ ←190.82%,49.96%,50.04%,49.77%,50.23%,29473358501.58,29515782793.88,8597016957,8675993496,6505591064,1441549167,1456907940,3683846364,3618462227
zmuqv,rhetc,_bjly,wfopx,danis,kg___,rhetcdanis,1176.918744,16.75%,→001.06%,37.78%,→000.76%,58952822864.98,←000.12%,←001.57%,1.73,←001.70%,1.74,1.71,07.98% │ 09.24% │ 12.44% │ 11.57% │ 08.80%,08.89% │ 11.40% │ 12.40% │ 09.38% │ 07.90%,06.66% │ 08.90% │ 14.98% │ 13.16% │ 06.11%,06.26% │ 12.51% │ 15.05% │ 09.73% │ 06.64%,←000.94% │ →001.50% │ ←000.32% │ ←001.49% │ →000.93%,23.81% │ 62.33% │ 13.86%,→047.55% │ ←002.16% │ ←193.87%,50.03%,49.97%,49.81%,50.19%,29494298842.19,29458524022.79,8603658532,8669351921,6524966131,1438842047,1454328612,3669774162,3613159362
zqupg,rtehc,_yjlv,wmofx,dians,kb___,rtehcdians,1174.760999,16.51%,→002.00%,38.01%,→000.86%,58790073877.15,←000.07%,←001.39%,1.72,←001.63%,1.74,1.71,08.25% │ 09.25% │ 11.55% │ 12.08% │ 08.88%,08.92% │ 11.76% │ 12.11% │ 09.30% │ 07.89%,06.66% │ 10.60% │ 14.98% │ 11.09% │ 06.46%,06.26% │ 11.81% │ 15.83% │ 09.68% │ 06.64%,←004.57% │ →000.47% │ →004.62% │ ←002.73% │ →000.46%,25.12% │ 62.21% │ 12.67%,→045.96% │ ←003.75% │ ←203.26%,50.02%,49.98%,49.78%,50.22%,29405940192.18,29384133684.97,8599093731,8673916722,6565121773,1411909292,1440657863,3646323100,3596454782
zjupg,rtehc,_yqlv,wmofx,dians,kb___,rtehcdians,1174.403116,16.55%,→001.51%,38.01%,→000.86%,58800646970.45,←000.11%,←001.39%,1.72,←001.63%,1.74,1.71,08.25% │ 09.38% │ 11.44% │ 12.08% │ 08.88%,08.92% │ 11.76% │ 12.11% │ 09.30% │ 07.89%,06.66% │ 10.73% │ 14.85% │ 11.09% │ 06.46%,06.26% │ 11.81% │ 15.83% │ 09.68% │ 06.64%,←004.57% │ ←000.95% │ →005.56% │ ←002.73% │ →000.46%,25.27% │ 62.19% │ 12.54%,→045.03% │ ←003.74% │ ←199.04%,50.03%,49.97%,49.78%,50.22%,29416513285.48,29384133684.97,8599093731,8673916722,6565121773,1418877668,1440657863,3646323100,3596454782
zgupv,rtehc,_jqly,wmofx,dians,kb___,rtehcdians,1174.286732,16.74%,←000.70%,38.01%,→000.86%,58608746277.63,→000.54%,←001.39%,1.72,←001.63%,1.74,1.71,08.25% │ 09.41% │ 11.50% │ 11.96% │ 08.74%,08.95% │ 11.80% │ 12.15% │ 09.33% │ 07.91%,06.66% │ 11.08% │ 14.85% │ 11.09% │ 06.11%,06.26% │ 11.81% │ 15.83% │ 09.68% │ 06.64%,←004.26% │ ←000.92% │ →005.33% │ ←001.40% │ →002.38%,26.10% │ 62.25% │ 11.65%,→040.46% │ ←003.26% │ ←169.60%,49.86%,50.14%,49.78%,50.22%,29224612592.66,29384133684.97,8599093731,8673916722,6565121773,1450794764,1440657863,3646323100,3596454782
byufq,daenl,_xwck,zprm_,hitos,jgv__,sotihlnead,1172.173536,16.64%,←001.19%,39.93%,←000.66%,56668984548.56,←000.81%,→001.07%,1.67,→001.15%,1.66,1.68,07.64% │ 10.46% │ 12.51% │ 11.94% │ 07.66%,07.49% │ 11.71% │ 12.38% │ 10.54% │ 07.68%,06.45% │ 10.16% │ 16.40% │ 11.78% │ 05.04%,05.11% │ 13.00% │ 16.44% │ 10.17% │ 05.44%,→000.55% │ →000.81% │ ←001.06% │ ←002.01% │ ←002.15%,24.32% │ 63.84% │ 11.84%,→013.51% │ →003.45% │ ←076.78%,50.20%,49.80%,50.16%,49.84%,28448158970.30,28220825578.26,8664895414,8608115039,6897205071,1445288436,1428253926,3436781821,3473912763
ybufq,daenl,_xwck,zgrp_,hitos,jmv__,sotihlnead,1172.007502,16.79%,→000.69%,39.93%,←000.66%,56362678611.44,→000.01%,→001.07%,1.67,→001.15%,1.66,1.68,08.22% │ 09.87% │ 12.24% │ 12.02% │ 07.65%,07.52% │ 12.33% │ 12.38% │ 10.06% │ 07.71%,06.45% │ 09.71% │ 16.40% │ 12.24% │ 05.04%,05.11% │ 13.00% │ 16.44% │ 10.08% │ 05.53%,←006.62% │ →001.88% │ →001.16% │ →002.52% │ ←001.68%,23.49% │ 63.87% │ 12.64%,→008.82% │ →004.59% │ ←051.23%,50.00%,50.00%,50.16%,49.84%,28179329814.73,28183348796.71,8664895414,8608115039,6897205071,1445288436,1455367352,3436781821,3473912763
byufq,daenl,_xwck,jprm_,hitos,zgv__,sotihlnead,1171.946677,16.64%,←001.20%,39.93%,←000.66%,56667570028.79,←000.81%,→001.07%,1.67,→001.15%,1.66,1.68,07.64% │ 10.46% │ 12.51% │ 11.94% │ 07.66%,07.49% │ 11.71% │ 12.38% │ 10.55% │ 07.68%,06.45% │ 10.16% │ 16.40% │ 11.78% │ 05.04%,05.11% │ 13.00% │ 16.44% │ 10.17% │ 05.44%,→000.55% │ →000.86% │ ←001.07% │ ←002.01% │ ←002.26%,24.44% │ 63.85% │ 11.71%,→014.30% │ →003.47% │ ←082.30%,50.20%,49.80%,50.16%,49.84%,28448158970.30,28219411058.49,8664895414,8608115039,6897205071,1445288436,1428154610,3436781821,3473912763
ybufq,daenl,_xwck,zmrp_,hotis,jgv__,sitohlnead,1170.097567,16.64%,←001.19%,39.93%,←000.66%,56529773958.13,→000.60%,→001.07%,1.67,→001.15%,1.66,1.68,08.20% │ 09.84% │ 12.20% │ 11.98% │ 07.62%,07.50% │ 12.32% │ 12.52% │ 10.01% │ 07.80%,06.45% │ 09.73% │ 16.40% │ 12.22% │ 05.04%,05.11% │ 13.00% │ 16.44% │ 10.08% │ 05.53%,←005.12% │ →001.64% │ →002.58% │ →002.73% │ ←001.61%,24.10% │ 64.07% │ 11.83%,→013.59% │ →005.72% │ ←078.67%,49.85%,50.15%,50.16%,49.84%,28179329814.73,28350444143.40,8664895414,8608115039,6897205071,1445288436,1428253926,3436781821,3473912763
ybufq,daenl,_xwck,jmrp_,hotis,zgv__,sitohlnead,1170.075213,16.64%,←001.20%,39.93%,←000.66%,56525116856.05,→000.59%,→001.07%,1.67,→001.15%,1.66,1.68,08.20% │ 09.84% │ 12.20% │ 11.98% │ 07.62%,07.50% │ 12.32% │ 12.52% │ 10.01% │ 07.80%,06.45% │ 09.73% │ 16.40% │ 12.22% │ 05.04%,05.11% │ 13.00% │ 16.44% │ 10.08% │ 05.53%,←005.12% │ →001.63% │ →002.57% │ →002.70% │ ←001.65%,24.23% │ 64.07% │ 11.70%,→014.44% │ →005.70% │ ←084.44%,49.85%,50.15%,50.16%,49.84%,28179329814.73,28345787041.32,8664895414,8608115039,6897205071,1445288436,1428154610,3436781821,3473912763
ybufq,daenl,_xwck,jgrp_,hotis,zmv__,sitohlnead,1169.525842,16.79%,→000.69%,39.93%,←000.66%,56473373589.59,→000.41%,→001.07%,1.67,→001.15%,1.66,1.68,08.21% │ 09.85% │ 12.21% │ 12.00% │ 07.63%,07.49% │ 12.28% │ 12.44% │ 10.08% │ 07.80%,06.45% │ 09.73% │ 16.40% │ 12.22% │ 05.04%,05.11% │ 13.00% │ 16.44% │ 10.08% │ 05.53%,←005.19% │ →002.29% │ →001.82% │ →002.33% │ ←001.81%,23.36% │ 64.07% │ 12.57%,→008.19% │ →005.53% │ ←052.61%,49.90%,50.10%,50.16%,49.84%,28179329814.73,28294043774.86,8664895414,8608115039,6897205071,1445288436,1455260604,3436781821,3473912763
qup__,rhetl,_wgcy,bfomj,dians,kvxz_,snaidltehr,1159.792920,16.72%,←001.88%,38.36%,←000.15%,57951167219.28,←000.63%,→000.51%,1.71,→000.47%,1.71,1.72,08.33% │ 10.13% │ 12.69% │ 10.38% │ 08.63%,09.00% │ 10.53% │ 12.22% │ 10.02% │ 08.06%,06.68% │ 10.22% │ 16.02% │ 10.85% │ 06.19%,05.97% │ 12.12% │ 16.17% │ 09.15% │ 06.63%,←003.26% │ ←001.08% │ ←003.83% │ →001.43% │ →004.16%,22.19% │ 63.49% │ 14.33%,→064.14% │ ←008.31% │ ←272.11%,50.16%,49.84%,50.04%,49.96%,29066728035.09,28884439184.19,8643175452,8629835001,6625315537,1457546969,1430707960,3582199539,3600384579
qup__,rhetl,_wgcy,bfomj,dians,kvzx_,snaidltehr,1159.518877,16.72%,←001.88%,38.36%,←000.15%,57957087136.39,←000.61%,→000.51%,1.71,→000.47%,1.71,1.72,08.33% │ 10.13% │ 12.69% │ 10.38% │ 08.63%,09.00% │ 10.53% │ 12.16% │ 10.09% │ 08.06%,06.68% │ 10.28% │ 15.96% │ 10.85% │ 06.19%,05.97% │ 12.12% │ 16.17% │ 09.15% │ 06.63%,←003.26% │ ←000.39% │ ←004.34% │ →001.44% │ →004.16%,22.19% │ 63.48% │ 14.33%,→064.14% │ ←008.30% │ ←271.31%,50.15%,49.85%,50.04%,49.96%,29066728035.09,28890359101.30,8643175452,8629835001,6625315537,1457546969,1430707960,3582199539,3600384579
qup__,rhetl,_wgcy,bfomx,dians,kvjz_,snaidltehr,1159.263138,16.84%,←000.38%,38.36%,←000.15%,57947809745.83,←000.64%,→000.51%,1.71,→000.47%,1.71,1.72,08.33% │ 10.13% │ 12.69% │ 10.38% │ 08.63%,09.00% │ 10.55% │ 12.27% │ 10.02% │ 08.00%,06.64% │ 10.22% │ 16.06% │ 10.85% │ 06.19%,05.97% │ 12.12% │ 16.17% │ 09.15% │ 06.63%,←004.09% │ ←001.08% │ ←003.42% │ →001.52% │ →004.15%,22.14% │ 63.48% │ 14.38%,→064.04% │ ←008.34% │ ←266.31%,50.16%,49.84%,50.04%,49.96%,29066728035.09,28881081710.74,8643175452,8629835001,6625315537,1457546969,1451986606,3582199539,3600384579
bfowg,drnel,xk___,zycjq,staih,_mupv,hiatslenrd,1158.323462,17.73%,→001.25%,37.45%,←000.50%,59435849791.43,→000.16%,→000.44%,1.74,→000.69%,1.73,1.74,07.51% │ 09.44% │ 11.65% │ 12.40% │ 08.96%,08.74% │ 12.00% │ 12.05% │ 09.82% │ 07.44%,05.86% │ 09.96% │ 14.38% │ 13.10% │ 06.58%,06.32% │ 13.66% │ 15.05% │ 09.46% │ 05.63%,←000.95% │ →003.82% │ →003.27% │ ←003.32% │ ←002.51%,24.41% │ 63.33% │ 12.26%,←191.13% │ →007.14% │ →088.18%,49.96%,50.04%,50.13%,49.87%,29693882364.87,29741967426.56,8658105055,8614905398,6468204505,1521882420,1541201819,3661718100,3677977050
bfowg,drnel,xk___,qycjz,staih,_mupv,hiatslenrd,1158.003562,17.73%,→001.25%,37.45%,←000.50%,59435884684.52,→000.16%,→000.44%,1.74,→000.69%,1.73,1.74,07.51% │ 09.44% │ 11.65% │ 12.40% │ 08.96%,08.67% │ 12.00% │ 12.03% │ 09.82% │ 07.52%,05.89% │ 09.96% │ 14.38% │ 13.10% │ 06.55%,06.32% │ 13.66% │ 15.05% │ 09.46% │ 05.63%,→000.13% │ →003.88% │ →003.14% │ ←003.33% │ ←003.32%,24.42% │ 63.35% │ 12.23%,←190.66% │ →007.19% │ →088.15%,49.96%,50.04%,50.13%,49.87%,29693882364.87,29742002319.65,8658105055,8614905398,6468204505,1521882420,1541201819,3661718100,3677977050
bfowg,drnel,xk___,jyczq,staih,_mupv,hiatslenrd,1157.781790,17.73%,→001.25%,37.45%,←000.50%,59462885237.97,→000.25%,→000.44%,1.74,→000.69%,1.73,1.74,07.51% │ 09.44% │ 11.65% │ 12.39% │ 08.96%,08.85% │ 11.99% │ 12.05% │ 09.73% │ 07.43%,05.86% │ 09.86% │ 14.38% │ 13.10% │ 06.68%,06.32% │ 13.66% │ 15.05% │ 09.46% │ 05.63%,←000.96% │ →003.05% │ →003.36% │ ←003.34% │ ←001.18%,24.44% │ 63.31% │ 12.26%,←189.47% │ →007.15% │ →088.19%,49.94%,50.06%,50.13%,49.87%,29693882364.87,29769002873.10,8658105055,8614905398,6468204505,1521882420,1541201819,3661718100,3677977050
qup__,rhetl,_wgcy,bfomj,dains,kvzx_,sniadltehr,1157.007626,16.72%,←001.88%,38.36%,←000.15%,58159979866.78,→000.09%,→000.51%,1.71,→000.47%,1.71,1.72,08.30% │ 10.09% │ 12.64% │ 10.35% │ 08.60%,09.02% │ 10.50% │ 12.42% │ 10.04% │ 08.05%,06.68% │ 10.28% │ 15.28% │ 11.53% │ 06.19%,05.97% │ 12.12% │ 16.17% │ 09.15% │ 06.63%,←003.12% │ ←000.52% │ ←001.83% │ →001.47% │ →004.67%,22.26% │ 63.48% │ 14.26%,→064.47% │ ←007.53% │ ←273.54%,49.98%,50.02%,50.04%,49.96%,29066728035.09,29093251831.69,8643175452,8629835001,6625315537,1457546969,1430707960,3582199539,3600384579
qup__,rhetl,_wgcy,bfomj,dains,kvxz_,sniadltehr,1156.931963,16.72%,←001.88%,38.36%,←000.15%,58155907255.71,→000.08%,→000.51%,1.71,→000.47%,1.71,1.72,08.30% │ 10.09% │ 12.65% │ 10.35% │ 08.60%,09.02% │ 10.50% │ 12.48% │ 09.97% │ 08.05%,06.68% │ 10.22% │ 15.34% │ 11.53% │ 06.19%,05.97% │ 12.12% │ 16.17% │ 09.15% │ 06.63%,←003.12% │ ←001.24% │ ←001.31% │ →001.48% │ →004.67%,22.26% │ 63.49% │ 14.26%,→064.47% │ ←007.52% │ ←274.67%,49.98%,50.02%,50.04%,49.96%,29066728035.09,29089179220.62,8643175452,8629835001,6625315537,1457546969,1430707960,3582199539,3600384579
bfowg,dnrel,jk___,zycxq,staih,_mupv,hiatslernd,1156.921078,17.75%,→000.70%,37.45%,←000.66%,59329651311.97,→000.32%,→000.68%,1.74,→000.98%,1.73,1.75,07.60% │ 09.72% │ 11.55% │ 11.99% │ 09.06%,08.76% │ 12.03% │ 11.98% │ 09.86% │ 07.45%,05.86% │ 09.93% │ 14.38% │ 13.10% │ 06.58%,06.32% │ 13.66% │ 14.09% │ 10.42% │ 05.67%,←001.93% │ →001.37% │ →003.59% │ →000.37% │ ←003.52%,24.61% │ 63.11% │ 12.27%,←195.33% │ →008.14% │ →087.98%,49.92%,50.08%,50.16%,49.84%,29617855286.12,29711796025.85,8664746630,8608263823,6469043322,1527811863,1538627457,3656914023,3681942310
bfowg,dnrel,jk___,qycxz,staih,_mupv,hiatslernd,1156.388008,17.75%,→000.70%,37.45%,←000.66%,59329683687.34,→000.32%,→000.68%,1.74,→000.98%,1.73,1.75,07.60% │ 09.72% │ 11.55% │ 11.99% │ 09.06%,08.69% │ 12.03% │ 11.96% │ 09.86% │ 07.53%,05.89% │ 09.93% │ 14.38% │ 13.10% │ 06.55%,06.32% │ 13.66% │ 14.09% │ 10.42% │ 05.67%,←000.84% │ →001.43% │ →003.46% │ →000.36% │ ←004.33%,24.62% │ 63.13% │ 12.25%,←194.86% │ →008.19% │ →087.95%,49.92%,50.08%,50.16%,49.84%,29617855286.12,29711828401.22,8664746630,8608263823,6469043322,1527811863,1538627457,3656914023,3681942310
bfowg,dnrel,xk___,zycjq,staih,_mupv,hiatslernd,1156.325638,17.73%,→001.25%,37.45%,←000.50%,59286215290.29,→000.66%,→000.44%,1.74,→000.69%,1.73,1.74,07.57% │ 09.73% │ 11.48% │ 11.98% │ 09.07%,08.76% │ 12.03% │ 12.08% │ 09.84% │ 07.46%,05.86% │ 09.96% │ 14.38% │ 13.10% │ 06.58%,06.32% │ 13.66% │ 14.09% │ 10.42% │ 05.63%,←001.58% │ →001.12% │ →004.96% │ →000.42% │ ←003.52%,24.59% │ 63.14% │ 12.28%,←192.91% │ →008.22% │ →088.26%,49.83%,50.17%,50.13%,49.87%,29544247863.73,29741967426.56,8658105055,8614905398,6468204505,1521882420,1541201819,3661718100,3677977050
zup__,rhetc,_ywlg,bmofj,dians,qvxk_,snaidctehr,1156.119624,16.15%,→002.15%,38.51%,←000.27%,58040693373.70,←001.48%,→000.18%,1.71,→000.32%,1.70,1.71,08.40% │ 10.51% │ 12.22% │ 11.87% │ 07.37%,07.93% │ 11.13% │ 12.19% │ 10.34% │ 08.04%,06.68% │ 10.42% │ 16.02% │ 11.27% │ 05.54%,05.38% │ 13.06% │ 15.81% │ 09.16% │ 06.66%,←004.49% │ ←001.60% │ ←000.22% │ ←006.67% │ →007.06%,22.31% │ 62.12% │ 15.57%,→064.65% │ ←004.67% │ ←356.33%,50.37%,49.63%,50.07%,49.93%,29233752598.49,28806940775.21,8648201784,8624808669,6651395947,1380058536,1410344843,3575028349,3581475359
qup__,rhetl,_wgcy,bfomx,dains,kvzj_,sniadltehr,1156.077984,16.84%,←000.38%,38.36%,←000.15%,58158478638.79,→000.09%,→000.51%,1.71,→000.47%,1.71,1.72,08.30% │ 10.09% │ 12.64% │ 10.35% │ 08.60%,09.02% │ 10.49% │ 12.44% │ 10.10% │ 07.98%,06.64% │ 10.32% │ 15.28% │ 11.53% │ 06.19%,05.97% │ 12.12% │ 16.17% │ 09.15% │ 06.63%,←003.94% │ →000.03% │ ←001.65% │ →001.33% │ →004.67%,22.20% │ 63.48% │ 14.32%,→064.35% │ ←007.54% │ ←266.85%,49.98%,50.02%,50.04%,49.96%,29066728035.09,29091750603.70,8643175452,8629835001,6625315537,1457546969,1451986606,3582199539,3600384579
zup__,rhetc,_yblg,wmofj,dians,qvxk_,snaidctehr,1155.900422,16.85%,→000.19%,37.68%,→000.01%,58584543763.47,←000.77%,←000.62%,1.73,←000.46%,1.74,1.73,08.39% │ 10.39% │ 12.31% │ 11.80% │ 07.31%,07.90% │ 11.28% │ 12.33% │ 10.33% │ 07.97%,06.68% │ 10.42% │ 16.02% │ 11.27% │ 05.61%,05.38% │ 13.06% │ 15.74% │ 09.16% │ 06.66%,←005.33% │ ←000.59% │ →000.19% │ ←004.54% │ →007.49%,22.30% │ 62.23% │ 15.48%,→063.83% │ ←002.94% │ ←358.52%,50.19%,49.81%,50.00%,50.00%,29404498764.11,29180044999.36,8635883068,8637127385,6508186027,1453937496,1456654065,3661092460,3638621168
zup__,rhetc,_wylg,bmofj,dians,qvxk_,snaidctehr,1155.327641,16.15%,→002.15%,38.51%,←000.27%,58066845637.31,←001.57%,→000.18%,1.71,→000.32%,1.70,1.71,08.40% │ 10.21% │ 12.54% │ 11.86% │ 07.37%,07.93% │ 11.12% │ 12.18% │ 10.34% │ 08.04%,06.68% │ 10.42% │ 16.02% │ 11.27% │ 05.54%,05.38% │ 13.06% │ 15.82% │ 09.15% │ 06.66%,←004.53% │ →001.21% │ ←002.96% │ ←006.65% │ →007.06%,22.30% │ 62.13% │ 15.57%,→064.64% │ ←004.79% │ ←356.62%,50.39%,49.61%,50.07%,49.93%,29259904862.10,28806940775.21,8648201784,8624808669,6651395947,1380058536,1410344843,3575028349,3581475359
bfowg,drnel,xk___,zycjq,satih,_mupv,hitaslenrd,1154.874413,17.73%,→001.25%,37.45%,←000.50%,59556069899.38,→000.56%,→000.44%,1.74,→000.69%,1.73,1.74,07.49% │ 09.42% │ 11.63% │ 12.37% │ 08.94%,08.76% │ 12.06% │ 11.85% │ 09.81% │ 07.67%,05.86% │ 09.96% │ 14.90% │ 12.58% │ 06.58%,06.32% │ 13.66% │ 15.05% │ 09.46% │ 05.63%,→002.27% │ →003.97% │ →001.85% │ ←002.61% │ ←002.12%,24.30% │ 63.28% │ 12.41%,←193.99% │ →007.37% │ →088.37%,49.86%,50.14%,50.13%,49.87%,29693882364.87,29862187534.51,8658105055,8614905398,6468204505,1521882420,1541201819,3661718100,3677977050
bfowg,drnel,xk___,zucjq,sitah,_pmyv,hatislenrd,1154.738543,17.68%,→000.67%,37.45%,←000.50%,59409403942.61,→000.07%,→000.44%,1.74,→000.69%,1.73,1.74,07.51% │ 09.45% │ 11.66% │ 12.40% │ 08.96%,08.81% │ 12.43% │ 11.32% │ 09.80% │ 07.66%,05.86% │ 10.20% │ 14.73% │ 12.51% │ 06.58%,06.32% │ 13.66% │ 15.05% │ 09.46% │ 05.63%,→001.92% │ →003.63% │ ←003.01% │ →000.25% │ ←001.78%,25.66% │ 63.35% │ 10.99%,←142.97% │ →007.11% │ →086.63%,49.98%,50.02%,50.13%,49.87%,29693882364.87,29715521577.74,8658105055,8614905398,6468204505,1521882420,1532145235,3661718100,3677977050
bfowg,drnel,xk___,qycjz,satih,_mupv,hitaslenrd,1154.312664,17.73%,→001.25%,37.45%,←000.50%,59548743970.80,→000.54%,→000.44%,1.74,→000.69%,1.73,1.74,07.49% │ 09.42% │ 11.63% │ 12.37% │ 08.94%,08.69% │ 12.06% │ 11.82% │ 09.82% │ 07.75%,05.89% │ 09.96% │ 14.90% │ 12.58% │ 06.55%,06.32% │ 13.66% │ 15.05% │ 09.46% │ 05.63%,→003.28% │ →004.03% │ →001.64% │ ←002.62% │ ←002.96%,24.31% │ 63.30% │ 12.39%,←193.68% │ →007.39% │ →088.35%,49.86%,50.14%,50.13%,49.87%,29693882364.87,29854861605.93,8658105055,8614905398,6468204505,1521882420,1541201819,3661718100,3677977050
xjwfy,lnead,vpug_,_mock,ritsh,qbz__,lneadritsh,1154.142203,17.49%,→000.53%,39.14%,→000.50%,57469487540.78,→000.75%,→003.00%,1.69,→001.74%,1.67,1.70,07.52% │ 09.09% │ 12.73% │ 11.86% │ 08.61%,08.93% │ 11.72% │ 12.80% │ 09.27% │ 07.47%,05.54% │ 09.87% │ 16.44% │ 12.51% │ 05.53%,06.63% │ 11.81% │ 16.48% │ 09.77% │ 05.43%,←000.62% │ →001.93% │ →000.54% │ ←001.21% │ →003.52%,24.84% │ 62.27% │ 12.89%,→053.88% │ ←001.93% │ ←348.50%,49.81%,50.19%,49.87%,50.13%,28627020242.43,28842467298.35,8614912473,8658097980,6759821698,1506533566,1514527497,3470291959,3577785998
bfowg,drnel,xk___,jyczq,satih,_mupv,hitaslenrd,1154.134085,17.73%,→001.25%,37.45%,←000.50%,59589264307.82,→000.67%,→000.44%,1.74,→000.69%,1.73,1.74,07.49% │ 09.42% │ 11.62% │ 12.36% │ 08.94%,08.87% │ 12.06% │ 11.85% │ 09.73% │ 07.66%,05.86% │ 09.86% │ 14.90% │ 12.58% │ 06.68%,06.32% │ 13.66% │ 15.05% │ 09.46% │ 05.63%,→002.27% │ →003.21% │ →001.91% │ ←002.50% │ ←000.80%,24.33% │ 63.26% │ 12.41%,←192.30% │ →007.41% │ →088.38%,49.83%,50.17%,50.13%,49.87%,29693882364.87,29895381942.95,8658105055,8614905398,6468204505,1521882420,1541201819,3661718100,3677977050
xup__,rhetc,_ywlg,bmofj,dains,qvzk_,sniadctehr,1154.044046,16.31%,→001.13%,38.31%,←000.52%,58440966206.51,←000.89%,←000.37%,1.71,→000.11%,1.71,1.71,08.51% │ 10.43% │ 12.12% │ 11.83% │ 07.33%,07.91% │ 11.28% │ 12.31% │ 10.28% │ 08.00%,06.68% │ 10.42% │ 15.28% │ 11.95% │ 05.54%,05.38% │ 13.06% │ 15.81% │ 09.16% │ 06.72%,←006.38% │ ←001.50% │ →001.57% │ ←004.89% │ →007.30%,22.56% │ 62.07% │ 15.37%,→063.88% │ ←003.41% │ ←371.31%,50.22%,49.78%,50.13%,49.87%,29350305716.22,29090660490.29,8659085077,8613925376,6616566791,1400544182,1416552207,3602253660,3589079204
gvumq,ctehr,_pzd_,_fowk,sainl,_yxbj,lniasrhetc,1153.859697,17.13%,←000.78%,37.84%,←000.04%,59189237800.17,←002.43%,→001.04%,1.73,→000.79%,1.72,1.73,07.16% │ 10.69% │ 12.21% │ 11.40% │ 09.14%,08.54% │ 11.12% │ 12.45% │ 10.50% │ 06.80%,05.24% │ 10.80% │ 15.34% │ 12.16% │ 06.45%,06.63% │ 11.11% │ 14.88% │ 12.02% │ 05.38%,←005.32% │ ←001.81% │ →001.94% │ ←002.56% │ ←007.08%,24.43% │ 63.60% │ 11.98%,→019.61% │ ←004.83% │ ←048.94%,50.60%,49.40%,50.01%,49.99%,29949394045.81,29239843754.36,8638151864,8634858589,6536087673,1485161574,1473596460,3616885388,3654926594
zup__,rhetc,_ywlg,bmofj,dains,qvxk_,sniadctehr,1153.765361,16.15%,→002.15%,38.51%,←000.27%,58357267460.97,←000.38%,→000.18%,1.71,→000.32%,1.70,1.71,08.36% │ 10.45% │ 12.15% │ 11.80% │ 07.33%,07.92% │ 11.29% │ 12.39% │ 10.30% │ 08.01%,06.68% │ 10.42% │ 15.34% │ 11.95% │ 05.54%,05.38% │ 13.06% │ 15.81% │ 09.16% │ 06.66%,←004.35% │ ←001.49% │ →001.95% │ ←004.60% │ →007.45%,22.38% │ 62.16% │ 15.46%,→065.06% │ ←003.39% │ ←360.73%,50.09%,49.91%,50.07%,49.93%,29233752598.49,29123514862.48,8648201784,8624808669,6651395947,1380058536,1410344843,3575028349,3581475359
bfowg,drnel,xk___,qucjz,sitah,_pmyv,hatislenrd,1153.637765,17.68%,→000.67%,37.45%,←000.50%,59431766170.43,→000.15%,→000.44%,1.74,→000.69%,1.73,1.74,07.51% │ 09.44% │ 11.65% │ 12.40% │ 08.96%,08.73% │ 12.45% │ 11.31% │ 09.81% │ 07.73%,05.89% │ 10.20% │ 14.73% │ 12.51% │ 06.55%,06.32% │ 13.66% │ 15.05% │ 09.46% │ 05.63%,→002.90% │ →003.72% │ ←003.01% │ →000.45% │ ←002.64%,25.68% │ 63.33% │ 10.99%,←142.10% │ →007.14% │ →086.63%,49.96%,50.04%,50.13%,49.87%,29693882364.87,29737883805.56,8658105055,8614905398,6468204505,1521882420,1532145235,3661718100,3677977050
xjwfy,lnead,vpug_,_mock,ritsh,zbq__,lneadritsh,1153.618327,17.49%,→000.53%,39.14%,→000.50%,57486149271.10,→000.80%,→003.00%,1.69,→001.74%,1.67,1.70,07.51% │ 09.09% │ 12.72% │ 11.86% │ 08.61%,08.99% │ 11.73% │ 12.75% │ 09.27% │ 07.47%,05.54% │ 09.87% │ 16.44% │ 12.51% │ 05.53%,06.66% │ 11.81% │ 16.46% │ 09.77% │ 05.43%,←000.62% │ →001.93% │ →000.18% │ ←001.10% │ →004.19%,24.83% │ 62.27% │ 12.90%,→053.89% │ ←001.89% │ ←345.57%,49.80%,50.20%,49.87%,50.13%,28627020242.43,28859129028.67,8614912473,8658097980,6759821698,1506533566,1514527497,3470291959,3577785998
bfowg,drnel,xk___,juczq,sitah,_pmyv,hatislenrd,1153.559858,17.68%,→000.67%,37.45%,←000.50%,59449172311.14,→000.21%,→000.44%,1.74,→000.69%,1.73,1.74,07.51% │ 09.44% │ 11.65% │ 12.39% │ 08.96%,08.91% │ 12.47% │ 11.31% │ 09.70% │ 07.65%,05.86% │ 10.10% │ 14.73% │ 12.51% │ 06.68%,06.32% │ 13.66% │ 15.05% │ 09.46% │ 05.63%,→001.91% │ →002.74% │ ←003.01% │ →000.63% │ ←000.53%,25.72% │ 63.30% │ 10.98%,←140.65% │ →007.10% │ →086.63%,49.95%,50.05%,50.13%,49.87%,29693882364.87,29755289946.27,8658105055,8614905398,6468204505,1521882420,1532145235,3661718100,3677977050
xup__,rhetc,_wylg,bmofj,dains,qvzk_,sniadctehr,1153.556263,16.31%,→001.13%,38.31%,←000.52%,58467194220.90,←000.98%,←000.37%,1.71,→000.11%,1.71,1.71,08.51% │ 10.14% │ 12.44% │ 11.82% │ 07.33%,07.91% │ 11.27% │ 12.31% │ 10.28% │ 08.00%,06.68% │ 10.42% │ 15.28% │ 11.95% │ 05.54%,05.38% │ 13.06% │ 15.82% │ 09.15% │ 06.72%,←006.42% │ →001.29% │ ←001.12% │ ←004.87% │ →007.31%,22.55% │ 62.08% │ 15.37%,→063.88% │ ←003.53% │ ←371.61%,50.24%,49.76%,50.13%,49.87%,29376533730.61,29090660490.29,8659085077,8613925376,6616566791,1400544182,1416552207,3602253660,3589079204
xjwfy,lnead,vgup_,_mock,ritsh,qbz__,lneadritsh,1153.521138,17.49%,→000.53%,39.14%,→000.50%,57572310684.76,→000.39%,→003.00%,1.69,→001.74%,1.67,1.70,07.41% │ 09.26% │ 12.70% │ 11.93% │ 08.60%,08.91% │ 11.70% │ 12.77% │ 09.25% │ 07.46%,05.54% │ 09.77% │ 16.44% │ 12.60% │ 05.53%,06.63% │ 11.81% │ 16.48% │ 09.77% │ 05.43%,→000.60% │ ←000.08% │ →000.59% │ ←001.97% │ →003.52%,24.80% │ 62.10% │ 13.10%,→053.88% │ ←001.74% │ ←358.63%,49.90%,50.10%,49.87%,50.13%,28729843386.41,28842467298.35,8614912473,8658097980,6759821698,1506533566,1514527497,3470291959,3577785998
bfowg,dnrel,xk___,zycjq,satih,_mupv,hitaslernd,1153.154706,17.73%,→001.25%,37.45%,←000.50%,59406435398.24,→001.06%,→000.44%,1.74,→000.69%,1.73,1.74,07.56% │ 09.71% │ 11.46% │ 11.95% │ 09.05%,08.78% │ 12.09% │ 11.88% │ 09.84% │ 07.69%,05.86% │ 09.96% │ 14.90% │ 12.58% │ 06.58%,06.32% │ 13.66% │ 14.09% │ 10.42% │ 05.63%,→001.66% │ →001.28% │ →003.56% │ →001.10% │ ←003.13%,24.48% │ 63.09% │ 12.43%,←195.79% │ →008.45% │ →088.45%,49.73%,50.27%,50.13%,49.87%,29544247863.73,29862187534.51,8658105055,8614905398,6468204505,1521882420,1541201819,3661718100,3677977050
bfowg,lrned,xk___,qyczj,staih,_mupv,hiatsdenrl,1153.132960,17.73%,→001.25%,37.45%,←000.50%,59651735889.32,←000.25%,→000.44%,1.74,→000.69%,1.73,1.74,08.01% │ 09.41% │ 11.60% │ 12.31% │ 08.74%,08.64% │ 11.95% │ 12.02% │ 09.71% │ 07.61%,05.99% │ 09.86% │ 14.38% │ 13.10% │ 06.55%,05.87% │ 13.66% │ 15.05% │ 09.46% │ 06.08%,←005.17% │ →003.00% │ →003.57% │ ←002.97% │ ←001.12%,24.37% │ 63.42% │ 12.21%,←188.42% │ →006.32% │ →088.17%,50.06%,49.94%,50.13%,49.87%,29863500100.72,29788235788.60,8658105055,8614905398,6468204505,1521882420,1541201819,3661718100,3677977050
bfowg,dnrel,xk___,zucjq,sitah,_pmyv,hatislernd,1153.083505,17.68%,→000.67%,37.45%,←000.50%,59259769441.47,→000.58%,→000.44%,1.74,→000.69%,1.73,1.74,07.58% │ 09.73% │ 11.48% │ 11.98% │ 09.08%,08.83% │ 12.46% │ 11.35% │ 09.83% │ 07.68%,05.86% │ 10.20% │ 14.73% │ 12.51% │ 06.58%,06.32% │ 13.66% │ 14.09% │ 10.42% │ 05.63%,→001.30% │ →000.93% │ ←001.21% │ →003.86% │ ←002.78%,25.84% │ 63.15% │ 11.01%,←144.46% │ →008.19% │ →086.72%,49.86%,50.14%,50.13%,49.87%,29544247863.73,29715521577.74,8658105055,8614905398,6468204505,1521882420,1532145235,3661718100,3677977050
jxubp,lnead,vgwf_,_mock,sitrh,qyz__,lneadsitrh,1153.069653,17.65%,←001.40%,38.73%,→000.83%,57911637384.87,←000.33%,→001.84%,1.70,→000.71%,1.69,1.71,07.45% │ 09.12% │ 13.05% │ 11.54% │ 08.92%,08.66% │ 11.40% │ 13.01% │ 09.34% │ 07.50%,05.57% │ 09.73% │ 16.44% │ 12.08% │ 05.97%,06.55% │ 11.89% │ 16.48% │ 09.86% │ 05.43%,→000.70% │ →002.39% │ ←000.28% │ ←001.23% │ ←003.04%,25.64% │ 62.90% │ 11.46%,→046.64% │ ←004.00% │ ←283.98%,50.08%,49.92%,49.79%,50.21%,29003156752.70,28908480632.17,8600424432,8672586021,6690383064,1534877987,1513755452,3525697268,3591819323
bfowg,dnrel,xk___,zycjq,satih,_umpv,hitaslernd,1152.933483,17.73%,→001.25%,37.45%,←000.50%,59289857639.51,→000.68%,→000.44%,1.74,→000.69%,1.73,1.74,07.57% │ 09.73% │ 11.48% │ 11.98% │ 09.07%,08.84% │ 12.53% │ 11.19% │ 09.90% │ 07.70%,05.86% │ 09.96% │ 14.73% │ 12.75% │ 06.58%,06.32% │ 13.66% │ 14.09% │ 10.42% │ 05.63%,→001.65% │ →001.75% │ ←002.55% │ →004.40% │ ←002.56%,24.47% │ 63.12% │ 12.41%,←198.23% │ →008.19% │ →088.40%,49.83%,50.17%,50.13%,49.87%,29544247863.73,29745609775.78,8658105055,8614905398,6468204505,1521882420,1541201819,3661718100,3677977050
bfowg,lrned,xk___,zycqj,staih,_mupv,hiatsdenrl,1152.909213,17.73%,→001.25%,37.45%,←000.50%,59658583297.95,←000.23%,→000.44%,1.74,→000.69%,1.73,1.74,08.01% │ 09.41% │ 11.59% │ 12.31% │ 08.74%,08.71% │ 11.95% │ 12.02% │ 09.65% │ 07.61%,05.99% │ 09.83% │ 14.38% │ 13.10% │ 06.58%,05.87% │ 13.66% │ 15.05% │ 09.46% │ 06.08%,←005.16% │ →002.43% │ →003.55% │ ←002.95% │ ←000.34%,24.38% │ 63.42% │ 12.20%,←187.90% │ →006.34% │ →088.16%,50.06%,49.94%,50.13%,49.87%,29863500100.72,29795083197.23,8658105055,8614905398,6468204505,1521882420,1541201819,3661718100,3677977050
bfowg,dnrel,xk___,qycjz,satih,_mupv,hitaslernd,1152.625022,17.73%,→001.25%,37.45%,←000.50%,59399109469.66,→001.04%,→000.44%,1.74,→000.69%,1.73,1.74,07.56% │ 09.71% │ 11.46% │ 11.95% │ 09.05%,08.71% │ 12.09% │ 11.85% │ 09.84% │ 07.77%,05.89% │ 09.96% │ 14.90% │ 12.58% │ 06.55%,06.32% │ 13.66% │ 14.09% │ 10.42% │ 05.63%,→002.67% │ →001.33% │ →003.35% │ →001.10% │ ←003.97%,24.49% │ 63.10% │ 12.41%,←195.48% │ →008.47% │ →088.43%,49.74%,50.26%,50.13%,49.87%,29544247863.73,29854861605.93,8658105055,8614905398,6468204505,1521882420,1541201819,3661718100,3677977050
_xpmb,laerd,wvfcq,_uoyj,hnits,kgz__,stinhdreal,1152.392892,19.38%,←000.90%,36.31%,→000.79%,57834293051.67,←000.89%,→002.65%,1.77,→001.45%,1.76,1.79,07.89% │ 09.74% │ 13.07% │ 11.63% │ 07.88%,08.10% │ 11.51% │ 12.39% │ 09.62% │ 08.17%,06.68% │ 10.50% │ 15.28% │ 12.32% │ 05.43%,05.54% │ 12.46% │ 16.30% │ 09.54% │ 05.96%,→003.34% │ ←001.30% │ ←005.54% │ ←001.04% │ →002.64%,22.18% │ 63.25% │ 14.57%,→042.10% │ ←000.22% │ ←151.81%,50.22%,49.78%,49.80%,50.20%,29045598213.23,28788694838.44,8602409835,8670600618,6272422114,1680827512,1665886129,3717184763,3818292778
bfowg,lnred,xk___,qyczj,staih,_mupv,hiatsdernl,1152.195726,17.73%,→001.25%,37.45%,←000.50%,59510645234.81,→000.22%,→000.44%,1.74,→000.69%,1.73,1.74,08.02% │ 09.70% │ 11.44% │ 11.89% │ 08.90%,08.66% │ 11.98% │ 12.05% │ 09.73% │ 07.63%,05.99% │ 09.86% │ 14.38% │ 13.10% │ 06.55%,05.87% │ 13.66% │ 14.09% │ 10.42% │ 06.08%,←005.14% │ →000.33% │ →005.11% │ →000.77% │ ←002.74%,24.54% │ 63.23% │ 12.23%,←190.19% │ →007.35% │ →088.25%,49.94%,50.06%,50.13%,49.87%,29722409446.21,29788235788.60,8658105055,8614905398,6468204505,1521882420,1541201819,3661718100,3677977050
gvumq,ctehr,_pzd_,_fowk,sainl,_yjbx,lniasrhetc,1152.125052,17.13%,←000.78%,37.84%,←000.04%,59173760462.04,←002.48%,→001.04%,1.73,→000.79%,1.72,1.73,07.16% │ 10.69% │ 12.21% │ 11.41% │ 09.14%,08.54% │ 11.11% │ 12.49% │ 10.50% │ 06.74%,05.21% │ 10.80% │ 15.38% │ 12.16% │ 06.45%,06.63% │ 11.11% │ 14.88% │ 12.02% │ 05.38%,←006.17% │ ←001.81% │ →002.26% │ ←002.67% │ ←007.08%,24.43% │ 63.60% │ 11.97%,→019.61% │ ←004.87% │ ←049.38%,50.61%,49.39%,50.01%,49.99%,29949394045.81,29224366416.23,8638151864,8634858589,6536087673,1485161574,1473596460,3616885388,3654926594
bfowg,lrned,xk___,qycjz,staih,_mupv,hiatsdenrl,1152.026121,17.73%,→001.25%,37.45%,←000.50%,59605502420.37,←000.41%,→000.44%,1.74,→000.69%,1.73,1.74,08.01% │ 09.42% │ 11.60% │ 12.32% │ 08.75%,08.65% │ 11.96% │ 12.00% │ 09.79% │ 07.50%,05.89% │ 09.96% │ 14.38% │ 13.10% │ 06.55%,05.87% │ 13.66% │ 15.05% │ 09.46% │ 06.08%,←006.88% │ →003.80% │ →003.26% │ ←002.96% │ ←001.13%,24.35% │ 63.46% │ 12.20%,←190.52% │ →006.30% │ →088.14%,50.10%,49.90%,50.13%,49.87%,29863500100.72,29742002319.65,8658105055,8614905398,6468204505,1521882420,1541201819,3661718100,3677977050
bfowg,lnred,xk___,zycqj,staih,_mupv,hiatsdernl,1151.910994,17.73%,→001.25%,37.45%,←000.50%,59517492643.44,→000.24%,→000.44%,1.74,→000.69%,1.73,1.74,08.02% │ 09.70% │ 11.44% │ 11.89% │ 08.90%,08.73% │ 11.98% │ 12.05% │ 09.67% │ 07.63%,05.99% │ 09.83% │ 14.38% │ 13.10% │ 06.58%,05.87% │ 13.66% │ 14.09% │ 10.42% │ 06.08%,←005.13% │ ←000.27% │ →005.10% │ →000.79% │ ←001.94%,24.55% │ 63.23% │ 12.22%,←189.67% │ →007.37% │ →088.24%,49.94%,50.06%,50.13%,49.87%,29722409446.21,29795083197.23,8658105055,8614905398,6468204505,1521882420,1541201819,3661718100,3677977050
bfowg,lnred,jk___,qyczx,staih,_mupv,hiatsdernl,1151.889232,17.75%,→000.70%,37.45%,←000.66%,59549738471.61,←000.14%,→000.68%,1.74,→000.98%,1.73,1.75,08.04% │ 09.69% │ 11.50% │ 11.90% │ 08.89%,08.66% │ 12.01% │ 11.92% │ 09.80% │ 07.58%,05.95% │ 09.86% │ 14.38% │ 13.10% │ 06.55%,05.87% │ 13.66% │ 14.09% │ 10.42% │ 06.12%,←006.10% │ →001.09% │ →003.47% │ →000.92% │ ←002.75%,24.56% │ 63.22% │ 12.22%,←193.03% │ →007.31% │ →087.97%,50.03%,49.97%,50.16%,49.84%,29795310801.50,29754427670.11,8664746630,8608263823,6469043322,1527811863,1538627457,3656914023,3681942310
_qfcw,laerd,bvpmx,_uoyj,hnits,kgz__,stinhdreal,1151.888577,19.37%,←000.83%,36.31%,→000.79%,57992717963.79,←001.44%,→002.65%,1.77,→001.45%,1.76,1.79,07.97% │ 09.62% │ 13.03% │ 11.70% │ 08.03%,08.08% │ 11.48% │ 12.35% │ 09.59% │ 08.14%,06.68% │ 10.50% │ 15.28% │ 12.32% │ 05.43%,05.71% │ 12.46% │ 16.30% │ 09.45% │ 05.89%,→002.08% │ ←000.29% │ ←005.46% │ ←001.96% │ →000.51%,22.80% │ 63.27% │ 13.93%,→037.24% │ ←000.83% │ ←137.30%,50.36%,49.64%,49.80%,50.20%,29204023125.35,28788694838.44,8602409835,8670600618,6272422114,1679718926,1665886129,3717184763,3818292778
_bpmf,laerd,wxvcq,_uoyj,hnits,kgz__,stinhdreal,1151.823069,19.42%,←001.40%,36.31%,→000.79%,57982608198.52,←001.41%,→002.65%,1.77,→001.45%,1.76,1.79,07.85% │ 10.25% │ 12.00% │ 11.62% │ 08.64%,08.08% │ 11.48% │ 12.35% │ 09.59% │ 08.15%,06.68% │ 10.50% │ 15.28% │ 12.32% │ 05.43%,06.11% │ 12.46% │ 15.19% │ 10.08% │ 05.96%,→003.60% │ ←006.82% │ →002.87% │ ←001.16% │ ←006.92%,24.62% │ 63.16% │ 12.21%,→024.25% │ ←000.46% │ ←095.64%,50.35%,49.65%,49.80%,50.20%,29193913360.08,28788694838.44,8602409835,8670600618,6272422114,1689136556,1665886129,3717184763,3818292778
qup__,rhetl,_wgcy,bfomj,danis,kvxz_,sinadltehr,1151.769935,16.72%,←001.88%,38.36%,←000.15%,58478632082.98,→001.17%,→000.51%,1.71,→000.47%,1.71,1.72,08.25% │ 10.04% │ 12.58% │ 10.29% │ 08.55%,08.93% │ 10.45% │ 12.60% │ 10.29% │ 08.03%,06.68% │ 10.32% │ 15.24% │ 11.53% │ 06.19%,05.97% │ 12.12% │ 16.17% │ 09.15% │ 06.63%,←002.76% │ →002.47% │ →000.19% │ →001.50% │ →004.23%,22.19% │ 63.59% │ 14.22%,→064.58% │ ←005.93% │ ←269.17%,49.70%,50.30%,50.04%,49.96%,29066728035.09,29411904047.89,8643175452,8629835001,6625315537,1457546969,1430707960,3582199539,3600384579
bfowg,dnrel,xk___,qucjz,sitah,_pmyv,hatislernd,1151.762622,17.68%,→000.67%,37.45%,←000.50%,59282131669.29,→000.65%,→000.44%,1.74,→000.69%,1.73,1.74,07.58% │ 09.73% │ 11.48% │ 11.98% │ 09.07%,08.75% │ 12.48% │ 11.34% │ 09.83% │ 07.75%,05.89% │ 10.20% │ 14.73% │ 12.51% │ 06.55%,06.32% │ 13.66% │ 14.09% │ 10.42% │ 05.63%,→002.29% │ →001.02% │ ←001.21% │ →004.06% │ ←003.65%,25.86% │ 63.14% │ 11.00%,←143.58% │ →008.22% │ →086.72%,49.84%,50.16%,50.13%,49.87%,29544247863.73,29737883805.56,8658105055,8614905398,6468204505,1521882420,1532145235,3661718100,3677977050
qup__,rhetl,_wgcy,bfomj,danis,kvzx_,sinadltehr,1151.566512,16.72%,←001.88%,38.36%,←000.15%,58483260823.84,→001.19%,→000.51%,1.71,→000.47%,1.71,1.72,08.25% │ 10.04% │ 12.57% │ 10.29% │ 08.55%,08.93% │ 10.44% │ 12.54% │ 10.36% │ 08.03%,06.68% │ 10.38% │ 15.18% │ 11.53% │ 06.19%,05.97% │ 12.12% │ 16.17% │ 09.15% │ 06.63%,←002.76% │ →003.10% │ ←000.27% │ →001.48% │ →004.23%,22.19% │ 63.59% │ 14.23%,→064.58% │ ←005.93% │ ←268.38%,49.70%,50.30%,50.04%,49.96%,29066728035.09,29416532788.75,8643175452,8629835001,6625315537,1457546969,1430707960,3582199539,3600384579
bfowg,dnrel,xk___,juczq,sitah,_pmyv,hatislernd,1151.412640,17.68%,→000.67%,37.45%,←000.50%,59299537810.00,→000.71%,→000.44%,1.74,→000.69%,1.73,1.74,07.57% │ 09.73% │ 11.48% │ 11.97% │ 09.07%,08.93% │ 12.50% │ 11.34% │ 09.73% │ 07.67%,05.86% │ 10.10% │ 14.73% │ 12.51% │ 06.68%,06.32% │ 13.66% │ 14.09% │ 10.42% │ 05.63%,→001.29% │ →000.01% │ ←001.21% │ →004.23% │ ←001.52%,25.89% │ 63.11% │ 11.00%,←142.13% │ →008.18% │ →086.72%,49.82%,50.18%,50.13%,49.87%,29544247863.73,29755289946.27,8658105055,8614905398,6468204505,1521882420,1532145235,3661718100,3677977050
qup__,rhetl,_wgcy,bfomx,danis,kvzj_,sinadltehr,1150.499506,16.84%,←000.38%,38.36%,←000.15%,58474876861.55,→001.16%,→000.51%,1.71,→000.47%,1.71,1.72,08.25% │ 10.04% │ 12.58% │ 10.29% │ 08.55%,08.93% │ 10.43% │ 12.55% │ 10.41% │ 07.97%,06.64% │ 10.42% │ 15.18% │ 11.53% │ 06.19%,05.97% │ 12.12% │ 16.17% │ 09.15% │ 06.63%,←003.57% │ →003.61% │ ←000.19% │ →001.34% │ →004.23%,22.14% │ 63.59% │ 14.28%,→064.47% │ ←005.96% │ ←262.57%,49.71%,50.29%,50.04%,49.96%,29066728035.09,29408148826.46,8643175452,8629835001,6625315537,1457546969,1451986606,3582199539,3600384579
qup__,rhetl,_wgcy,fmobj,dinas,zkxv_,sanidltehr,1150.488249,16.72%,←001.88%,38.36%,←000.15%,58631996464.74,→001.69%,→000.51%,1.71,→000.47%,1.71,1.72,08.23% │ 10.01% │ 12.54% │ 10.26% │ 08.53%,08.91% │ 10.66% │ 12.47% │ 10.44% │ 07.95%,06.68% │ 10.97% │ 15.24% │ 10.94% │ 06.14%,05.97% │ 12.12% │ 16.17% │ 09.15% │ 06.63%,←003.48% │ →004.09% │ ←000.62% │ →003.72% │ →004.27%,22.54% │ 63.41% │ 14.05%,→065.45% │ ←005.98% │ ←286.60%,49.57%,50.43%,50.04%,49.96%,29066728035.09,29565268429.65,8643175452,8629835001,6625315537,1457546969,1430707960,3582199539,3600384579
qup__,rhetl,_wgcy,bfomj,dinas,kvxz_,sanidltehr,1150.237259,16.72%,←001.88%,38.36%,←000.15%,58477773016.10,→001.17%,→000.51%,1.71,→000.47%,1.71,1.72,08.25% │ 10.04% │ 12.58% │ 10.29% │ 08.55%,08.91% │ 10.44% │ 12.37% │ 10.57% │ 08.01%,06.68% │ 11.00% │ 15.24% │ 10.85% │ 06.19%,05.97% │ 12.12% │ 16.17% │ 09.15% │ 06.63%,←002.98% │ →005.00% │ ←001.70% │ →001.47% │ →004.01%,22.11% │ 63.65% │ 14.24%,→064.41% │ ←005.72% │ ←267.43%,49.71%,50.29%,50.04%,49.96%,29066728035.09,29411044981.01,8643175452,8629835001,6625315537,1457546969,1430707960,3582199539,3600384579
gvumq,ctehr,_pzd_,_fowj,sainl,_yxbk,lniasrhetc,1150.137718,17.14%,←000.61%,37.84%,←000.04%,59084043333.27,←002.80%,→001.04%,1.73,→000.79%,1.72,1.73,07.17% │ 10.71% │ 12.23% │ 11.42% │ 09.16%,08.55% │ 11.14% │ 12.41% │ 10.50% │ 06.71%,05.24% │ 10.80% │ 15.34% │ 12.16% │ 06.45%,06.63% │ 11.11% │ 14.88% │ 12.02% │ 05.38%,←006.83% │ ←001.94% │ →001.45% │ ←002.59% │ ←007.11%,23.51% │ 63.64% │ 12.85%,→013.47% │ ←005.05% │ ←026.59%,50.69%,49.31%,50.01%,49.99%,29949394045.81,29134649287.46,8638151864,8634858589,6536087673,1485161574,1476127928,3616885388,3654926594
qup__,rhetl,_gwcy,bfomj,dinas,kvxz_,sanidltehr,1150.072078,16.72%,←001.88%,38.36%,←000.15%,58516613639.10,→001.04%,→000.51%,1.71,→000.47%,1.71,1.72,08.27% │ 10.61% │ 12.03% │ 10.28% │ 08.55%,08.90% │ 10.44% │ 12.36% │ 10.56% │ 08.01%,06.68% │ 11.00% │ 15.24% │ 10.85% │ 06.19%,05.97% │ 12.12% │ 15.81% │ 09.51% │ 06.63%,←003.28% │ ←000.45% │ →002.64% │ →001.46% │ →003.98%,22.13% │ 63.60% │ 14.27%,→064.21% │ ←005.68% │ ←268.91%,49.74%,50.26%,50.04%,49.96%,29105568658.09,29411044981.01,8643175452,8629835001,6625315537,1457546969,1430707960,3582199539,3600384579
_wgcx,daerl,fjbmv,_uoyq,hnits,kpz__,stinhlread,1149.844919,18.73%,←000.07%,37.52%,→000.65%,57643848599.91,←001.41%,→003.03%,1.74,→001.77%,1.72,1.75,07.93% │ 10.28% │ 12.49% │ 11.62% │ 08.02%,08.04% │ 11.48% │ 12.47% │ 09.67% │ 07.99%,06.55% │ 10.50% │ 15.28% │ 12.41% │ 05.43%,05.54% │ 12.46% │ 15.64% │ 10.19% │ 06.01%,→000.68% │ ←006.34% │ ←000.15% │ ←001.23% │ →000.25%,22.35% │ 63.24% │ 14.42%,→039.95% │ ←000.30% │ ←150.12%,50.35%,49.65%,49.84%,50.16%,29023277254.71,28620571345.20,8608474756,8664535697,6481082557,1618391058,1617184998,3607118307,3719698791
_wfcv,daerl,gxbmj,_uoyq,hnits,kpz__,stinhlread,1149.458185,18.75%,←000.27%,37.52%,→000.65%,57705625895.11,←001.62%,→003.03%,1.74,→001.77%,1.72,1.75,07.78% │ 10.28% │ 12.66% │ 11.59% │ 08.09%,08.03% │ 11.47% │ 12.46% │ 09.66% │ 07.98%,06.55% │ 10.50% │ 15.28% │ 12.41% │ 05.43%,05.57% │ 12.46% │ 15.78% │ 10.15% │ 05.87%,→002.45% │ ←006.41% │ ←001.65% │ ←001.06% │ ←000.67%,23.86% │ 63.31% │ 12.83%,→028.96% │ ←000.76% │ ←111.96%,50.40%,49.60%,49.84%,50.16%,29085054549.91,28620571345.20,8608474756,8664535697,6481082557,1621502726,1617184998,3607118307,3719698791
xjwfy,lnead,vpug_,_mock,sitrh,zbq__,lneadsitrh,1149.356233,17.49%,→000.53%,39.14%,→000.50%,57594292689.95,→001.17%,→003.00%,1.69,→001.74%,1.67,1.70,07.50% │ 09.07% │ 12.70% │ 11.84% │ 08.60%,08.74% │ 11.48% │ 13.08% │ 09.45% │ 07.55%,05.54% │ 09.87% │ 16.44% │ 12.51% │ 05.53%,06.58% │ 11.81% │ 16.46% │ 09.86% │ 05.43%,→000.61% │ →004.04% │ →002.90% │ ←003.16% │ →001.68%,24.66% │ 62.48% │ 12.87%,→053.53% │ ←000.82% │ ←347.45%,49.70%,50.30%,49.87%,50.13%,28627020242.43,28967272447.52,8614912473,8658097980,6759821698,1506533566,1514527497,3470291959,3577785998
_wgcv,daerl,fxbmj,_uoyq,hnits,kpz__,stinhlread,1149.252261,18.76%,←000.35%,37.52%,→000.65%,57718681507.58,←001.67%,→003.03%,1.74,→001.77%,1.72,1.75,07.92% │ 10.25% │ 12.56% │ 11.61% │ 08.08%,08.03% │ 11.47% │ 12.45% │ 09.66% │ 07.98%,06.55% │ 10.50% │ 15.28% │ 12.41% │ 05.43%,05.57% │ 12.46% │ 15.64% │ 10.15% │ 06.01%,→000.70% │ ←006.09% │ ←000.83% │ ←001.22% │ ←000.64%,23.78% │ 63.25% │ 12.97%,→029.46% │ ←000.60% │ ←115.46%,50.41%,49.59%,49.84%,50.16%,29098110162.38,28620571345.20,8608474756,8664535697,6481082557,1622794476,1617184998,3607118307,3719698791
xjwfy,lnead,vpug_,_mock,sitrh,qbz__,lneadsitrh,1149.247101,17.49%,→000.53%,39.14%,→000.50%,57576719960.11,→001.11%,→003.00%,1.69,→001.74%,1.67,1.70,07.50% │ 09.07% │ 12.70% │ 11.84% │ 08.60%,08.68% │ 11.47% │ 13.13% │ 09.45% │ 07.55%,05.54% │ 09.87% │ 16.44% │ 12.51% │ 05.53%,06.55% │ 11.81% │ 16.48% │ 09.86% │ 05.43%,→000.60% │ →004.04% │ →003.22% │ ←003.27% │ →000.98%,24.66% │ 62.48% │ 12.85%,→053.53% │ ←000.86% │ ←350.71%,49.72%,50.28%,49.87%,50.13%,28627020242.43,28949699717.68,8614912473,8658097980,6759821698,1506533566,1514527497,3470291959,3577785998
gvumq,ctehr,_pzd_,_fowk,sanil,_yxbj,linasrhetc,1148.503374,17.13%,←000.78%,37.84%,←000.04%,59534214011.48,←001.23%,→001.04%,1.73,→000.79%,1.72,1.73,07.12% │ 10.63% │ 12.14% │ 11.34% │ 09.09%,08.52% │ 11.01% │ 12.67% │ 10.72% │ 06.78%,05.24% │ 10.90% │ 15.24% │ 12.16% │ 06.45%,06.63% │ 11.11% │ 14.88% │ 12.02% │ 05.38%,←005.01% │ →000.89% │ →004.22% │ ←003.00% │ ←006.72%,24.28% │ 63.81% │ 11.91%,→019.57% │ ←002.88% │ ←048.90%,50.31%,49.69%,50.01%,49.99%,29949394045.81,29584819965.67,8638151864,8634858589,6536087673,1485161574,1473596460,3616885388,3654926594
gvumq,ctehr,_pzd_,_fowk,sianl,_yxbj,lnaisrhetc,1148.232701,17.13%,←000.78%,37.84%,←000.04%,58920434910.34,←003.38%,→001.04%,1.73,→000.79%,1.72,1.73,07.19% │ 10.74% │ 12.26% │ 11.46% │ 09.18%,08.58% │ 10.99% │ 12.18% │ 10.54% │ 06.88%,05.24% │ 10.80% │ 16.02% │ 11.48% │ 06.45%,06.63% │ 11.11% │ 14.88% │ 12.02% │ 05.38%,←004.56% │ ←001.86% │ ←000.67% │ ←004.26% │ ←007.00%,24.42% │ 63.67% │ 11.91%,→018.89% │ ←005.56% │ ←052.75%,50.83%,49.17%,50.01%,49.99%,29949394045.81,28971040864.53,8638151864,8634858589,6536087673,1485161574,1473596460,3616885388,3654926594
gvudz,ctehr,_pxm_,_fowj,sanil,_yqbk,linasrhetc,1147.981394,16.80%,→001.52%,37.80%,←000.41%,59537187287.01,←002.52%,→000.18%,1.73,→000.43%,1.72,1.73,07.11% │ 10.57% │ 12.17% │ 11.65% │ 09.12%,08.51% │ 10.99% │ 12.52% │ 10.67% │ 06.68%,05.24% │ 10.90% │ 15.15% │ 12.16% │ 06.45%,06.66% │ 11.11% │ 14.94% │ 12.02% │ 05.38%,←006.42% │ →000.88% │ →002.81% │ ←005.94% │ ←007.13%,24.78% │ 63.78% │ 11.44%,→001.66% │ ←003.32% │ ←007.44%,50.62%,49.38%,50.10%,49.90%,30138836259.03,29398351027.98,8654061489,8618948964,6528541193,1439499472,1461679386,3636338376,3643020086
gvumq,ctehr,_pzd_,_fowj,sanil,_yxbk,linasrhetc,1147.777158,17.14%,←000.61%,37.84%,←000.04%,59434578402.08,←001.57%,→001.04%,1.73,→000.79%,1.72,1.73,07.13% │ 10.65% │ 12.16% │ 11.36% │ 09.10%,08.53% │ 11.02% │ 12.66% │ 10.71% │ 06.69%,05.24% │ 10.90% │ 15.24% │ 12.16% │ 06.45%,06.63% │ 11.11% │ 14.88% │ 12.02% │ 05.38%,←006.51% │ →000.56% │ →003.99% │ ←003.04% │ ←006.75%,23.36% │ 63.86% │ 12.77%,→013.42% │ ←003.07% │ ←026.55%,50.39%,49.61%,50.01%,49.99%,29949394045.81,29485184356.27,8638151864,8634858589,6536087673,1485161574,1476127928,3616885388,3654926594
yfmg_,doenr,__kcx,buljz,hitas,_vpwq,doenrhitas,1147.662267,17.91%,←001.08%,36.61%,←000.73%,59253496602.58,→000.70%,→001.07%,1.76,→001.37%,1.75,1.78,07.53% │ 09.88% │ 11.43% │ 11.76% │ 09.22%,09.13% │ 11.40% │ 11.69% │ 09.95% │ 08.00%,05.53% │ 09.75% │ 15.32% │ 12.87% │ 06.72%,06.30% │ 11.44% │ 15.21% │ 10.19% │ 06.68%,→005.92% │ →000.70% │ →002.16% │ ←003.13% │ ←000.98%,22.70% │ 66.07% │ 11.23%,←001.30% │ ←001.55% │ →016.41%,49.83%,50.17%,50.18%,49.82%,29523304695.87,29730191906.71,8668044248,8604966205,6324309338,1554804929,1538136146,3721676105,3761914212
gvumq,ctehr,_pzd_,_fowk,sinal,_yxbj,lanisrhetc,1147.608775,17.13%,←000.78%,37.84%,←000.04%,59517807468.32,←001.29%,→001.04%,1.73,→000.79%,1.72,1.73,07.12% │ 10.63% │ 12.14% │ 11.34% │ 09.09%,08.52% │ 10.88% │ 12.44% │ 10.98% │ 06.86%,05.24% │ 11.58% │ 15.24% │ 11.48% │ 06.45%,06.63% │ 11.11% │ 14.88% │ 12.02% │ 05.38%,←003.84% │ →003.20% │ →002.44% │ ←004.23% │ ←006.72%,24.21% │ 63.93% │ 11.86%,→019.11% │ ←002.54% │ ←050.67%,50.32%,49.68%,50.01%,49.99%,29949394045.81,29568413422.51,8638151864,8634858589,6536087673,1485161574,1473596460,3616885388,3654926594
_mofy,rnled,__wzj,qgub_,staih,xpckv,rnledstaih,1147.386343,17.51%,←000.89%,38.05%,←000.73%,59446322292.48,→001.02%,→001.26%,1.72,→001.43%,1.71,1.73,07.70% │ 09.23% │ 11.69% │ 12.51% │ 08.61%,08.91% │ 11.94% │ 12.08% │ 09.81% │ 07.51%,06.53% │ 10.09% │ 13.52% │ 14.28% │ 05.76%,06.74% │ 12.99% │ 14.38% │ 09.95% │ 05.76%,←002.54% │ →005.88% │ →003.26% │ ←004.73% │ →003.34%,23.63% │ 64.11% │ 12.26%,←117.57% │ →006.62% │ →073.10%,49.74%,50.26%,50.18%,49.82%,29570923842.57,29875398449.91,8668045104,8604965349,6571999971,1518581294,1505192521,3594921523,3640978161
gvumq,ctehr,_pzd_,_fowk,sianl,_yjbx,lnaisrhetc,1147.110754,17.13%,←000.78%,37.84%,←000.04%,58915531629.28,←003.39%,→001.04%,1.73,→000.79%,1.72,1.73,07.19% │ 10.74% │ 12.26% │ 11.46% │ 09.18%,08.58% │ 11.00% │ 12.22% │ 10.54% │ 06.82%,05.21% │ 10.80% │ 16.06% │ 11.48% │ 06.45%,06.63% │ 11.11% │ 14.88% │ 12.02% │ 05.38%,←005.38% │ ←001.86% │ ←000.36% │ ←004.19% │ ←007.00%,24.42% │ 63.68% │ 11.90%,→018.89% │ ←005.54% │ ←053.18%,50.83%,49.17%,50.01%,49.99%,29949394045.81,28966137583.47,8638151864,8634858589,6536087673,1485161574,1473596460,3616885388,3654926594
gvumq,ctehr,_pzd_,_fowk,sinal,_yjbx,lanisrhetc,1147.023897,17.13%,←000.78%,37.84%,←000.04%,59507592933.89,←001.32%,→001.04%,1.73,→000.79%,1.72,1.73,07.12% │ 10.63% │ 12.14% │ 11.34% │ 09.09%,08.52% │ 10.89% │ 12.48% │ 10.97% │ 06.80%,05.21% │ 11.58% │ 15.28% │ 11.48% │ 06.45%,06.63% │ 11.11% │ 14.88% │ 12.02% │ 05.38%,←004.65% │ →003.12% │ →002.74% │ ←004.15% │ ←006.72%,24.21% │ 63.94% │ 11.84%,→019.12% │ ←002.55% │ ←051.13%,50.33%,49.67%,50.01%,49.99%,29949394045.81,29558198888.08,8638151864,8634858589,6536087673,1485161574,1473596460,3616885388,3654926594
gvumq,ctehr,_pzd_,_fowj,sinal,_yxbk,lanisrhetc,1146.810380,17.14%,←000.61%,37.84%,←000.04%,59426665633.16,←001.60%,→001.04%,1.73,→000.79%,1.72,1.73,07.13% │ 10.65% │ 12.16% │ 11.36% │ 09.10%,08.53% │ 10.88% │ 12.43% │ 11.00% │ 06.77%,05.24% │ 11.58% │ 15.24% │ 11.48% │ 06.45%,06.63% │ 11.11% │ 14.88% │ 12.02% │ 05.38%,←005.37% │ →003.22% │ →002.21% │ ←004.45% │ ←006.75%,23.29% │ 63.99% │ 12.72%,→012.88% │ ←002.66% │ ←027.89%,50.40%,49.60%,50.01%,49.99%,29949394045.81,29477271587.35,8638151864,8634858589,6536087673,1485161574,1476127928,3616885388,3654926594
ygmf_,doenr,__kcx,buljz,hitas,_wpvq,doenrhitas,1146.377564,17.91%,←001.08%,36.61%,←000.73%,58863012498.65,→001.26%,→001.07%,1.76,→001.37%,1.75,1.78,07.58% │ 09.53% │ 11.50% │ 11.78% │ 09.29%,09.22% │ 12.05% │ 11.76% │ 09.25% │ 08.04%,05.53% │ 09.61% │ 15.32% │ 13.00% │ 06.72%,06.30% │ 12.06% │ 15.21% │ 09.58% │ 06.68%,→005.70% │ ←003.09% │ →002.21% │ →002.18% │ ←000.65%,22.50% │ 66.26% │ 11.24%,→001.74% │ ←001.55% │ →015.52%,49.68%,50.32%,50.18%,49.82%,29244731520.89,29618280977.76,8668044248,8604966205,6324309338,1554804929,1538136146,3721676105,3761914212
zcfkx,lread,wjguy,_mnpv,sitoh,qb___,hotisdaerl,1146.262960,18.11%,→001.06%,38.92%,→000.42%,58011553988.52,→000.06%,→001.78%,1.70,→000.95%,1.69,1.70,07.94% │ 10.01% │ 12.08% │ 11.47% │ 08.49%,08.62% │ 11.62% │ 12.46% │ 09.53% │ 07.79%,05.76% │ 09.71% │ 16.28% │ 11.81% │ 06.55%,05.72% │ 11.80% │ 16.21% │ 10.09% │ 06.09%,←001.96% │ ←004.96% │ →003.10% │ →001.28% │ →001.40%,23.20% │ 62.97% │ 13.83%,→050.48% │ →005.63% │ ←457.84%,49.98%,50.02%,49.89%,50.11%,28996879680.74,29014674307.78,8618308980,8654701473,6722151539,1555964018,1572685005,3510984806,3574763310
_mofy,rnled,__wqx,jpub_,staih,zgckv,rnledstaih,1146.235882,17.45%,→000.24%,38.06%,←000.46%,59356487887.90,→001.40%,→001.35%,1.72,→001.30%,1.71,1.73,07.71% │ 09.25% │ 11.62% │ 12.44% │ 08.63%,09.04% │ 11.80% │ 12.20% │ 09.83% │ 07.50%,06.53% │ 10.09% │ 13.52% │ 14.26% │ 05.72%,06.81% │ 12.99% │ 14.38% │ 09.95% │ 05.76%,←002.83% │ →005.91% │ →004.71% │ ←005.45% │ →004.50%,23.88% │ 64.21% │ 11.91%,←107.94% │ →007.00% │ →072.34%,49.65%,50.35%,50.12%,49.88%,29468548860.43,29887939027.47,8656377197,8616633256,6573328696,1505074404,1508641770,3592772814,3641798145
_mofy,rnled,__wzj,qpub_,staih,xgckv,rnledstaih,1146.128614,17.54%,←000.44%,38.05%,←000.73%,59413963444.85,→000.91%,→001.26%,1.72,→001.43%,1.71,1.73,07.70% │ 09.24% │ 11.70% │ 12.51% │ 08.62%,08.92% │ 11.87% │ 12.14% │ 09.81% │ 07.49%,06.53% │ 10.09% │ 13.52% │ 14.28% │ 05.76%,06.74% │ 12.99% │ 14.38% │ 09.95% │ 05.76%,←002.85% │ →005.87% │ →003.61% │ ←005.40% │ →003.34%,23.82% │ 64.17% │ 12.00%,←112.32% │ →006.70% │ →072.33%,49.77%,50.23%,50.18%,49.82%,29570923842.57,29843039602.28,8668045104,8604965349,6571999971,1518581294,1511898901,3594921523,3640978161
_ywmf,roend,_xvcq,buljz,hatis,_kpg_,roendhatis,1145.657105,17.52%,←001.43%,37.29%,←001.02%,58828619252.67,→001.18%,→000.95%,1.74,→001.45%,1.73,1.76,07.89% │ 09.51% │ 11.13% │ 12.05% │ 09.11%,09.18% │ 11.77% │ 11.66% │ 09.74% │ 07.94%,06.53% │ 09.46% │ 14.74% │ 13.42% │ 06.11%,06.30% │ 11.80% │ 15.21% │ 09.87% │ 06.58%,→000.65% │ →002.35% │ →004.47% │ ←002.37% │ →000.74%,22.01% │ 66.20% │ 11.79%,→005.74% │ ←001.99% │ →009.57%,49.70%,50.30%,50.25%,49.75%,29240228177.48,29588391075.19,8680232441,8592778012,6441001071,1524052914,1502602723,3665939213,3700959371
_ywmf,roend,_xvcq,buljz,hatis,_kgp_,roendhatis,1145.601710,17.52%,←001.43%,37.29%,←001.02%,58827353363.71,→001.17%,→000.95%,1.74,→001.45%,1.73,1.76,07.89% │ 09.51% │ 11.14% │ 12.05% │ 09.11%,09.17% │ 11.79% │ 11.47% │ 09.92% │ 07.94%,06.53% │ 09.46% │ 14.74% │ 13.42% │ 06.11%,06.30% │ 11.80% │ 15.11% │ 09.96% │ 06.58%,→000.65% │ →004.10% │ →002.90% │ ←002.25% │ →000.70%,21.99% │ 66.20% │ 11.81%,→005.58% │ ←002.01% │ →009.92%,49.71%,50.29%,50.25%,49.75%,29240228177.48,29587125186.23,8680232441,8592778012,6441001071,1524052914,1502602723,3665939213,3700959371
ymfg_,doenr,__kcx,buljz,hitas,_vpwq,doenrhitas,1145.551531,17.91%,←001.08%,36.61%,←000.73%,59214217270.59,→000.83%,→001.07%,1.76,→001.37%,1.75,1.78,07.54% │ 10.23% │ 11.05% │ 11.77% │ 09.20%,09.14% │ 11.41% │ 11.69% │ 09.96% │ 08.01%,05.53% │ 10.16% │ 14.90% │ 12.87% │ 06.72%,06.30% │ 11.44% │ 15.21% │ 10.19% │ 06.68%,→005.87% │ ←002.72% │ →005.47% │ ←003.15% │ ←000.70%,22.73% │ 66.04% │ 11.24%,←001.43% │ ←001.30% │ →016.38%,49.79%,50.21%,50.18%,49.82%,29484025363.88,29730191906.71,8668044248,8604966205,6324309338,1554804929,1538136146,3721676105,3761914212
_ywmf,roend,_xvcq,bulzj,hatis,_kgp_,roendhatis,1145.452808,17.52%,←001.43%,37.29%,←001.02%,58881486326.27,→001.35%,→000.95%,1.74,→001.45%,1.73,1.76,07.89% │ 09.51% │ 11.12% │ 12.04% │ 09.10%,09.17% │ 11.83% │ 11.46% │ 09.82% │ 08.07%,06.53% │ 09.46% │ 14.74% │ 13.42% │ 06.11%,06.30% │ 11.80% │ 15.11% │ 09.86% │ 06.68%,→002.27% │ →003.23% │ →002.89% │ ←001.81% │ →000.68%,22.05% │ 66.15% │ 11.80%,→006.25% │ ←001.97% │ →009.92%,49.66%,50.34%,50.25%,49.75%,29240228177.48,29641258148.79,8680232441,8592778012,6441001071,1524052914,1502602723,3665939213,3700959371
zcfkx,lread,wjguy,_pnmv,sitoh,qb___,hotisdaerl,1145.094690,18.11%,→001.06%,38.92%,→000.42%,57938662788.62,←000.19%,→001.78%,1.70,→000.95%,1.69,1.70,07.95% │ 10.02% │ 12.09% │ 11.48% │ 08.51%,08.62% │ 10.93% │ 12.48% │ 10.12% │ 07.79%,05.76% │ 10.16% │ 16.28% │ 11.35% │ 06.55%,05.72% │ 11.80% │ 16.21% │ 10.09% │ 06.09%,←002.06% │ →001.05% │ →003.14% │ ←005.05% │ →001.39%,23.22% │ 62.94% │ 13.83%,→050.46% │ →005.34% │ ←462.41%,50.05%,49.95%,49.89%,50.11%,28996879680.74,28941783107.88,8618308980,8654701473,6722151539,1555964018,1572685005,3510984806,3574763310
__ucb,daerl,fkwpz,vgn__,hitos,jmqyx,daerlhitos,1144.331275,18.51%,←001.44%,37.86%,→002.04%,57641014473.09,→000.59%,→002.62%,1.73,→000.43%,1.72,1.73,07.97% │ 08.84% │ 12.48% │ 11.54% │ 09.03%,08.93% │ 11.94% │ 12.45% │ 08.95% │ 07.88%,06.01% │ 09.02% │ 16.44% │ 12.00% │ 06.02%,05.99% │ 12.24% │ 16.38% │ 09.26% │ 06.64%,←001.12% │ →001.24% │ ←000.23% │ →003.35% │ ←001.09%,21.50% │ 63.34% │ 15.16%,→018.89% │ →003.28% │ ←049.39%,49.85%,50.15%,49.48%,50.52%,28734799939.38,28906214533.71,8547427195,8725583258,6539075664,1610454980,1587629507,3586177940,3682646051
_mofy,rndel,__wqx,jgub_,staih,zpckv,rndelstaih,1143.869611,17.49%,→000.67%,38.06%,←000.46%,59619202870.78,→000.81%,→001.35%,1.72,→001.30%,1.71,1.73,07.65% │ 09.20% │ 11.83% │ 12.50% │ 08.62%,09.00% │ 11.84% │ 12.10% │ 09.78% │ 07.49%,06.53% │ 10.09% │ 13.08% │ 14.26% │ 06.16%,06.81% │ 12.99% │ 14.38% │ 09.95% │ 05.76%,←002.15% │ →005.93% │ →002.24% │ ←005.58% │ →004.16%,23.78% │ 64.13% │ 12.09%,←113.51% │ →006.22% │ →073.03%,49.80%,50.20%,50.12%,49.88%,29689036247.50,29930166623.28,8656377197,8616633256,6573328696,1505074404,1515253512,3592772814,3641798145
_mofy,rnled,__wqx,jpub_,satih,zgckv,rnledsatih,1143.765828,17.45%,→000.24%,38.06%,←000.46%,59473764147.01,→001.79%,→001.35%,1.72,→001.30%,1.71,1.73,07.70% │ 09.23% │ 11.60% │ 12.41% │ 08.61%,09.06% │ 11.85% │ 12.02% │ 09.80% │ 07.73%,06.53% │ 10.09% │ 13.52% │ 14.26% │ 05.72%,06.81% │ 12.47% │ 14.90% │ 09.95% │ 05.76%,→000.43% │ →005.85% │ →003.48% │ ←004.77% │ →004.90%,23.86% │ 64.13% │ 12.01%,←107.15% │ →007.13% │ →072.69%,49.55%,50.45%,50.12%,49.88%,29468548860.43,30005215286.58,8656377197,8616633256,6573328696,1505074404,1508641770,3592772814,3641798145
qmpzf,lnead,wkbc_,vuogj,hrits,xy___,lneadhrits,1143.712881,17.13%,→001.10%,39.54%,←001.49%,58128954650.96,←000.10%,→001.13%,1.68,→001.76%,1.66,1.69,07.90% │ 09.84% │ 12.13% │ 11.32% │ 08.83%,08.87% │ 10.75% │ 12.48% │ 09.81% │ 08.07%,06.06% │ 10.84% │ 15.74% │ 11.73% │ 06.01%,05.95% │ 11.01% │ 15.15% │ 10.85% │ 06.68%,→002.06% │ ←000.37% │ →002.82% │ ←005.34% │ →000.49%,24.88% │ 63.40% │ 11.72%,→044.92% │ ←000.94% │ ←291.98%,50.02%,49.98%,50.37%,49.63%,29078511646.81,29050443004.15,8700240229,8572770224,6829703504,1471604740,1487923272,3469240367,3508955784
_mofy,rndel,__wzj,qgub_,staih,xpckv,rndelstaih,1143.653003,17.51%,←000.89%,38.05%,←000.73%,59667327179.53,→000.28%,→001.26%,1.72,→001.43%,1.71,1.73,07.64% │ 09.20% │ 11.90% │ 12.57% │ 08.61%,08.88% │ 11.90% │ 12.04% │ 09.77% │ 07.48%,06.53% │ 10.09% │ 13.08% │ 14.28% │ 06.20%,06.74% │ 12.99% │ 14.38% │ 09.95% │ 05.76%,←002.17% │ →005.89% │ →001.13% │ ←005.69% │ →003.01%,23.68% │ 64.10% │ 12.22%,←119.45% │ →005.92% │ →073.10%,49.93%,50.07%,50.18%,49.82%,29791928729.62,29875398449.91,8668045104,8604965349,6571999971,1518581294,1505192521,3594921523,3640978161
bmu__,dneal,xjkcf,vprg_,hitos,qywz_,sotihlaend,1143.642298,17.11%,←001.63%,39.59%,→001.97%,57715560196.35,→000.50%,→000.55%,1.68,←000.98%,1.68,1.67,07.96% │ 09.34% │ 11.95% │ 11.22% │ 09.40%,08.91% │ 11.31% │ 12.76% │ 09.58% │ 07.55%,06.45% │ 09.74% │ 17.02% │ 11.44% │ 05.86%,06.45% │ 11.60% │ 15.49% │ 10.32% │ 05.63%,←005.42% │ →002.58% │ →006.36% │ →000.79% │ ←005.48%,22.54% │ 64.10% │ 13.36%,→032.23% │ →001.01% │ ←098.39%,49.88%,50.12%,49.50%,50.50%,28785640741.37,28929919454.98,8550794746,8722215707,6838509525,1489689237,1465754598,3475120644,3494269486
xcfkz,lread,wjguy,_mnpv,sitoh,qb___,hotisdaerl,1143.642046,18.11%,→001.06%,38.92%,→000.42%,58027533644.33,→000.01%,→001.78%,1.70,→000.95%,1.69,1.70,08.10% │ 10.01% │ 12.06% │ 11.46% │ 08.36%,08.61% │ 11.61% │ 12.46% │ 09.53% │ 07.79%,05.76% │ 09.71% │ 16.28% │ 11.81% │ 06.55%,05.66% │ 11.80% │ 16.21% │ 10.09% │ 06.15%,←004.07% │ ←005.00% │ →003.18% │ →001.28% │ →002.92%,23.23% │ 62.94% │ 13.83%,→050.23% │ →005.67% │ ←457.83%,50.00%,50.00%,49.89%,50.11%,29012859336.55,29014674307.78,8618308980,8654701473,6722151539,1555964018,1572685005,3510984806,3574763310
bmu__,dneal,xjkcf,vprg_,hitos,zywq_,sotihlaend,1143.625895,17.11%,←001.63%,39.59%,→001.97%,57734220899.62,→000.56%,→000.55%,1.68,←000.98%,1.68,1.67,07.96% │ 09.33% │ 11.94% │ 11.22% │ 09.40%,08.98% │ 11.32% │ 12.75% │ 09.54% │ 07.55%,06.45% │ 09.71% │ 17.02% │ 11.44% │ 05.89%,06.45% │ 11.60% │ 15.49% │ 10.32% │ 05.63%,←005.42% │ →002.13% │ →006.36% │ →000.89% │ ←004.72%,22.54% │ 64.09% │ 13.38%,→032.23% │ →001.04% │ ←097.43%,49.86%,50.14%,49.50%,50.50%,28785640741.37,28948580158.25,8550794746,8722215707,6838509525,1489689237,1465754598,3475120644,3494269486
_mofy,rndel,__wqx,jpub_,staih,zgckv,rndelstaih,1143.524136,17.45%,→000.24%,38.06%,←000.46%,59576975274.97,→000.67%,→001.35%,1.72,→001.30%,1.71,1.73,07.65% │ 09.21% │ 11.84% │ 12.51% │ 08.63%,09.00% │ 11.75% │ 12.15% │ 09.79% │ 07.47%,06.53% │ 10.09% │ 13.08% │ 14.26% │ 06.16%,06.81% │ 12.99% │ 14.38% │ 09.95% │ 05.76%,←002.46% │ →005.93% │ →002.59% │ ←006.40% │ →004.16%,23.93% │ 64.20% │ 11.87%,←109.75% │ →006.30% │ →072.35%,49.83%,50.17%,50.12%,49.88%,29689036247.50,29887939027.47,8656377197,8616633256,6573328696,1505074404,1508641770,3592772814,3641798145
zcfkx,dreal,yjguw,_mnpv,sitoh,qb___,hotislaerd,1143.471569,18.11%,→001.06%,38.92%,→000.42%,58313485562.40,←000.98%,→001.78%,1.70,→000.95%,1.69,1.70,07.74% │ 09.95% │ 12.04% │ 11.69% │ 08.82%,08.57% │ 11.56% │ 12.40% │ 09.48% │ 07.75%,05.76% │ 09.71% │ 16.28% │ 11.81% │ 06.55%,06.15% │ 11.80% │ 16.21% │ 10.09% │ 05.66%,→000.07% │ ←004.90% │ →002.93% │ ←001.20% │ ←002.95%,23.09% │ 63.15% │ 13.76%,→050.43% │ →004.06% │ ←458.00%,50.24%,49.76%,49.89%,50.11%,29298811254.62,29014674307.78,8618308980,8654701473,6722151539,1555964018,1572685005,3510984806,3574763310
bmu__,dneal,zjkcf,vprg_,hitos,qywx_,sotihlaend,1143.402528,17.11%,→000.11%,39.64%,→002.21%,57742178388.63,→000.92%,→001.11%,1.68,←000.76%,1.68,1.67,07.84% │ 09.33% │ 11.98% │ 11.22% │ 09.40%,08.91% │ 11.35% │ 12.78% │ 09.64% │ 07.55%,06.45% │ 09.80% │ 17.02% │ 11.44% │ 05.86%,06.45% │ 11.60% │ 15.49% │ 10.32% │ 05.57%,←003.82% │ →003.17% │ →006.31% │ →001.11% │ ←005.47%,22.57% │ 64.14% │ 13.29%,→032.40% │ →000.95% │ ←092.56%,49.77%,50.23%,49.44%,50.56%,28737490635.37,29004687753.26,8539911453,8733099000,6846352061,1477072096,1478741605,3461388643,3500158951
_mofy,rnled,__wzj,qgub_,satih,xpckv,rnledsatih,1143.233180,17.51%,←000.89%,38.05%,←000.73%,59566930726.69,→001.42%,→001.26%,1.72,→001.43%,1.71,1.73,07.69% │ 09.21% │ 11.67% │ 12.48% │ 08.60%,08.93% │ 11.86% │ 12.04% │ 09.78% │ 07.74%,06.53% │ 10.09% │ 13.52% │ 14.28% │ 05.76%,06.74% │ 12.47% │ 14.90% │ 09.95% │ 05.76%,→000.70% │ →005.81% │ →003.13% │ ←005.21% │ →003.72%,23.61% │ 64.05% │ 12.34%,←116.56% │ →006.81% │ →073.38%,49.64%,50.36%,50.18%,49.82%,29570923842.57,29996006884.12,8668045104,8604965349,6571999971,1518581294,1505192521,3594921523,3640978161
_jowv,rtheu,qgkzy,xmdpb,snail,_cf__,liansuehtr,1143.170489,17.76%,←002.20%,38.35%,←000.16%,58742829245.75,→000.65%,←002.48%,1.71,←001.64%,1.73,1.70,08.26% │ 09.51% │ 11.66% │ 11.93% │ 08.48%,08.82% │ 11.86% │ 11.68% │ 09.65% │ 08.15%,05.89% │ 09.73% │ 14.28% │ 13.42% │ 06.64%,05.56% │ 13.79% │ 12.99% │ 11.08% │ 06.63%,←001.36% │ →001.40% │ →000.20% │ ←000.60% │ →003.92%,24.53% │ 62.36% │ 13.11%,→007.15% │ ←001.28% │ ←002.92%,49.84%,50.16%,50.04%,49.96%,29276226686.96,29466602558.79,8643486767,8629523686,6624062662,1550657683,1517328681,3635888204,3547948789
__ucg,laerd,wkfpz,vmn__,hitos,xbjyq,laerdhitos,1142.948809,18.41%,←001.52%,38.87%,→000.34%,57526268041.34,←000.05%,←001.12%,1.70,←001.02%,1.71,1.69,07.97% │ 08.88% │ 12.86% │ 11.58% │ 08.73%,08.77% │ 11.79% │ 12.61% │ 09.05% │ 07.76%,05.96% │ 09.02% │ 16.93% │ 12.00% │ 06.00%,05.95% │ 11.81% │ 16.51% │ 09.26% │ 06.55%,←002.61% │ →001.92% │ ←001.95% │ →001.73% │ →000.52%,23.14% │ 62.94% │ 13.92%,→019.73% │ →004.36% │ ←079.47%,50.01%,49.99%,49.92%,50.08%,28770002695.17,28756265346.17,8621881738,8651128715,6714354007,1602142922,1578192794,3566599191,3526946457
_gowv,rtheu,qjkzy,xmdpb,snail,_cf__,liansuehtr,1142.679835,17.55%,→000.24%,38.35%,←000.16%,58576957893.27,→001.21%,←002.48%,1.71,←001.64%,1.73,1.70,08.25% │ 09.39% │ 11.67% │ 11.88% │ 08.51%,08.85% │ 11.89% │ 11.72% │ 09.67% │ 08.17%,05.89% │ 09.73% │ 14.28% │ 13.42% │ 06.64%,05.56% │ 13.79% │ 12.99% │ 11.08% │ 06.63%,←000.94% │ →002.97% │ →000.39% │ →000.08% │ →003.87%,26.74% │ 62.46% │ 10.80%,←009.62% │ ←001.02% │ →033.24%,49.70%,50.30%,50.04%,49.96%,29110355334.48,29466602558.79,8643486767,8629523686,6624062662,1513741213,1517328681,3635888204,3547948789
qmpzf,lnead,wkbc_,vuogj,hirts,xy___,lneadhirts,1142.651797,17.13%,→001.10%,39.54%,←001.49%,58556595604.19,→001.36%,→001.13%,1.68,→001.76%,1.66,1.69,07.84% │ 09.77% │ 12.04% │ 11.24% │ 08.77%,08.86% │ 11.72% │ 12.08% │ 09.72% │ 07.96%,06.06% │ 10.84% │ 15.74% │ 11.73% │ 06.01%,05.95% │ 12.07% │ 14.09% │ 10.85% │ 06.68%,→001.42% │ ←000.52% │ →000.36% │ →004.09% │ →001.10%,24.71% │ 63.76% │ 11.53%,→044.95% │ →001.64% │ ←309.67%,49.66%,50.34%,50.37%,49.63%,29078511646.81,29478083957.38,8700240229,8572770224,6829703504,1471604740,1487923272,3469240367,3508955784
_mofy,rnled,__wzx,qpub_,satih,jgckv,rnledsatih,1142.539519,17.56%,→000.09%,38.02%,←000.58%,59508878357.10,→001.62%,→001.02%,1.72,→001.15%,1.71,1.73,07.69% │ 09.22% │ 11.60% │ 12.47% │ 08.61%,08.99% │ 11.81% │ 12.11% │ 09.78% │ 07.72%,06.53% │ 10.09% │ 13.52% │ 14.28% │ 05.72%,06.78% │ 12.47% │ 14.90% │ 09.95% │ 05.76%,→000.40% │ →005.66% │ →004.21% │ ←005.56% │ →004.22%,23.77% │ 64.07% │ 12.16%,←109.64% │ →006.88% │ →072.76%,49.59%,50.41%,50.14%,49.86%,29511625936.31,29997252420.79,8661403529,8611606924,6567855502,1515694655,1517077085,3601378426,3638665727
xcfkz,dreal,yjguw,_mnpv,sitoh,qb___,hotislaerd,1142.420958,18.11%,→001.06%,38.92%,→000.42%,58329460195.38,←001.03%,→001.78%,1.70,→000.95%,1.69,1.70,07.90% │ 09.95% │ 12.02% │ 11.69% │ 08.69%,08.57% │ 11.55% │ 12.40% │ 09.48% │ 07.75%,05.76% │ 09.71% │ 16.28% │ 11.81% │ 06.55%,06.09% │ 11.80% │ 16.21% │ 10.09% │ 05.72%,←002.04% │ ←004.93% │ →003.01% │ ←001.20% │ ←001.44%,23.12% │ 63.12% │ 13.76%,→050.18% │ →004.09% │ ←457.98%,50.26%,49.74%,49.89%,50.11%,29314785887.60,29014674307.78,8618308980,8654701473,6722151539,1555964018,1572685005,3510984806,3574763310
_jowv,rtheu,zgkqy,xmdpb,snail,_cf__,liansuehtr,1142.327958,17.76%,←002.20%,38.35%,←000.16%,58752244714.18,→000.61%,←002.48%,1.71,←001.64%,1.73,1.70,08.30% │ 09.51% │ 11.66% │ 11.91% │ 08.46%,08.82% │ 11.86% │ 11.68% │ 09.64% │ 08.15%,05.89% │ 09.73% │ 14.28% │ 13.42% │ 06.64%,05.56% │ 13.76% │ 12.99% │ 11.08% │ 06.66%,←001.89% │ →001.40% │ →000.16% │ ←000.44% │ →004.09%,24.53% │ 62.35% │ 13.12%,→007.12% │ ←001.28% │ ←003.13%,49.85%,50.15%,50.04%,49.96%,29285642155.39,29466602558.79,8643486767,8629523686,6624062662,1550657683,1517328681,3635888204,3547948789
zcfkw,dreal,yjgux,_mnpv,sitoh,qb___,hotislaerd,1142.038476,18.13%,→000.87%,38.92%,→000.42%,58326727268.86,←001.02%,→001.78%,1.70,→000.95%,1.69,1.70,07.74% │ 09.95% │ 12.06% │ 11.67% │ 08.83%,08.57% │ 11.55% │ 12.40% │ 09.48% │ 07.75%,05.76% │ 09.71% │ 16.28% │ 11.81% │ 06.55%,06.15% │ 11.80% │ 16.21% │ 10.09% │ 05.66%,→000.06% │ ←004.98% │ →002.69% │ ←001.00% │ ←003.03%,25.31% │ 63.14% │ 11.55%,→036.02% │ →004.02% │ ←352.15%,50.25%,49.75%,49.89%,50.11%,29312052961.08,29014674307.78,8618308980,8654701473,6722151539,1559014262,1572685005,3510984806,3574763310
_mofy,rndel,__wqx,jpub_,satih,zgckv,rndelsatih,1141.781078,17.45%,→000.24%,38.06%,←000.46%,59694251534.08,→001.05%,→001.35%,1.72,→001.30%,1.71,1.73,07.64% │ 09.19% │ 11.81% │ 12.48% │ 08.61%,09.02% │ 11.81% │ 11.97% │ 09.77% │ 07.70%,06.53% │ 10.09% │ 13.08% │ 14.26% │ 06.16%,06.81% │ 12.47% │ 14.90% │ 09.95% │ 05.76%,→000.79% │ →005.86% │ →001.34% │ ←005.72% │ →004.56%,23.91% │ 64.12% │ 11.97%,←108.95% │ →006.43% │ →072.70%,49.74%,50.26%,50.12%,49.88%,29689036247.50,30005215286.58,8656377197,8616633256,6573328696,1505074404,1508641770,3592772814,3641798145
gvumq,ctehr,_pzd_,_fowj,sianl,_yxbk,lnaisrhetc,1141.581473,17.14%,←000.61%,37.84%,←000.04%,58832818016.18,←003.69%,→001.04%,1.73,→000.79%,1.72,1.73,07.20% │ 10.75% │ 12.28% │ 11.47% │ 09.20%,08.59% │ 10.98% │ 12.19% │ 10.54% │ 06.79%,05.24% │ 10.80% │ 16.02% │ 11.48% │ 06.45%,06.63% │ 11.11% │ 14.88% │ 12.02% │ 05.38%,←006.11% │ ←001.99% │ ←000.75% │ ←004.48% │ ←007.03%,23.49% │ 63.73% │ 12.78%,→012.62% │ ←005.67% │ ←029.38%,50.91%,49.09%,50.01%,49.99%,29949394045.81,28883423970.37,8638151864,8634858589,6536087673,1485161574,1476127928,3616885388,3654926594
gxucz,dtehr,_pvm_,_fowj,sanil,_yqkb,linasrhetd,1141.509499,16.89%,→000.35%,37.80%,←000.41%,59847476506.35,←002.00%,→000.18%,1.73,→000.43%,1.72,1.73,07.73% │ 09.54% │ 13.11% │ 11.03% │ 09.08%,08.46% │ 11.04% │ 12.47% │ 09.59% │ 07.95%,06.12% │ 10.02% │ 15.15% │ 12.16% │ 06.45%,06.66% │ 10.61% │ 15.83% │ 11.13% │ 05.87%,→002.70% │ →000.58% │ ←005.20% │ →000.06% │ ←007.32%,22.90% │ 64.39% │ 12.70%,→016.05% │ ←005.77% │ ←020.56%,50.50%,49.50%,50.10%,49.90%,30220491381.66,29626985124.69,8654061489,8618948964,6528541193,1456551929,1461679386,3636338376,3643020086
qmpzf,lnead,bkwc_,vuogj,hirts,xy___,lneadhirts,1141.426183,17.13%,→001.10%,39.54%,←001.49%,58533388195.49,→001.43%,→001.13%,1.68,→001.76%,1.66,1.69,07.94% │ 09.75% │ 12.02% │ 11.16% │ 08.77%,08.87% │ 11.72% │ 12.09% │ 09.73% │ 07.96%,05.99% │ 10.84% │ 15.81% │ 11.73% │ 06.01%,05.95% │ 12.07% │ 14.09% │ 10.85% │ 06.68%,→000.27% │ ←000.27% │ →000.58% │ →004.77% │ →001.10%,24.72% │ 63.77% │ 11.51%,→044.95% │ →001.68% │ ←308.49%,49.64%,50.36%,50.37%,49.63%,29055304238.11,29478083957.38,8700240229,8572770224,6829703504,1471604740,1487923272,3469240367,3508955784
__ucp,laerd,wkfgz,vmn__,hitos,qbjyx,laerdhitos,1141.230291,18.36%,←000.96%,38.87%,→000.34%,57679759774.03,←000.64%,←001.12%,1.70,←001.02%,1.71,1.69,08.02% │ 08.93% │ 12.85% │ 11.57% │ 08.79%,08.61% │ 11.75% │ 12.58% │ 09.03% │ 07.87%,05.96% │ 09.02% │ 16.93% │ 11.91% │ 06.10%,05.86% │ 11.81% │ 16.51% │ 09.26% │ 06.64%,←001.89% │ →001.14% │ ←002.14% │ →001.53% │ ←002.14%,23.17% │ 63.04% │ 13.80%,→019.04% │ →003.51% │ ←078.34%,50.16%,49.84%,49.92%,50.08%,28931900536.51,28747859237.52,8621881738,8651128715,6714354007,1593268682,1578192794,3566599191,3526946457
_mfwy,roend,_qvcx,buljz,hitas,_kpg_,roendhitas,1141.101083,17.52%,←001.43%,37.29%,←001.02%,58453842513.07,→001.55%,→000.95%,1.74,→001.45%,1.73,1.76,07.86% │ 10.49% │ 11.83% │ 10.94% │ 08.49%,09.22% │ 10.88% │ 11.91% │ 10.40% │ 07.98%,06.53% │ 10.26% │ 15.23% │ 12.51% │ 05.72%,06.30% │ 11.11% │ 15.21% │ 10.55% │ 06.58%,→001.41% │ ←000.82% │ →000.71% │ ←000.56% │ →007.93%,21.94% │ 66.16% │ 11.89%,→008.62% │ ←002.29% │ →008.74%,49.61%,50.39%,50.25%,49.75%,28998453748.20,29455388764.87,8680232441,8592778012,6441001071,1524052914,1502602723,3665939213,3700959371
_mofy,rndel,__wqx,jgub_,satih,zpckv,rndelsatih,1141.035155,17.49%,→000.67%,38.06%,←000.46%,59738781534.09,→001.20%,→001.35%,1.72,→001.30%,1.71,1.73,07.63% │ 09.19% │ 11.80% │ 12.47% │ 08.60%,09.02% │ 11.87% │ 11.94% │ 09.76% │ 07.72%,06.53% │ 10.09% │ 13.08% │ 14.26% │ 06.16%,06.81% │ 12.47% │ 14.90% │ 09.95% │ 05.76%,→001.08% │ →005.87% │ →001.17% │ ←005.09% │ →004.56%,23.77% │ 64.06% │ 12.17%,←112.47% │ →006.39% │ →073.31%,49.70%,50.30%,50.12%,49.88%,29689036247.50,30049745286.59,8656377197,8616633256,6573328696,1505074404,1515253512,3592772814,3641798145
__ucb,laerd,wkfpx,vgn__,hitos,qmjyz,laerdhitos,1140.983164,18.62%,←002.42%,37.73%,→001.79%,57397428943.35,→000.69%,→002.09%,1.73,→000.22%,1.73,1.73,08.08% │ 08.93% │ 13.08% │ 11.60% │ 08.13%,08.77% │ 11.98% │ 12.61% │ 08.98% │ 07.83%,05.96% │ 09.02% │ 16.93% │ 12.00% │ 05.63%,05.86% │ 12.24% │ 16.51% │ 09.26% │ 06.58%,←003.12% │ →000.54% │ ←003.75% │ →003.13% │ →007.29%,21.61% │ 63.31% │ 15.08%,→018.76% │ →003.82% │ ←052.21%,49.83%,50.17%,49.55%,50.45%,28599504837.72,28797924105.63,8558310488,8714699965,6516856490,1627323206,1588943492,3607098260,3683944905
_mwyf,roend,_qvcx,bulzj,hitas,_kgp_,roendhitas,1140.937911,17.52%,←001.43%,37.29%,←001.02%,58822927005.17,→000.66%,→000.95%,1.74,→001.45%,1.73,1.76,07.89% │ 10.59% │ 11.11% │ 10.97% │ 09.27%,09.16% │ 10.84% │ 11.63% │ 10.47% │ 08.06%,06.53% │ 10.26% │ 14.74% │ 12.52% │ 06.20%,06.30% │ 11.11% │ 15.11% │ 10.54% │ 06.68%,→002.06% │ ←001.12% │ →004.51% │ ←001.22% │ ←001.22%,22.19% │ 65.97% │ 11.84%,→006.08% │ ←002.87% │ →009.13%,49.84%,50.16%,50.25%,49.75%,29314534792.38,29508392212.79,8680232441,8592778012,6441001071,1524052914,1502602723,3665939213,3700959371
_mwyf,roend,_qvcx,buljz,hitas,_kgp_,roendhitas,1140.709785,17.52%,←001.43%,37.29%,←001.02%,58781783333.03,→000.52%,→000.95%,1.74,→001.45%,1.73,1.76,07.90% │ 10.60% │ 11.12% │ 10.98% │ 09.28%,09.16% │ 10.82% │ 11.64% │ 10.57% │ 07.93%,06.53% │ 10.26% │ 14.74% │ 12.52% │ 06.20%,06.30% │ 11.11% │ 15.11% │ 10.65% │ 06.58%,→000.42% │ ←000.25% │ →004.51% │ ←001.49% │ ←001.21%,22.14% │ 66.01% │ 11.85%,→005.51% │ ←002.87% │ →009.13%,49.87%,50.13%,50.25%,49.75%,29314534792.38,29467248540.65,8680232441,8592778012,6441001071,1524052914,1502602723,3665939213,3700959371
qmugy,lread,wkvfz,xco__,stinh,__jpb,lreadstinh,1140.696325,18.52%,←001.74%,37.55%,→000.30%,58549124342.03,←000.83%,→000.97%,1.74,→000.49%,1.73,1.74,07.72% │ 09.62% │ 12.59% │ 11.90% │ 08.37%,08.60% │ 11.39% │ 12.59% │ 08.97% │ 08.24%,06.06% │ 09.88% │ 15.83% │ 12.51% │ 05.66%,06.64% │ 12.12% │ 15.38% │ 09.64% │ 06.30%,→006.28% │ ←007.19% │ ←000.03% │ ←004.40% │ →002.58%,24.42% │ 62.52% │ 13.06%,→008.06% │ →001.77% │ ←036.05%,50.21%,49.79%,49.93%,50.07%,29394904540.63,29154219801.40,8623600337,8649410116,6486375546,1613042656,1585401634,3642956764,3678567345
jkucp,lnead,vwy__,zfom_,riths,xgqb_,lneadriths,1140.685644,16.81%,←000.05%,39.43%,→001.90%,58174246037.00,→001.71%,→001.04%,1.68,←000.59%,1.69,1.68,07.36% │ 08.90% │ 13.08% │ 11.34% │ 08.88%,09.32% │ 11.35% │ 12.83% │ 09.36% │ 07.58%,05.57% │ 09.93% │ 16.45% │ 11.60% │ 05.97%,06.85% │ 11.82% │ 16.46% │ 08.90% │ 06.45%,→002.93% │ →004.83% │ ←002.01% │ →000.06% │ →004.69%,25.89% │ 62.96% │ 11.15%,→018.28% │ ←002.12% │ ←021.54%,49.57%,50.43%,49.52%,50.48%,28836960048.67,29337285988.33,8553667228,8719343225,6810008884,1452295639,1451557894,3480592479,3517298292
__ucb,daerl,gkwfx,vmo__,hntis,qpjyz,daerlhntis,1140.616650,17.80%,←001.60%,38.63%,→002.17%,57603651536.77,→001.65%,→003.06%,1.70,→000.64%,1.70,1.71,07.88% │ 08.79% │ 12.50% │ 11.39% │ 09.02%,08.61% │ 11.82% │ 13.02% │ 09.10% │ 07.86%,05.87% │ 09.02% │ 16.44% │ 12.04% │ 06.08%,05.86% │ 12.24% │ 16.59% │ 09.29% │ 06.58%,←000.23% │ →003.49% │ →003.96% │ →003.61% │ ←004.74%,22.91% │ 62.36% │ 14.73%,→027.11% │ →002.23% │ ←061.43%,49.58%,50.42%,49.45%,50.55%,28561799515.88,29041852020.89,8541824209,8731186244,6672879416,1549051213,1524721098,3512055483,3622964756
qjcug,laerd,wyvf_,__opb,stinh,xmzk_,laerdstinh,1140.436718,17.65%,←001.91%,38.69%,←000.02%,57933602744.26,←000.11%,←000.26%,1.70,←000.17%,1.70,1.70,08.03% │ 10.30% │ 12.21% │ 11.00% │ 08.49%,08.76% │ 10.26% │ 12.56% │ 10.02% │ 08.37%,06.06% │ 10.20% │ 16.37% │ 11.49% │ 05.87%,06.64% │ 11.40% │ 15.28% │ 10.38% │ 06.30%,→004.16% │ ←002.78% │ →002.77% │ ←007.19% │ →003.05%,24.35% │ 62.09% │ 13.56%,→022.87% │ →003.27% │ ←090.60%,50.03%,49.97%,50.00%,50.00%,28982204582.29,28951398161.97,8637277845,8635732608,6683399673,1538515538,1509684164,3566853242,3557646740
xkucp,lnead,vwy__,qfom_,riths,zgjb_,lneadriths,1140.391904,16.95%,→000.04%,39.37%,→002.05%,58127573655.69,→001.89%,→000.79%,1.68,←000.87%,1.69,1.68,07.37% │ 08.91% │ 13.00% │ 11.32% │ 08.92%,09.18% │ 11.33% │ 13.02% │ 09.36% │ 07.59%,05.54% │ 09.93% │ 16.45% │ 11.60% │ 05.97%,06.76% │ 11.82% │ 16.59% │ 08.90% │ 06.45%,→002.83% │ →004.79% │ →000.16% │ →000.08% │ →002.82%,25.91% │ 62.87% │ 11.22%,→018.44% │ ←002.10% │ ←020.07%,49.52%,50.48%,49.48%,50.52%,28786759946.05,29340813709.64,8547025653,8725984800,6799914423,1464046876,1464590562,3490024378,3517960854
__cub,daerl,fkwpz,vgn__,hitos,qmjyx,daerlhitos,1140.299092,18.51%,←001.44%,37.86%,→002.04%,57654291075.85,→000.27%,→002.62%,1.73,→000.43%,1.72,1.73,07.99% │ 08.73% │ 12.70% │ 11.46% │ 09.06%,08.73% │ 11.93% │ 12.60% │ 08.93% │ 07.88%,06.01% │ 09.02% │ 16.99% │ 11.45% │ 06.02%,05.86% │ 12.24% │ 16.51% │ 09.26% │ 06.64%,←001.40% │ →002.24% │ ←000.83% │ →003.96% │ ←003.70%,21.46% │ 63.39% │ 15.15%,→019.19% │ →002.93% │ ←051.17%,49.93%,50.07%,49.48%,50.52%,28788424782.56,28865866293.29,8547427195,8725583258,6539075664,1610454980,1587629507,3586177940,3682646051
qjcug,laerd,wfvy_,__opb,stinh,xmzk_,laerdstinh,1140.257514,17.65%,←001.91%,38.69%,←000.02%,57933790877.23,←000.11%,←000.26%,1.70,←000.17%,1.70,1.70,08.04% │ 10.54% │ 12.22% │ 10.73% │ 08.49%,08.76% │ 10.26% │ 12.56% │ 10.02% │ 08.37%,06.06% │ 10.69% │ 16.37% │ 11.01% │ 05.87%,06.64% │ 11.40% │ 15.28% │ 10.38% │ 06.30%,→003.97% │ ←005.24% │ →002.70% │ ←004.55% │ →003.04%,24.34% │ 62.16% │ 13.50%,→022.96% │ →003.05% │ ←089.42%,50.03%,49.97%,50.00%,50.00%,28982392715.26,28951398161.97,8637277845,8635732608,6683399673,1538515538,1509684164,3566853242,3557646740
qjcug,laerd,wfvy_,__opb,stinh,zmxk_,laerdstinh,1140.101058,17.65%,←001.91%,38.69%,←000.02%,57902417274.94,←000.22%,←000.26%,1.70,←000.17%,1.70,1.70,08.05% │ 10.55% │ 12.23% │ 10.74% │ 08.49%,08.67% │ 10.25% │ 12.63% │ 10.01% │ 08.38%,06.06% │ 10.69% │ 16.37% │ 11.01% │ 05.87%,06.58% │ 11.40% │ 15.34% │ 10.38% │ 06.30%,→003.97% │ ←005.33% │ →003.19% │ ←004.78% │ →002.07%,24.34% │ 62.17% │ 13.49%,→022.91% │ →002.98% │ ←090.37%,50.05%,49.95%,50.00%,50.00%,28982392715.26,28920024559.68,8637277845,8635732608,6683399673,1538515538,1509684164,3566853242,3557646740
__cub,daerl,fkwpz,vgn__,hitos,jmqyx,daerlhitos,1139.905053,18.51%,←001.44%,37.86%,→002.04%,57694639316.27,→000.41%,→002.62%,1.73,→000.43%,1.72,1.73,07.98% │ 08.72% │ 12.69% │ 11.45% │ 09.05%,08.92% │ 11.93% │ 12.44% │ 08.94% │ 07.87%,06.01% │ 09.02% │ 16.99% │ 11.45% │ 06.02%,05.99% │ 12.24% │ 16.38% │ 09.26% │ 06.64%,←001.39% │ →002.43% │ ←002.04% │ →004.01% │ ←001.43%,21.44% │ 63.37% │ 15.18%,→019.19% │ →003.00% │ ←050.01%,49.90%,50.10%,49.48%,50.52%,28788424782.56,28906214533.71,8547427195,8725583258,6539075664,1610454980,1587629507,3586177940,3682646051
yuldq,fneor,w____,xmckj,staih,zgpbv,fneorstaih,1139.763861,17.32%,←001.76%,38.10%,←000.39%,59585847349.74,→000.24%,←002.44%,1.72,←001.46%,1.73,1.71,08.03% │ 09.52% │ 11.65% │ 11.66% │ 09.08%,08.81% │ 12.10% │ 11.43% │ 10.03% │ 07.69%,05.58% │ 10.27% │ 16.24% │ 11.38% │ 06.63%,06.77% │ 13.45% │ 13.74% │ 09.95% │ 05.99%,←004.54% │ →005.02% │ ←001.87% │ →003.67% │ ←003.02%,23.87% │ 64.79% │ 11.33%,←097.42% │ →005.10% │ →071.05%,49.94%,50.06%,50.10%,49.90%,29757435031.12,29828412318.62,8653482646,8619527807,6581512974,1508653768,1482572616,3656716519,3569670162
gwdcz,maenr,___fq,_ylbx,sitoh,jupvk,maenrsitoh,1139.726630,18.26%,←001.29%,38.26%,←000.68%,58584894277.35,←000.99%,←000.25%,1.71,→000.31%,1.71,1.72,06.98% │ 09.70% │ 12.32% │ 11.84% │ 09.41%,08.92% │ 11.86% │ 11.58% │ 10.12% │ 07.27%,04.65% │ 09.96% │ 15.79% │ 13.00% │ 06.76%,06.68% │ 12.07% │ 15.21% │ 10.26% │ 05.62%,→003.92% │ →004.16% │ ←006.34% │ →000.16% │ ←005.44%,23.24% │ 64.92% │ 11.84%,←065.26% │ ←004.49% │ →071.93%,50.25%,49.75%,50.17%,49.83%,29437263812.53,29147630464.82,8665752037,8607258416,6609450580,1587388233,1567232845,3603695401,3594753674
gjucz,dtehr,_pvm_,_fobw,sanil,_yxkq,linasrhetd,1139.725001,16.48%,→000.30%,37.99%,←000.56%,59987190904.47,←001.38%,→000.43%,1.72,→000.71%,1.72,1.73,07.71% │ 09.44% │ 13.12% │ 11.00% │ 09.06%,08.44% │ 11.16% │ 12.50% │ 09.63% │ 07.92%,06.06% │ 09.95% │ 15.24% │ 12.16% │ 06.45%,06.66% │ 10.61% │ 15.83% │ 11.17% │ 05.87%,→002.61% │ →001.99% │ ←005.00% │ →001.43% │ ←007.32%,25.06% │ 64.45% │ 10.49%,→028.59% │ ←005.01% │ ←091.45%,50.34%,49.66%,50.14%,49.86%,30199009052.90,29788181851.57,8660703064,8612307389,6561543750,1420823381,1425052657,3615452429,3630903476
_mofy,rndel,__wzj,qgub_,satih,xpckv,rndelsatih,1139.676216,17.51%,←000.89%,38.05%,←000.73%,59787935613.74,→000.68%,→001.26%,1.72,→001.43%,1.71,1.73,07.63% │ 09.18% │ 11.88% │ 12.55% │ 08.59%,08.89% │ 11.82% │ 12.00% │ 09.75% │ 07.71%,06.53% │ 10.09% │ 13.08% │ 14.28% │ 06.20%,06.74% │ 12.47% │ 14.90% │ 09.95% │ 05.76%,→001.06% │ →005.83% │ →000.99% │ ←006.17% │ →003.39%,23.67% │ 64.04% │ 12.29%,←118.44% │ →006.11% │ →073.38%,49.83%,50.17%,50.18%,49.82%,29791928729.62,29996006884.12,8668045104,8604965349,6571999971,1518581294,1505192521,3594921523,3640978161
gjucz,dtehr,_pvm_,_fowb,sanil,_yxkq,linasrhetd,1139.648337,16.48%,→000.30%,37.99%,←000.56%,59919431456.21,←001.61%,→000.43%,1.72,→000.71%,1.72,1.73,07.72% │ 09.45% │ 13.14% │ 11.01% │ 09.07%,08.45% │ 11.09% │ 12.46% │ 09.62% │ 07.98%,05.99% │ 10.02% │ 15.24% │ 12.16% │ 06.45%,06.66% │ 10.61% │ 15.83% │ 11.17% │ 05.87%,→003.20% │ →001.73% │ ←005.44% │ →000.68% │ ←007.32%,25.09% │ 64.36% │ 10.55%,→028.59% │ ←005.56% │ ←088.78%,50.40%,49.60%,50.14%,49.86%,30199009052.90,29720422403.31,8660703064,8612307389,6561543750,1420823381,1425052657,3615452429,3630903476
xkucp,lnead,vwy__,jfom_,riths,zgqb_,lneadriths,1139.589758,16.83%,←001.50%,39.37%,→002.05%,58142674943.97,→001.94%,→000.79%,1.68,←000.87%,1.69,1.68,07.37% │ 08.91% │ 13.00% │ 11.32% │ 08.92%,09.37% │ 11.33% │ 12.85% │ 09.36% │ 07.58%,05.54% │ 09.93% │ 16.45% │ 11.60% │ 05.97%,06.89% │ 11.82% │ 16.46% │ 08.90% │ 06.45%,→002.83% │ →004.79% │ ←001.18% │ →000.13% │ →004.83%,26.07% │ 62.86% │ 11.07%,→019.38% │ ←002.08% │ ←023.62%,49.51%,50.49%,49.48%,50.52%,28786759946.05,29355914997.92,8547025653,8725984800,6799914423,1464046876,1442355722,3490024378,3517960854
qgcuw,daerl,yzvf_,__opb,stinh,xmjk_,daerlstinh,1139.223893,17.75%,←001.26%,38.74%,→000.39%,57702355012.46,→001.35%,→000.05%,1.70,←000.24%,1.70,1.70,07.80% │ 10.23% │ 12.26% │ 10.80% │ 08.56%,08.79% │ 10.30% │ 12.78% │ 10.06% │ 08.41%,05.63% │ 10.45% │ 16.37% │ 11.49% │ 05.96%,06.64% │ 11.40% │ 15.38% │ 10.38% │ 06.30%,→007.16% │ ←001.71% │ →004.05% │ ←004.83% │ →002.63%,25.97% │ 62.24% │ 11.79%,→012.74% │ →003.51% │ ←045.83%,49.66%,50.34%,49.90%,50.10%,28654837471.61,29047517540.85,8619752977,8653257476,6691673356,1542506485,1523268289,3557290336,3558935963
yuldq,fneor,w____,jmckx,staih,zgpbv,fneorstaih,1139.194340,17.32%,←001.76%,38.10%,←000.39%,59588114673.85,→000.25%,←002.44%,1.72,←001.46%,1.73,1.71,08.03% │ 09.52% │ 11.65% │ 11.66% │ 09.08%,08.87% │ 12.10% │ 11.43% │ 10.03% │ 07.63%,05.58% │ 10.27% │ 16.24% │ 11.38% │ 06.63%,06.81% │ 13.45% │ 13.74% │ 09.95% │ 05.95%,←005.33% │ →005.07% │ ←001.85% │ →003.67% │ ←002.38%,23.87% │ 64.79% │ 11.34%,←097.49% │ →005.08% │ →071.09%,49.94%,50.06%,50.10%,49.90%,29757435031.12,29830679642.73,8653482646,8619527807,6581512974,1508653768,1482572616,3656716519,3569670162
gjpuq,dtehr,_mvc_,_fokw,sainl,_bxyz,lniasrhetd,1139.109440,17.05%,←001.91%,37.82%,←000.44%,60007697054.97,←002.30%,→000.74%,1.73,→000.86%,1.72,1.74,07.72% │ 10.03% │ 12.23% │ 11.52% │ 09.07%,08.41% │ 10.91% │ 12.44% │ 09.76% │ 07.91%,06.09% │ 09.94% │ 15.34% │ 12.08% │ 06.45%,06.63% │ 10.79% │ 15.19% │ 11.63% │ 05.87%,→002.39% │ ←002.78% │ →001.65% │ ←005.54% │ ←007.81%,23.26% │ 63.79% │ 12.95%,→031.61% │ ←006.25% │ ←076.14%,50.57%,49.43%,50.11%,49.89%,30345440792.41,29662256262.56,8655676732,8617333721,6533454596,1486849802,1459008044,3623627991,3650817068
yuldq,fneor,w____,zmckx,staih,jgpbv,fneorstaih,1139.090870,17.30%,←001.97%,38.10%,←000.39%,59588300786.98,→000.25%,←002.44%,1.72,←001.46%,1.73,1.71,08.03% │ 09.52% │ 11.65% │ 11.66% │ 09.08%,08.87% │ 12.10% │ 11.43% │ 10.03% │ 07.63%,05.58% │ 10.27% │ 16.24% │ 11.38% │ 06.63%,06.81% │ 13.45% │ 13.74% │ 09.95% │ 05.95%,←005.33% │ →005.08% │ ←001.87% │ →003.67% │ ←002.36%,23.75% │ 64.79% │ 11.47%,←100.59% │ →005.08% │ →071.50%,49.94%,50.06%,50.10%,49.90%,29757435031.12,29830865755.86,8653482646,8619527807,6581512974,1508653768,1479483796,3656716519,3569670162
myplx,fneor,qwv__,jbug_,sitah,_cdzk,fneorsitah,1139.069458,16.54%,→000.96%,38.94%,→001.92%,59903613281.27,←001.19%,→000.41%,1.69,←001.07%,1.70,1.69,07.14% │ 09.84% │ 12.45% │ 11.81% │ 09.05%,08.81% │ 12.04% │ 12.09% │ 09.71% │ 07.06%,04.89% │ 10.88% │ 15.19% │ 11.83% │ 06.72%,06.68% │ 12.54% │ 15.40% │ 10.45% │ 05.43%,←001.15% │ ←001.42% │ ←002.95% │ →001.89% │ ←002.76%,21.83% │ 64.85% │ 13.32%,←085.86% │ ←000.76% │ →063.57%,50.30%,49.70%,49.52%,50.48%,30129101803.55,29774511477.72,8552782529,8720227924,6725639233,1421893853,1435607849,3533825608,3548434814
zcfkx,lread,wjguy,_mnpv,sotih,qb___,hitosdaerl,1138.831900,18.11%,→001.06%,38.92%,→000.42%,58194979295.68,→000.69%,→001.78%,1.70,→000.95%,1.69,1.70,07.92% │ 09.97% │ 12.04% │ 11.43% │ 08.47%,08.59% │ 11.42% │ 12.74% │ 09.67% │ 07.76%,05.76% │ 09.73% │ 16.28% │ 11.78% │ 06.55%,05.72% │ 11.80% │ 16.21% │ 10.09% │ 06.09%,←001.97% │ ←003.15% │ →005.47% │ ←000.12% │ →001.40%,23.20% │ 63.01% │ 13.79%,→050.70% │ →006.34% │ ←456.94%,49.83%,50.17%,49.89%,50.11%,28996879680.74,29198099614.94,8618308980,8654701473,6722151539,1555964018,1572685005,3510984806,3574763310
julfp,rseam,___wk,_ydbq,hiton,vgcxz,rseamhiton,1138.786874,17.04%,←001.29%,37.79%,→000.54%,58643484187.98,→000.42%,→000.84%,1.73,→000.22%,1.73,1.73,08.56% │ 09.11% │ 12.34% │ 11.68% │ 08.21%,08.56% │ 11.17% │ 12.19% │ 09.09% │ 09.10%,06.76% │ 09.23% │ 16.24% │ 12.15% │ 05.50%,05.76% │ 11.34% │ 15.95% │ 09.37% │ 07.72%,→005.89% │ ←000.20% │ ←001.21% │ ←004.58% │ →004.11%,22.59% │ 65.17% │ 12.24%,←074.74% │ →001.03% │ →065.95%,49.89%,50.11%,49.87%,50.13%,29259911812.39,29383572375.59,8613257667,8659752786,6526932925,1480940734,1462110615,3625217916,3655748814
gjucz,dtehr,_pvm_,_fokw,sainl,_yqbx,lniasrhetd,1138.764507,16.55%,→001.22%,37.99%,←000.56%,59818196476.75,←001.96%,→000.43%,1.72,→000.71%,1.72,1.73,07.74% │ 09.47% │ 13.16% │ 11.03% │ 09.09%,08.44% │ 11.22% │ 12.36% │ 09.40% │ 08.10%,06.15% │ 09.86% │ 15.25% │ 12.16% │ 06.45%,06.66% │ 10.61% │ 15.83% │ 11.17% │ 05.87%,→004.43% │ ←000.78% │ ←006.46% │ →001.71% │ ←007.68%,24.33% │ 64.17% │ 11.50%,→024.45% │ ←006.58% │ ←050.38%,50.48%,49.52%,50.14%,49.86%,30199009052.90,29619187423.85,8660703064,8612307389,6561543750,1420823381,1438345653,3615452429,3630903476
fwdgz,caenr,___mq,_ylbk,sitoh,jupvx,caenrsitoh,1138.455353,17.94%,→000.22%,38.26%,←000.68%,58293556949.84,→000.35%,←000.25%,1.71,→000.31%,1.71,1.72,07.52% │ 09.65% │ 12.17% │ 11.16% │ 09.42%,08.97% │ 11.94% │ 11.60% │ 10.18% │ 07.40%,05.51% │ 09.96% │ 15.79% │ 12.14% │ 06.76%,06.68% │ 12.07% │ 15.21% │ 10.26% │ 05.62%,←001.53% │ →005.17% │ ←004.88% │ →006.53% │ ←005.04%,22.72% │ 65.71% │ 11.57%,←032.60% │ ←005.88% │ →062.31%,49.91%,50.09%,50.17%,49.83%,29096142421.49,29197414528.35,8665752037,8607258416,6609450580,1547341032,1550788607,3603695401,3594753674
gzpuq,dtehr,_mvc_,_fokw,sainl,_bjyx,lniasrhetd,1138.447841,17.16%,←001.15%,37.84%,←000.04%,60053475717.72,←001.72%,→001.04%,1.73,→000.79%,1.72,1.73,07.72% │ 09.92% │ 12.23% │ 11.50% │ 09.06%,08.40% │ 10.91% │ 12.52% │ 09.75% │ 07.98%,06.15% │ 09.94% │ 15.38% │ 12.08% │ 06.45%,06.63% │ 10.79% │ 15.19% │ 11.53% │ 05.87%,→003.37% │ ←001.75% │ →002.33% │ ←005.38% │ ←007.80%,23.19% │ 63.75% │ 13.06%,→032.75% │ ←006.29% │ ←071.78%,50.43%,49.57%,50.01%,49.99%,30282404422.39,29771071295.33,8638151864,8634858589,6536087673,1490507452,1473596460,3616885388,3654926594
julfp,rseam,___wk,_ydbz,hiton,vgcxq,rseamhiton,1138.225039,17.03%,←001.40%,37.79%,→000.54%,58654559309.76,→000.46%,→000.84%,1.73,→000.22%,1.73,1.73,08.56% │ 09.11% │ 12.34% │ 11.67% │ 08.21%,08.56% │ 11.17% │ 12.19% │ 09.09% │ 09.11%,06.76% │ 09.23% │ 16.24% │ 12.15% │ 05.50%,05.76% │ 11.34% │ 15.95% │ 09.37% │ 07.72%,→006.03% │ ←000.17% │ ←001.21% │ ←004.56% │ →004.12%,22.66% │ 65.16% │ 12.17%,←073.20% │ →001.05% │ →065.72%,49.89%,50.11%,49.87%,50.13%,29259911812.39,29394647497.37,8613257667,8659752786,6526932925,1480940734,1460561523,3625217916,3655748814
xulfp,rseam,___wk,_ydbq,hiton,vgcjz,rseamhiton,1138.181978,17.14%,←001.88%,37.73%,→000.69%,58637011206.55,→000.76%,→000.60%,1.73,←000.07%,1.73,1.73,08.57% │ 09.05% │ 12.31% │ 11.64% │ 08.24%,08.56% │ 11.15% │ 12.16% │ 09.22% │ 09.10%,06.72% │ 09.23% │ 16.24% │ 12.15% │ 05.50%,05.76% │ 11.34% │ 15.95% │ 09.41% │ 07.72%,→005.77% │ →001.82% │ ←001.20% │ ←004.37% │ →003.75%,22.58% │ 65.13% │ 12.29%,←074.61% │ →001.34% │ →066.14%,49.81%,50.19%,49.83%,50.17%,29207113581.22,29429897625.33,8606616092,8666394361,6517525372,1493756300,1466242575,3634306361,3656067922
qgcuw,daerl,fzvy_,__opb,stinh,xmjk_,daerlstinh,1138.074103,17.75%,←001.26%,38.74%,→000.39%,57912936784.99,→000.63%,→000.05%,1.70,←000.24%,1.70,1.70,08.14% │ 10.25% │ 12.25% │ 10.67% │ 08.53%,08.76% │ 10.27% │ 12.73% │ 10.02% │ 08.38%,06.11% │ 10.45% │ 16.37% │ 11.01% │ 05.96%,06.64% │ 11.40% │ 15.38% │ 10.38% │ 06.30%,→002.82% │ ←002.29% │ →003.81% │ ←003.93% │ →002.58%,25.88% │ 62.15% │ 11.96%,→012.69% │ →003.07% │ ←050.38%,49.84%,50.16%,49.90%,50.10%,28865419244.14,29047517540.85,8619752977,8653257476,6691673356,1542506485,1523268289,3557290336,3558935963
qfduz,caers,yxkm_,_wngv,hitol,bpj__,lotihsreac,1138.061178,18.69%,→001.04%,39.13%,←003.28%,56846404844.15,←000.38%,←000.32%,1.69,→001.98%,1.67,1.71,07.09% │ 10.02% │ 12.12% │ 11.59% │ 09.27%,09.42% │ 11.39% │ 12.05% │ 09.80% │ 07.25%,05.34% │ 09.61% │ 16.51% │ 11.42% │ 06.30%,06.58% │ 11.91% │ 16.54% │ 10.65% │ 05.13%,→002.22% │ ←002.27% │ ←000.64% │ ←001.78% │ →001.61%,25.32% │ 62.06% │ 12.62%,→026.33% │ ←006.54% │ ←039.07%,50.09%,49.91%,50.81%,49.19%,28477129960.50,28369274883.65,8775680859,8497329594,6759696870,1606050536,1622978625,3529744592,3518458193
jmpzf,lnead,bkwc_,vuogq,hirts,xy___,lneadhirts,1138.045271,17.22%,→000.14%,39.51%,←002.02%,58579089377.41,→000.26%,→000.49%,1.68,→001.68%,1.66,1.69,08.14% │ 09.74% │ 12.07% │ 11.21% │ 08.76%,08.86% │ 11.72% │ 12.02% │ 09.72% │ 07.75%,06.12% │ 10.84% │ 15.81% │ 11.73% │ 06.01%,05.95% │ 12.07% │ 14.09% │ 10.85% │ 06.55%,←005.02% │ ←000.28% │ ←000.48% │ →004.33% │ →001.09%,24.67% │ 63.83% │ 11.50%,→042.75% │ →001.26% │ ←308.55%,49.93%,50.07%,50.50%,49.50%,29251256999.51,29327832377.90,8722791429,8550219024,6824868025,1485991677,1488051947,3482953186,3500078444
jqucg,daerl,yfvw_,__opb,stinh,xmzk_,daerlstinh,1138.015596,17.65%,←001.91%,38.69%,←000.02%,57922212566.02,←000.07%,←000.26%,1.70,←000.17%,1.70,1.70,07.97% │ 10.33% │ 11.90% │ 10.62% │ 09.20%,08.76% │ 10.27% │ 12.56% │ 10.02% │ 08.38%,05.76% │ 10.56% │ 15.83% │ 11.55% │ 06.32%,06.64% │ 11.40% │ 15.28% │ 10.38% │ 06.30%,→004.85% │ ←003.08% │ →005.29% │ ←003.42% │ ←005.08%,24.50% │ 61.92% │ 13.58%,→021.83% │ →003.84% │ ←091.04%,50.02%,49.98%,50.00%,50.00%,28970814404.05,28951398161.97,8637277845,8635732608,6683399673,1538515538,1509684164,3566853242,3557646740
zfduq,caers,yxkm_,_wngv,hitol,bpj__,lotihsreac,1137.795046,18.69%,→001.04%,39.13%,←003.28%,56876602209.09,←000.49%,←000.32%,1.69,→001.98%,1.67,1.71,07.13% │ 10.02% │ 12.13% │ 11.61% │ 09.22%,09.42% │ 11.38% │ 12.04% │ 09.79% │ 07.25%,05.34% │ 09.61% │ 16.51% │ 11.42% │ 06.30%,06.55% │ 11.91% │ 16.54% │ 10.65% │ 05.16%,→001.64% │ ←002.36% │ ←000.78% │ ←002.02% │ →002.05%,25.33% │ 62.05% │ 12.62%,→026.14% │ ←006.62% │ ←039.08%,50.12%,49.88%,50.81%,49.19%,28507327325.44,28369274883.65,8775680859,8497329594,6759696870,1606050536,1622978625,3529744592,3518458193
myplq,fneor,xwv__,jbug_,sitah,_cdzk,fneorsitah,1137.646696,16.62%,→000.01%,38.94%,→001.92%,59903929552.73,←001.19%,→000.41%,1.69,←001.07%,1.70,1.69,07.31% │ 09.84% │ 12.46% │ 11.81% │ 08.88%,08.81% │ 12.04% │ 12.09% │ 09.71% │ 07.06%,04.98% │ 10.88% │ 15.19% │ 11.83% │ 06.63%,06.68% │ 12.54% │ 15.40% │ 10.45% │ 05.43%,←003.45% │ ←001.43% │ ←003.06% │ →001.89% │ ←000.77%,21.67% │ 64.84% │ 13.49%,←083.77% │ ←000.75% │ →061.91%,50.30%,49.70%,49.52%,50.48%,30129418075.01,29774511477.72,8552782529,8720227924,6725639233,1435501151,1435607849,3533825608,3548434814
mpylx,fneor,qvw__,jbug_,sitah,_cdzk,fneorsitah,1137.646424,16.54%,→000.96%,38.94%,→001.92%,59901434632.81,←001.18%,→000.41%,1.69,←001.07%,1.70,1.69,07.14% │ 09.56% │ 12.61% │ 11.88% │ 09.10%,08.81% │ 12.04% │ 12.09% │ 09.71% │ 07.06%,04.89% │ 10.71% │ 15.36% │ 11.83% │ 06.72%,06.68% │ 12.54% │ 15.40% │ 10.45% │ 05.43%,←001.14% │ →001.53% │ ←004.32% │ →001.32% │ ←003.33%,21.93% │ 64.81% │ 13.26%,←087.17% │ ←000.64% │ →064.24%,50.29%,49.71%,49.52%,50.48%,30126923155.09,29774511477.72,8552782529,8720227924,6725639233,1421893853,1435607849,3533825608,3548434814
xfduq,caers,yzkm_,_wngv,hitol,bpj__,lotihsreac,1137.596570,18.69%,→001.14%,39.13%,←003.28%,56907884637.48,←000.60%,←000.32%,1.69,→001.98%,1.67,1.71,07.30% │ 09.92% │ 12.11% │ 11.60% │ 09.22%,09.41% │ 11.37% │ 12.03% │ 09.79% │ 07.25%,05.34% │ 09.61% │ 16.51% │ 11.42% │ 06.30%,06.55% │ 11.91% │ 16.54% │ 10.58% │ 05.22%,←000.73% │ ←001.41% │ ←000.59% │ ←002.01% │ →002.05%,25.48% │ 62.00% │ 12.52%,→025.00% │ ←006.56% │ ←037.37%,50.15%,49.85%,50.81%,49.19%,28538609753.83,28369274883.65,8775680859,8497329594,6759696870,1604518628,1622978625,3529744592,3518458193
zmpxf,lnead,bkwc_,vuogq,htsir,jy___,lneadhtsir,1137.576552,17.47%,→001.31%,39.35%,←001.86%,58307072168.82,←000.26%,→000.24%,1.68,→001.41%,1.67,1.70,08.02% │ 09.79% │ 12.11% │ 11.34% │ 08.80%,08.88% │ 12.01% │ 11.48% │ 09.38% │ 08.18%,06.02% │ 10.84% │ 15.81% │ 11.79% │ 06.01%,05.99% │ 13.28% │ 14.01% │ 09.64% │ 06.63%,→002.03% │ ←004.32% │ ←005.50% │ →005.54% │ →000.84%,24.99% │ 63.24% │ 11.77%,→044.09% │ ←001.19% │ ←275.96%,50.07%,49.93%,50.46%,49.54%,29191916052.83,29115156115.99,8716149854,8556860599,6796354158,1498634248,1518487727,3501594788,3509950709
gzpuq,dtehr,_mvc_,_fobw,sinal,_yjkx,lanisrhetd,1137.466297,17.10%,←001.90%,37.84%,←000.04%,60242899077.92,←001.07%,→001.04%,1.73,→000.79%,1.72,1.73,07.69% │ 09.89% │ 12.19% │ 11.46% │ 09.03%,08.41% │ 10.98% │ 12.33% │ 09.91% │ 08.10%,06.15% │ 10.64% │ 15.28% │ 11.48% │ 06.45%,06.63% │ 10.79% │ 15.19% │ 11.53% │ 05.87%,→005.07% │ →000.16% │ →001.16% │ ←004.40% │ ←007.38%,23.88% │ 64.19% │ 11.93%,→036.23% │ ←004.10% │ ←122.28%,50.27%,49.73%,50.01%,49.99%,30282404422.39,29960494655.53,8638151864,8634858589,6536087673,1490507452,1462693462,3616885388,3654926594
zcfkx,dreal,yjguw,_mnpv,sotih,qb___,hitoslaerd,1137.217061,18.11%,→001.06%,38.92%,→000.42%,58496910869.56,←000.34%,→001.78%,1.70,→000.95%,1.69,1.70,07.72% │ 09.92% │ 12.00% │ 11.66% │ 08.80%,08.54% │ 11.36% │ 12.67% │ 09.62% │ 07.72%,05.76% │ 09.73% │ 16.28% │ 11.78% │ 06.55%,06.15% │ 11.80% │ 16.21% │ 10.09% │ 05.66%,→000.06% │ ←003.09% │ →005.30% │ ←002.63% │ ←002.96%,23.09% │ 63.19% │ 13.72%,→050.65% │ →004.77% │ ←457.09%,50.09%,49.91%,49.89%,50.11%,29298811254.62,29198099614.94,8618308980,8654701473,6722151539,1555964018,1572685005,3510984806,3574763310
wpgm_,doern,__kcq,yuljz,hitas,_vfbx,doernhitas,1137.147714,17.29%,←000.28%,37.40%,←000.15%,58674675591.59,→000.15%,←000.72%,1.74,←000.42%,1.74,1.74,07.86% │ 09.46% │ 11.00% │ 11.59% │ 10.05%,09.43% │ 11.22% │ 11.57% │ 09.60% │ 08.21%,05.51% │ 09.71% │ 14.77% │ 12.46% │ 07.59%,06.38% │ 11.44% │ 15.25% │ 10.12% │ 06.77%,→004.27% │ →001.44% │ →004.97% │ ←003.26% │ ←006.63%,22.79% │ 65.93% │ 11.28%,→001.90% │ ←003.96% │ →018.31%,49.96%,50.04%,50.04%,49.96%,29315500972.64,29359174618.95,8643064871,8629945582,6460900793,1495106668,1490934527,3686752193,3660246669
gydcq,maenr,___fx,_wlvz,sitoh,jupbk,maenrsitoh,1137.138375,18.54%,→000.85%,38.09%,←000.98%,58638575032.80,←000.18%,←000.45%,1.72,→000.38%,1.72,1.72,06.99% │ 09.67% │ 12.08% │ 11.82% │ 09.50%,08.89% │ 11.98% │ 11.58% │ 10.20% │ 07.31%,04.65% │ 09.97% │ 15.79% │ 13.00% │ 06.82%,06.68% │ 12.06% │ 15.21% │ 10.26% │ 05.55%,→004.46% │ →005.20% │ ←004.30% │ →001.31% │ ←006.83%,23.02% │ 64.56% │ 12.42%,←079.88% │ ←001.41% │ →071.61%,50.05%,49.95%,50.24%,49.76%,29346332324.35,29292242708.45,8678804655,8594205798,6579096418,1594511804,1608204977,3622456374,3606346863
wpgm_,doern,__kcz,yuljq,hitas,_vfbx,doernhitas,1137.035757,17.23%,←001.91%,37.38%,←000.27%,58693829530.99,←000.22%,←001.05%,1.74,←000.57%,1.75,1.74,07.86% │ 09.47% │ 11.05% │ 11.59% │ 10.09%,09.42% │ 11.26% │ 11.57% │ 09.56% │ 08.14%,05.51% │ 09.71% │ 14.77% │ 12.46% │ 07.62%,06.38% │ 11.44% │ 15.25% │ 10.12% │ 06.74%,→003.40% │ →000.94% │ →004.47% │ ←002.88% │ ←007.13%,22.77% │ 65.91% │ 11.32%,→001.77% │ ←004.37% │ →017.63%,50.06%,49.94%,50.07%,49.93%,29379776487.33,29314053043.66,8648091203,8624919250,6457355805,1502314317,1474204220,3694393702,3656150148
__cub,daerl,gkwfx,vmo__,hntis,jpqyz,daerlhntis,1136.946107,17.80%,←001.60%,38.63%,→002.17%,57679435825.24,→001.62%,→003.06%,1.70,→000.64%,1.70,1.71,07.92% │ 08.67% │ 12.72% │ 11.24% │ 09.04%,08.80% │ 11.80% │ 12.86% │ 09.09% │ 07.85%,05.87% │ 09.02% │ 16.99% │ 11.49% │ 06.08%,05.99% │ 12.24% │ 16.46% │ 09.29% │ 06.58%,←000.85% │ →004.67% │ →001.11% │ →004.74% │ ←002.76%,22.84% │ 62.37% │ 14.78%,→027.46% │ →001.95% │ ←060.46%,49.59%,50.41%,49.45%,50.55%,28604102173.84,29075333651.40,8541824209,8731186244,6672879416,1549051213,1524721098,3512055483,3622964756
gwdcz,maenr,___fq,_ylbj,sitoh,xupvk,maenrsitoh,1136.858472,18.30%,←000.88%,38.26%,←000.68%,58592737522.17,←000.97%,←000.25%,1.71,→000.31%,1.71,1.72,06.98% │ 09.70% │ 12.32% │ 11.84% │ 09.41%,08.87% │ 11.89% │ 11.54% │ 10.15% │ 07.31%,04.65% │ 09.96% │ 15.79% │ 13.00% │ 06.76%,06.64% │ 12.07% │ 15.21% │ 10.26% │ 05.66%,→004.58% │ →004.43% │ ←006.70% │ →000.38% │ ←006.05%,23.29% │ 64.92% │ 11.79%,←064.28% │ ←004.45% │ →071.78%,50.24%,49.76%,50.17%,49.83%,29437263812.53,29155473709.64,8665752037,8607258416,6609450580,1587388233,1573479791,3603695401,3594753674
qmpzf,lnead,bkwc_,vuogj,htsir,xy___,lneadhtsir,1136.751305,17.13%,→001.10%,39.54%,←001.49%,58237464632.69,→000.43%,→001.13%,1.68,→001.76%,1.66,1.69,07.98% │ 09.80% │ 12.08% │ 11.22% │ 08.81%,08.85% │ 11.97% │ 11.47% │ 09.42% │ 08.39%,05.99% │ 10.84% │ 15.81% │ 11.73% │ 06.01%,05.95% │ 13.28% │ 14.01% │ 09.64% │ 06.76%,→004.96% │ ←004.01% │ ←005.27% │ →006.26% │ →000.39%,24.95% │ 63.32% │ 11.73%,→045.32% │ ←000.73% │ ←281.96%,49.89%,50.11%,50.37%,49.63%,29055304238.11,29182160394.58,8700240229,8572770224,6829703504,1471604740,1487923272,3469240367,3508955784
gpuvq,chetr,_mzd_,_fowj,sanil,_yxbk,linasrtehc,1136.725718,17.12%,←000.38%,37.84%,←000.04%,59689137904.05,←002.44%,→001.04%,1.73,→000.79%,1.72,1.73,07.10% │ 10.14% │ 12.48% │ 11.82% │ 09.06%,08.49% │ 10.98% │ 12.61% │ 10.66% │ 06.66%,05.24% │ 10.90% │ 15.24% │ 12.16% │ 06.45%,06.63% │ 13.70% │ 14.88% │ 09.43% │ 05.38%,←006.47% │ →004.86% │ →001.00% │ ←007.70% │ ←006.74%,22.86% │ 63.91% │ 13.23%,→016.66% │ ←004.09% │ ←035.66%,50.60%,49.40%,50.01%,49.99%,30203953547.78,29485184356.27,8638151864,8634858589,6536087673,1481744910,1476127928,3616885388,3654926594
gqpuz,dtehr,_mvc_,_fobw,sinal,_yjkx,lanisrhetd,1136.711851,17.10%,←001.90%,37.84%,←000.04%,60213265907.84,←000.98%,→001.04%,1.73,→000.79%,1.72,1.73,07.70% │ 09.87% │ 12.21% │ 11.40% │ 09.07%,08.41% │ 10.98% │ 12.34% │ 09.91% │ 08.11%,06.15% │ 10.64% │ 15.28% │ 11.48% │ 06.45%,06.66% │ 10.79% │ 15.19% │ 11.50% │ 05.87%,→005.07% │ →000.44% │ →001.08% │ ←003.77% │ ←007.82%,23.83% │ 64.24% │ 11.94%,→036.66% │ ←004.14% │ ←122.29%,50.24%,49.76%,50.01%,49.99%,30252771252.31,29960494655.53,8638151864,8634858589,6536087673,1490507452,1462693462,3616885388,3654926594
qmpzf,lnead,wkbc_,vuogj,htsir,xy___,lneadhtsir,1136.653155,17.13%,→001.10%,39.54%,←001.49%,58260672041.39,→000.36%,→001.13%,1.68,→001.76%,1.66,1.69,07.88% │ 09.82% │ 12.10% │ 11.30% │ 08.81%,08.84% │ 11.96% │ 11.47% │ 09.42% │ 08.39%,06.06% │ 10.84% │ 15.74% │ 11.73% │ 06.01%,05.95% │ 13.28% │ 14.01% │ 09.64% │ 06.76%,→006.06% │ ←004.26% │ ←005.51% │ →005.59% │ →000.39%,24.94% │ 63.31% │ 11.75%,→045.33% │ ←000.78% │ ←283.06%,49.91%,50.09%,50.37%,49.63%,29078511646.81,29182160394.58,8700240229,8572770224,6829703504,1471604740,1487923272,3469240367,3508955784
wpgm_,doern,__kcz,yulxq,hitas,_vfbj,doernhitas,1136.634940,17.34%,←000.63%,37.38%,←000.27%,58728429827.48,←000.11%,←001.05%,1.74,←000.57%,1.75,1.74,07.86% │ 09.46% │ 11.05% │ 11.58% │ 10.08%,09.41% │ 11.31% │ 11.56% │ 09.51% │ 08.19%,05.51% │ 09.71% │ 14.77% │ 12.46% │ 07.62%,06.38% │ 11.44% │ 15.25% │ 10.08% │ 06.78%,→004.01% │ →000.47% │ →004.44% │ ←002.35% │ ←007.15%,22.77% │ 65.86% │ 11.37%,→001.92% │ ←004.40% │ →018.32%,50.03%,49.97%,50.07%,49.93%,29379776487.33,29348653340.15,8648091203,8624919250,6457355805,1502314317,1492901780,3694393702,3656150148
pqsux,dearl,__zfw,kgcb_,hoitn,jymv_,ntiohlraed,1136.561584,16.88%,←000.32%,37.95%,←002.14%,59402077130.54,←001.55%,←000.28%,1.72,→001.32%,1.71,1.74,08.20% │ 10.72% │ 11.55% │ 11.17% │ 08.74%,08.33% │ 11.32% │ 11.22% │ 10.13% │ 08.62%,07.49% │ 11.49% │ 13.52% │ 11.32% │ 05.66%,06.15% │ 11.49% │ 14.85% │ 12.07% │ 05.97%,→004.82% │ ←005.87% │ ←002.94% │ →001.36% │ ←004.99%,23.39% │ 64.60% │ 12.01%,←051.75% │ →006.55% │ →026.70%,50.39%,49.61%,50.53%,49.47%,29929926915.87,29472150214.67,8727751367,8545259086,6554252410,1460466415,1455764585,3631842320,3621804925
qmugf,lread,wkvyz,xco__,stinh,__jpb,lreadstinh,1136.444943,18.48%,←001.31%,37.55%,→000.30%,58689005775.98,←001.31%,→000.97%,1.74,→000.49%,1.73,1.74,07.72% │ 09.70% │ 12.60% │ 11.66% │ 08.64%,08.57% │ 11.37% │ 12.56% │ 08.95% │ 08.22%,06.06% │ 09.88% │ 15.83% │ 12.02% │ 06.14%,06.64% │ 12.12% │ 15.38% │ 09.64% │ 06.30%,→006.16% │ ←008.34% │ ←000.35% │ ←002.62% │ ←000.77%,24.65% │ 62.57% │ 12.78%,→005.75% │ →001.14% │ ←031.45%,50.32%,49.68%,49.93%,50.07%,29534785974.58,29154219801.40,8623600337,8649410116,6486375546,1606215576,1585401634,3642956764,3678567345
__cub,daerl,gkwfx,vmo__,hntis,zpjyq,daerlhntis,1136.442239,17.80%,←001.60%,38.63%,→002.17%,57652547505.99,→001.53%,→003.06%,1.70,→000.64%,1.70,1.71,07.92% │ 08.67% │ 12.72% │ 11.25% │ 09.05%,08.67% │ 11.81% │ 13.01% │ 09.09% │ 07.81%,05.87% │ 09.02% │ 16.99% │ 11.49% │ 06.08%,05.89% │ 12.24% │ 16.59% │ 09.29% │ 06.55%,←001.51% │ →004.64% │ →002.19% │ →004.74% │ ←004.34%,22.85% │ 62.40% │ 14.75%,→027.43% │ →001.94% │ ←061.52%,49.61%,50.39%,49.45%,50.55%,28604102173.84,29048445332.15,8541824209,8731186244,6672879416,1549051213,1524721098,3512055483,3622964756
xfduq,caers,yzkm_,_gnwv,hotil,bpj__,litohsreac,1136.312187,18.69%,→001.14%,39.13%,←003.28%,57010823491.06,←000.23%,←000.32%,1.69,→001.98%,1.67,1.71,07.29% │ 09.91% │ 12.08% │ 11.58% │ 09.20%,09.39% │ 11.48% │ 12.33% │ 09.50% │ 07.24%,05.34% │ 09.28% │ 16.51% │ 11.76% │ 06.30%,06.55% │ 11.91% │ 16.54% │ 10.58% │ 05.22%,←000.58% │ ←004.29% │ →002.02% │ ←000.91% │ →002.01%,25.15% │ 62.31% │ 12.55%,→023.48% │ ←005.08% │ ←036.14%,50.06%,49.94%,50.81%,49.19%,28538609753.83,28472213737.23,8775680859,8497329594,6759696870,1604518628,1622978625,3529744592,3518458193
gjpuq,dtehr,_mvc_,_fobw,sinal,_yxkz,lanisrhetd,1136.286756,16.98%,←002.84%,37.82%,←000.44%,60188959897.58,←001.68%,→000.74%,1.73,→000.86%,1.72,1.74,07.70% │ 10.00% │ 12.19% │ 11.48% │ 09.04%,08.42% │ 10.99% │ 12.24% │ 09.91% │ 08.03%,06.09% │ 10.64% │ 15.24% │ 11.48% │ 06.45%,06.63% │ 10.79% │ 15.19% │ 11.63% │ 05.87%,→004.14% │ ←000.98% │ →000.36% │ ←004.46% │ ←007.39%,23.95% │ 64.23% │ 11.82%,→035.17% │ ←004.10% │ ←129.78%,50.42%,49.58%,50.11%,49.89%,30345440792.41,29843519105.17,8655676732,8617333721,6533454596,1486849802,1445817210,3623627991,3650817068
zcfuj,lread,wxgky,_mnpv,sotih,qb___,hitosdaerl,1136.239502,18.12%,→000.99%,38.92%,→000.42%,58285733663.79,→000.38%,→001.78%,1.70,→000.95%,1.69,1.70,07.95% │ 09.94% │ 12.04% │ 11.52% │ 08.46%,08.57% │ 11.40% │ 12.72% │ 09.65% │ 07.75%,05.76% │ 09.73% │ 16.28% │ 11.78% │ 06.55%,05.76% │ 11.80% │ 16.21% │ 10.05% │ 06.09%,←002.55% │ ←002.98% │ →005.35% │ ←001.09% │ →001.38%,25.65% │ 63.02% │ 11.33%,→034.68% │ →005.99% │ ←340.40%,49.91%,50.09%,49.89%,50.11%,29087634048.85,29198099614.94,8618308980,8654701473,6722151539,1557082406,1572685005,3510984806,3574763310
bmu__,dneal,xjkcf,vprg_,hotis,zywq_,sitohlaend,1136.224103,17.11%,←001.63%,39.59%,→001.97%,57931211987.16,→001.23%,→000.55%,1.68,←000.98%,1.68,1.67,07.93% │ 09.30% │ 11.90% │ 11.18% │ 09.37%,08.93% │ 11.14% │ 12.75% │ 09.85% │ 07.63%,06.45% │ 09.74% │ 17.02% │ 11.41% │ 05.89%,06.45% │ 11.60% │ 15.49% │ 10.32% │ 05.63%,←004.01% │ →005.58% │ →006.66% │ ←000.35% │ ←004.85%,22.38% │ 64.31% │ 13.31%,→031.84% │ →002.38% │ ←098.47%,49.69%,50.31%,49.50%,50.50%,28785640741.37,29145571245.79,8550794746,8722215707,6838509525,1489689237,1465754598,3475120644,3494269486
__ucb,laerd,wkfgx,vmo__,hntis,qpjyz,laerdhntis,1136.177909,17.80%,←001.60%,38.63%,→002.17%,57398615079.54,→002.36%,→003.06%,1.70,→000.64%,1.70,1.71,08.02% │ 08.86% │ 13.05% │ 11.34% │ 08.14%,08.64% │ 11.86% │ 13.06% │ 09.14% │ 07.89%,05.96% │ 09.02% │ 16.93% │ 11.91% │ 05.63%,05.86% │ 12.24% │ 16.59% │ 09.29% │ 06.58%,←001.62% │ →003.04% │ →000.13% │ →004.36% │ →005.89%,22.98% │ 62.37% │ 14.65%,→027.18% │ →002.91% │ ←059.09%,49.40%,50.60%,49.45%,50.55%,28356763058.65,29041852020.89,8541824209,8731186244,6672879416,1549051213,1524721098,3512055483,3622964756
zcfkw,dreal,yjgux,_mnpv,sotih,qb___,hitoslaerd,1136.136349,18.13%,→000.87%,38.92%,→000.42%,58510152576.02,←000.39%,→001.78%,1.70,→000.95%,1.69,1.70,07.72% │ 09.92% │ 12.03% │ 11.63% │ 08.80%,08.54% │ 11.36% │ 12.67% │ 09.62% │ 07.72%,05.76% │ 09.73% │ 16.28% │ 11.78% │ 06.55%,06.15% │ 11.80% │ 16.21% │ 10.09% │ 05.66%,→000.04% │ ←003.17% │ →005.06% │ ←002.42% │ ←003.03%,25.30% │ 63.19% │ 11.51%,→036.31% │ →004.73% │ ←351.42%,50.10%,49.90%,49.89%,50.11%,29312052961.08,29198099614.94,8618308980,8654701473,6722151539,1559014262,1572685005,3510984806,3574763310
bmu__,dneal,xjkcf,yprw_,hotis,qgvz_,sitohlaend,1136.117011,17.18%,←000.86%,39.59%,→001.97%,58039148977.94,→001.60%,→000.55%,1.68,←000.98%,1.68,1.67,07.92% │ 09.28% │ 11.88% │ 11.16% │ 09.35%,09.79% │ 11.44% │ 12.20% │ 09.35% │ 07.63%,06.45% │ 09.41% │ 16.40% │ 11.76% │ 06.48%,06.45% │ 11.60% │ 15.49% │ 10.32% │ 05.63%,←003.78% │ →000.69% │ →002.59% │ →002.42% │ →004.47%,22.83% │ 64.21% │ 12.96%,→034.25% │ →002.45% │ ←114.15%,49.60%,50.40%,49.50%,50.50%,28785640741.37,29253508236.57,8550794746,8722215707,6838509525,1489689237,1476959128,3475120644,3494269486
__ucb,laerd,wkgfx,vmo__,hntis,qpjyz,laerdhntis,1136.103307,17.80%,←001.60%,38.63%,→002.17%,57479200351.43,→002.08%,→003.06%,1.70,→000.64%,1.70,1.71,08.01% │ 08.86% │ 13.10% │ 11.39% │ 08.12%,08.63% │ 11.84% │ 13.05% │ 09.12% │ 07.88%,05.96% │ 09.02% │ 16.80% │ 12.04% │ 05.63%,05.86% │ 12.24% │ 16.59% │ 09.29% │ 06.58%,←001.65% │ →002.93% │ ←000.40% │ →003.86% │ →005.90%,22.96% │ 62.36% │ 14.68%,→027.11% │ →002.66% │ ←060.02%,49.47%,50.53%,49.45%,50.55%,28437348330.54,29041852020.89,8541824209,8731186244,6672879416,1549051213,1524721098,3512055483,3622964756
zcfkx,dreal,yjguw,_pnmv,stioh,qb___,hoitslaerd,1136.044621,18.11%,→001.06%,38.92%,→000.42%,58676344056.98,→000.27%,→001.78%,1.70,→000.95%,1.69,1.70,07.69% │ 09.89% │ 11.96% │ 11.62% │ 08.77%,08.48% │ 11.50% │ 12.61% │ 10.02% │ 07.46%,05.76% │ 10.16% │ 15.08% │ 12.56% │ 06.55%,06.15% │ 11.80% │ 16.21% │ 10.09% │ 05.66%,←003.14% │ →001.34% │ →005.14% │ ←001.07% │ ←003.43%,23.41% │ 62.95% │ 13.63%,→051.89% │ →004.65% │ ←470.96%,49.93%,50.07%,49.89%,50.11%,29298811254.62,29377532802.36,8618308980,8654701473,6722151539,1555964018,1572685005,3510984806,3574763310
qfduz,caers,yxkm_,_gnwv,hotil,bpj__,litohsreac,1136.042043,18.69%,→001.04%,39.13%,←003.28%,56949343697.73,←000.02%,←000.32%,1.69,→001.98%,1.67,1.71,07.08% │ 10.00% │ 12.10% │ 11.57% │ 09.25%,09.40% │ 11.49% │ 12.35% │ 09.51% │ 07.25%,05.34% │ 09.28% │ 16.51% │ 11.76% │ 06.30%,06.58% │ 11.91% │ 16.54% │ 10.65% │ 05.13%,→002.37% │ ←005.18% │ →001.97% │ ←000.68% │ →001.57%,24.98% │ 62.37% │ 12.65%,→024.84% │ ←005.06% │ ←037.82%,50.00%,50.00%,50.81%,49.19%,28477129960.50,28472213737.23,8775680859,8497329594,6759696870,1606050536,1622978625,3529744592,3518458193
zfduq,caers,yxkm_,_gnwv,hotil,bpj__,litohsreac,1135.811899,18.69%,→001.04%,39.13%,←003.28%,56979541062.67,←000.12%,←000.32%,1.69,→001.98%,1.67,1.71,07.12% │ 10.00% │ 12.11% │ 11.59% │ 09.21%,09.40% │ 11.48% │ 12.34% │ 09.50% │ 07.25%,05.34% │ 09.28% │ 16.51% │ 11.76% │ 06.30%,06.55% │ 11.91% │ 16.54% │ 10.65% │ 05.16%,→001.79% │ ←005.27% │ →001.83% │ ←000.91% │ →002.01%,25.00% │ 62.36% │ 12.64%,→024.64% │ ←005.14% │ ←037.83%,50.03%,49.97%,50.81%,49.19%,28507327325.44,28472213737.23,8775680859,8497329594,6759696870,1606050536,1622978625,3529744592,3518458193
__ucp,laerd,wkfgz,vyo__,hntis,xmjbq,laerdhntis,1135.802610,18.28%,←001.91%,38.87%,→000.34%,57713480416.64,←000.52%,←001.12%,1.70,←001.02%,1.71,1.69,08.02% │ 08.92% │ 12.84% │ 11.56% │ 08.79%,08.70% │ 11.46% │ 13.00% │ 08.94% │ 07.78%,05.96% │ 09.02% │ 16.93% │ 11.91% │ 06.10%,05.95% │ 11.80% │ 16.59% │ 09.21% │ 06.55%,←003.14% │ →000.21% │ →001.24% │ ←000.91% │ ←001.07%,22.79% │ 62.32% │ 14.89%,→016.66% │ →001.44% │ ←045.96%,50.13%,49.87%,49.92%,50.08%,28931900536.51,28781579880.13,8621881738,8651128715,6714354007,1593268682,1563482509,3566599191,3526946457
jpumq,ciers,wxkd_,_gnfv,hatol,byz__,lotahsreic,1135.794782,19.07%,→001.83%,39.14%,←000.69%,57325534492.83,→000.75%,←000.89%,1.69,←000.13%,1.69,1.69,07.00% │ 10.04% │ 11.68% │ 11.96% │ 09.13%,09.19% │ 12.05% │ 11.79% │ 10.01% │ 07.15%,05.34% │ 09.75% │ 16.41% │ 12.02% │ 06.30%,06.55% │ 12.96% │ 15.49% │ 09.93% │ 05.25%,→002.18% │ ←000.34% │ →000.93% │ →000.75% │ →000.59%,24.53% │ 62.20% │ 13.27%,→035.78% │ ←006.12% │ ←061.50%,49.81%,50.19%,50.17%,49.83%,28555259258.17,28770275234.66,8666209719,8606800734,6761460266,1631542701,1661941016,3538775625,3507663764
pqsuz,dearl,__xfw,kgcb_,hoitn,jymv_,ntiohlraed,1135.755023,16.96%,←001.19%,37.95%,←002.14%,59403544127.53,←001.56%,←000.28%,1.72,→001.32%,1.71,1.74,08.22% │ 10.73% │ 11.67% │ 11.17% │ 08.60%,08.33% │ 11.32% │ 11.22% │ 10.13% │ 08.62%,07.49% │ 11.49% │ 13.52% │ 11.32% │ 05.66%,06.09% │ 11.49% │ 14.91% │ 12.07% │ 05.97%,→004.63% │ ←005.96% │ ←004.04% │ →001.37% │ ←003.25%,23.26% │ 64.61% │ 12.13%,←050.36% │ →006.52% │ →024.97%,50.39%,49.61%,50.53%,49.47%,29931393912.86,29472150214.67,8727751367,8545259086,6554252410,1473057721,1455764585,3631842320,3621804925
qmufg,lread,wkvyz,xco__,stinh,__jpb,lreadstinh,1135.733876,18.48%,←001.31%,37.55%,→000.30%,58725911967.34,←001.43%,→000.97%,1.74,→000.49%,1.73,1.74,07.71% │ 09.69% │ 12.64% │ 11.74% │ 08.57%,08.57% │ 11.36% │ 12.55% │ 08.95% │ 08.22%,06.06% │ 09.88% │ 15.83% │ 12.16% │ 06.00%,06.64% │ 12.12% │ 15.38% │ 09.64% │ 06.30%,→006.13% │ ←008.26% │ ←000.72% │ ←003.39% │ →000.00%,24.66% │ 62.57% │ 12.78%,→005.61% │ →001.01% │ ←031.56%,50.36%,49.64%,49.93%,50.07%,29571692165.94,29154219801.40,8623600337,8649410116,6486375546,1606215576,1585401634,3642956764,3678567345
zcfky,lread,wxguj,_mnpv,sotih,qb___,hitosdaerl,1135.703127,18.08%,→001.41%,38.92%,→000.42%,58289845152.42,→000.36%,→001.78%,1.70,→000.95%,1.69,1.70,07.90% │ 09.93% │ 12.04% │ 11.46% │ 08.57%,08.57% │ 11.40% │ 12.71% │ 09.65% │ 07.75%,05.76% │ 09.73% │ 16.28% │ 11.78% │ 06.55%,05.76% │ 11.80% │ 16.21% │ 10.05% │ 06.09%,←001.98% │ ←002.90% │ →005.33% │ ←000.55% │ →000.01%,25.84% │ 62.94% │ 11.22%,→033.41% │ →006.23% │ ←335.05%,49.91%,50.09%,49.89%,50.11%,29091745537.48,29198099614.94,8618308980,8654701473,6722151539,1550450966,1572685005,3510984806,3574763310
jpumx,ciers,wzkd_,_gnfv,hatol,byq__,lotahsreic,1135.665640,18.98%,→001.21%,39.23%,←000.81%,57320145842.53,→000.47%,←001.23%,1.69,←000.29%,1.69,1.68,07.00% │ 09.96% │ 11.66% │ 11.96% │ 09.31%,09.19% │ 12.04% │ 11.74% │ 10.00% │ 07.15%,05.34% │ 09.75% │ 16.38% │ 12.02% │ 06.30%,06.64% │ 12.96% │ 15.49% │ 09.86% │ 05.25%,→002.17% │ →000.45% │ →000.70% │ →000.60% │ ←001.31%,24.60% │ 62.25% │ 13.14%,→035.26% │ ←006.45% │ ←061.44%,49.88%,50.12%,50.20%,49.80%,28593118311.94,28727027530.59,8671236051,8601774402,6776391746,1629385891,1649330020,3537178900,3494329009
zcfkw,dreal,yxguj,_mnpv,sotih,qb___,hitoslaerd,1135.643403,18.13%,→000.87%,38.92%,→000.42%,58544192705.88,←000.51%,→001.78%,1.70,→000.95%,1.69,1.70,07.71% │ 09.89% │ 12.02% │ 11.67% │ 08.82%,08.54% │ 11.35% │ 12.66% │ 09.61% │ 07.72%,05.76% │ 09.73% │ 16.28% │ 11.78% │ 06.55%,06.19% │ 11.80% │ 16.21% │ 10.05% │ 05.66%,→000.05% │ ←002.89% │ →005.01% │ ←002.86% │ ←003.38%,25.29% │ 63.17% │ 11.54%,→036.30% │ →004.66% │ ←352.99%,50.13%,49.87%,49.89%,50.11%,29346093090.94,29198099614.94,8618308980,8654701473,6722151539,1559014262,1572685005,3510984806,3574763310
bmu__,dneal,xjkcf,vpry_,hotis,qgwz_,sitohlaend,1135.561470,17.14%,←001.26%,39.59%,→001.97%,57916294881.94,→001.18%,→000.55%,1.68,←000.98%,1.68,1.67,07.94% │ 09.30% │ 11.91% │ 11.18% │ 09.37%,08.90% │ 11.41% │ 12.84% │ 09.51% │ 07.64%,06.45% │ 09.42% │ 17.02% │ 11.76% │ 05.86%,06.45% │ 11.60% │ 15.49% │ 10.32% │ 05.63%,←003.90% │ →002.17% │ →007.27% │ →001.99% │ ←005.33%,22.12% │ 64.30% │ 13.59%,→030.41% │ →002.30% │ ←086.99%,49.70%,50.30%,49.50%,50.50%,28785640741.37,29130654140.57,8550794746,8722215707,6838509525,1489689237,1471113834,3475120644,3494269486
xpumq,ciers,wjkd_,_gnfv,hatol,byz__,lotahsreic,1135.538931,19.11%,→001.42%,39.14%,←000.69%,57342210848.48,→000.69%,←000.89%,1.69,←000.13%,1.69,1.69,07.02% │ 10.05% │ 11.67% │ 11.96% │ 09.13%,09.19% │ 12.05% │ 11.78% │ 10.00% │ 07.15%,05.34% │ 09.75% │ 16.41% │ 12.02% │ 06.30%,06.55% │ 12.96% │ 15.49% │ 09.96% │ 05.21%,→001.83% │ ←000.45% │ →000.98% │ →000.75% │ →000.59%,24.53% │ 62.18% │ 13.28%,→035.67% │ ←006.10% │ ←061.89%,49.83%,50.17%,50.17%,49.83%,28571935613.82,28770275234.66,8666209719,8606800734,6761460266,1638382527,1661941016,3538775625,3507663764
jmugy,lread,wvkfz,qcn__,stioh,__xpb,lreadstioh,1135.369764,18.91%,→001.05%,37.59%,←000.22%,58939602436.49,←000.24%,→000.36%,1.73,→000.42%,1.73,1.74,07.87% │ 09.96% │ 12.03% │ 11.88% │ 08.32%,08.42% │ 11.26% │ 12.31% │ 09.79% │ 08.16%,06.19% │ 10.21% │ 15.49% │ 12.51% │ 05.66%,06.55% │ 12.12% │ 15.27% │ 09.71% │ 06.30%,→003.62% │ ←001.75% │ →002.28% │ ←005.55% │ →001.19%,23.88% │ 63.32% │ 12.80%,→002.35% │ →005.34% │ ←040.16%,50.06%,49.94%,50.06%,49.94%,29505146823.24,29434455613.25,8646151537,8626858916,6492303777,1624902271,1642137519,3651287728,3664308150
xkucp,lnead,vwy__,jfom_,sithr,zgqb_,lneadsithr,1135.325079,16.83%,←001.50%,39.37%,→002.05%,58118912374.91,→001.86%,→000.79%,1.68,←000.87%,1.69,1.68,07.37% │ 08.91% │ 13.00% │ 11.32% │ 08.92%,09.01% │ 11.17% │ 12.97% │ 09.39% │ 07.93%,05.54% │ 09.93% │ 16.45% │ 11.60% │ 05.97%,06.81% │ 11.82% │ 16.46% │ 08.90% │ 06.53%,→007.09% │ →005.06% │ ←000.22% │ ←001.39% │ →000.95%,26.04% │ 62.92% │ 11.04%,→019.18% │ ←001.98% │ ←024.53%,49.53%,50.47%,49.48%,50.52%,28786759946.05,29332152428.86,8547025653,8725984800,6799914423,1464046876,1442355722,3490024378,3517960854
pzsuq,dearl,__xfw,kgcb_,hoitn,jymv_,ntiohlraed,1135.270455,16.96%,←001.19%,37.95%,←002.14%,59431438312.46,←001.65%,←000.28%,1.72,→001.32%,1.71,1.74,08.22% │ 10.75% │ 11.66% │ 11.23% │ 08.56%,08.32% │ 11.32% │ 11.21% │ 10.12% │ 08.61%,07.49% │ 11.49% │ 13.52% │ 11.32% │ 05.66%,06.06% │ 11.49% │ 14.91% │ 12.10% │ 05.97%,→004.63% │ ←006.15% │ ←003.99% │ →000.73% │ ←002.79%,23.31% │ 64.57% │ 12.12%,←050.98% │ →006.55% │ →024.97%,50.41%,49.59%,50.53%,49.47%,29959288097.79,29472150214.67,8727751367,8545259086,6554252410,1473057721,1455764585,3631842320,3621804925
jmugf,lread,wvkyz,qcn__,stioh,__xpb,lreadstioh,1135.222745,18.87%,→001.46%,37.59%,←000.22%,59079569387.81,←000.72%,→000.36%,1.73,→000.42%,1.73,1.74,07.86% │ 10.04% │ 12.04% │ 11.65% │ 08.58%,08.40% │ 11.23% │ 12.28% │ 09.77% │ 08.15%,06.19% │ 10.21% │ 15.49% │ 12.02% │ 06.14%,06.55% │ 12.12% │ 15.27% │ 09.71% │ 06.30%,→003.50% │ ←002.80% │ →001.95% │ ←003.76% │ ←002.21%,24.11% │ 63.37% │ 12.52%,←000.06% │ →004.73% │ ←035.42%,50.18%,49.82%,50.06%,49.94%,29645113774.56,29434455613.25,8646151537,8626858916,6492303777,1618110263,1642137519,3651287728,3664308150
__ucg,laerd,wkfpz,vmn__,hotis,qbjyx,laerdhotis,1135.195237,18.41%,←001.52%,38.87%,→000.34%,57767227094.07,→000.78%,←001.12%,1.70,←001.02%,1.71,1.69,07.93% │ 08.84% │ 12.80% │ 11.53% │ 08.69%,08.59% │ 11.55% │ 12.87% │ 09.22% │ 07.97%,05.96% │ 09.02% │ 16.93% │ 12.00% │ 06.00%,05.86% │ 11.78% │ 16.51% │ 09.29% │ 06.64%,→000.42% │ →004.12% │ →000.53% │ →000.14% │ ←001.23%,23.16% │ 62.99% │ 13.85%,→020.44% │ →005.28% │ ←079.86%,49.80%,50.20%,49.92%,50.08%,28770002695.17,28997224398.90,8621881738,8651128715,6714354007,1602142922,1578192794,3566599191,3526946457
jmugy,lread,wvkfx,zcn__,stioh,__qpb,lreadstioh,1134.986310,18.97%,→000.10%,37.56%,←000.48%,58931840508.12,←000.52%,←000.18%,1.74,→000.22%,1.73,1.74,07.87% │ 09.96% │ 12.00% │ 11.87% │ 08.43%,08.48% │ 11.23% │ 12.21% │ 09.79% │ 08.17%,06.19% │ 10.21% │ 15.49% │ 12.51% │ 05.72%,06.58% │ 12.12% │ 15.18% │ 09.71% │ 06.30%,→003.64% │ ←001.76% │ →001.73% │ ←005.73% │ →000.57%,23.93% │ 63.26% │ 12.81%,→002.73% │ →005.45% │ ←045.22%,50.13%,49.87%,50.12%,49.88%,29542118245.25,29389722262.87,8657034830,8615975623,6487313593,1637461163,1639162428,3663593553,3656992509
__ucb,laerd,wkfpx,vgn__,hotis,qmjyz,laerdhotis,1134.830679,18.62%,←002.42%,37.73%,→001.79%,57658518105.28,→001.58%,→002.09%,1.73,→000.22%,1.73,1.73,08.04% │ 08.89% │ 13.03% │ 11.55% │ 08.10%,08.72% │ 11.74% │ 12.87% │ 09.17% │ 07.90%,05.96% │ 09.02% │ 16.93% │ 12.00% │ 05.63%,05.86% │ 12.22% │ 16.51% │ 09.29% │ 06.58%,←001.81% │ →003.06% │ ←001.22% │ →001.61% │ →007.19%,21.59% │ 63.32% │ 15.08%,→019.32% │ →004.70% │ ←050.40%,49.60%,50.40%,49.55%,50.45%,28599504837.72,29059013267.56,8558310488,8714699965,6516856490,1627323206,1588943492,3607098260,3683944905
__ucp,laerd,wkfgz,vmn__,hotis,qbjyx,laerdhotis,1134.659640,18.36%,←000.96%,38.87%,→000.34%,57929124935.41,→000.23%,←001.12%,1.70,←001.02%,1.71,1.69,07.99% │ 08.89% │ 12.79% │ 11.52% │ 08.76%,08.56% │ 11.52% │ 12.83% │ 09.20% │ 07.94%,05.96% │ 09.02% │ 16.93% │ 11.91% │ 06.10%,05.86% │ 11.78% │ 16.51% │ 09.29% │ 06.64%,←000.58% │ →003.36% │ →000.34% │ ←000.01% │ ←002.25%,23.18% │ 63.08% │ 13.74%,→019.75% │ →004.47% │ ←078.39%,49.94%,50.06%,49.92%,50.08%,28931900536.51,28997224398.90,8621881738,8651128715,6714354007,1593268682,1578192794,3566599191,3526946457
zcfkx,dreal,yjguw,_mnpv,stioh,qb___,hoitslaerd,1134.637631,18.11%,→001.06%,38.92%,→000.42%,58667104948.86,→000.24%,→001.78%,1.70,→000.95%,1.69,1.70,07.70% │ 09.89% │ 11.96% │ 11.62% │ 08.77%,08.48% │ 12.05% │ 12.62% │ 09.44% │ 07.47%,05.76% │ 09.71% │ 15.08% │ 13.02% │ 06.55%,06.15% │ 11.80% │ 16.21% │ 10.09% │ 05.66%,←003.03% │ ←004.80% │ →005.21% │ →003.56% │ ←003.41%,23.38% │ 62.96% │ 13.65%,→051.80% │ →004.65% │ ←466.25%,49.94%,50.06%,49.89%,50.11%,29298811254.62,29368293694.24,8618308980,8654701473,6722151539,1555964018,1572685005,3510984806,3574763310
yfmg_,doenr,__kcz,buljq,hatis,_vpwx,doenrhatis,1134.601951,17.64%,←002.13%,36.69%,←000.48%,59335710440.73,→001.29%,→001.59%,1.76,→001.57%,1.75,1.78,07.52% │ 09.87% │ 11.45% │ 11.74% │ 09.10%,09.14% │ 12.21% │ 11.56% │ 09.35% │ 08.07%,05.53% │ 09.75% │ 15.32% │ 12.87% │ 06.66%,06.30% │ 12.13% │ 15.21% │ 09.51% │ 06.74%,→006.81% │ ←005.54% │ →000.91% │ →003.86% │ →000.44%,22.49% │ 66.30% │ 11.21%,←002.93% │ ←000.83% │ →020.02%,49.68%,50.32%,50.12%,49.88%,29475639622.86,29860070817.87,8657160955,8615849498,6336959650,1539883708,1507763444,3705540216,3765399789
yfmg_,doenr,__kcx,buljz,hatis,_vwpq,doenrhatis,1134.447330,17.91%,←001.08%,36.61%,←000.73%,59298447435.29,→000.85%,→001.07%,1.76,→001.37%,1.75,1.78,07.52% │ 09.87% │ 11.43% │ 11.75% │ 09.22%,09.14% │ 12.26% │ 10.73% │ 10.07% │ 08.02%,05.53% │ 09.75% │ 15.32% │ 12.87% │ 06.72%,06.30% │ 12.13% │ 14.75% │ 09.96% │ 06.68%,→006.17% │ →001.95% │ ←006.48% │ →004.15% │ ←000.86%,22.59% │ 66.19% │ 11.22%,←002.09% │ ←001.04% │ →016.38%,49.79%,50.21%,50.18%,49.82%,29523304695.87,29775142739.42,8668044248,8604966205,6324309338,1554804929,1538136146,3721676105,3761914212
ygfm_,doenr,__kcx,buljz,hatis,_vpwq,doenrhatis,1134.107708,17.91%,←001.08%,36.61%,←000.73%,59082527311.58,→001.86%,→001.07%,1.76,→001.37%,1.75,1.78,07.55% │ 09.46% │ 11.10% │ 12.21% │ 09.21%,09.18% │ 12.32% │ 11.54% │ 09.39% │ 08.04%,05.53% │ 09.61% │ 14.90% │ 13.42% │ 06.72%,06.30% │ 12.13% │ 15.21% │ 09.51% │ 06.68%,→006.13% │ ←000.67% │ →003.85% │ →000.84% │ ←000.41%,22.40% │ 66.38% │ 11.23%,→000.84% │ ←000.37% │ →015.85%,49.53%,50.47%,50.18%,49.82%,29263731385.75,29818795925.83,8668044248,8604966205,6324309338,1554804929,1538136146,3721676105,3761914212
zcfkw,dreal,yxguj,_pnmv,stioh,qb___,hoitslaerd,1133.701045,18.13%,→000.87%,38.92%,→000.42%,58723625893.30,→000.11%,→001.78%,1.70,→000.95%,1.69,1.70,07.69% │ 09.86% │ 11.99% │ 11.64% │ 08.80%,08.47% │ 11.49% │ 12.60% │ 10.01% │ 07.45%,05.76% │ 10.16% │ 15.08% │ 12.56% │ 06.55%,06.19% │ 11.80% │ 16.21% │ 10.05% │ 05.66%,←003.15% │ →001.52% │ →004.85% │ ←001.30% │ ←003.85%,25.60% │ 62.94% │ 11.46%,→037.90% │ →004.54% │ ←364.27%,49.97%,50.03%,49.89%,50.11%,29346093090.94,29377532802.36,8618308980,8654701473,6722151539,1559014262,1572685005,3510984806,3574763310
xkfqw,dneal,bmpc_,vuogj,hirts,zy___,dnealhirts,1133.655987,17.33%,←001.38%,39.42%,←001.74%,58887972799.99,←000.22%,→000.57%,1.68,→001.56%,1.67,1.69,07.55% │ 09.87% │ 12.55% │ 11.60% │ 08.47%,08.73% │ 11.64% │ 12.02% │ 09.63% │ 07.91%,05.63% │ 10.84% │ 16.30% │ 11.70% │ 05.96%,05.89% │ 12.07% │ 14.09% │ 10.85% │ 06.68%,→004.51% │ ←002.46% │ ←004.40% │ →000.34% │ →002.97%,21.90% │ 63.89% │ 14.21%,→061.88% │ ←000.15% │ ←454.55%,50.05%,49.95%,50.43%,49.57%,29476163793.82,29411809006.17,8711123522,8561886931,6809343142,1506990343,1486535828,3489231281,3509325232
jpumz,ciers,yxkd_,_gnwv,hotal,bfq__,latohsreic,1133.421188,19.21%,→000.89%,39.18%,←000.86%,57201292274.00,→001.21%,←000.87%,1.69,←000.01%,1.69,1.69,07.22% │ 09.76% │ 11.48% │ 12.00% │ 09.24%,09.36% │ 11.67% │ 12.08% │ 09.95% │ 07.24%,05.34% │ 09.96% │ 16.38% │ 11.80% │ 06.30%,06.58% │ 12.96% │ 15.49% │ 09.93% │ 05.26%,→000.29% │ →001.90% │ →004.96% │ ←002.79% │ →001.32%,23.68% │ 62.42% │ 13.90%,→031.34% │ ←002.81% │ ←053.36%,49.70%,50.30%,50.21%,49.79%,28427131464.54,28774160809.46,8673405376,8599605077,6767444162,1651600327,1666477834,3535425851,3505029642
xulfp,sream,___wk,_ydbq,hiton,vgcjz,sreamhiton,1133.399092,17.14%,←001.88%,37.73%,→000.69%,58335364535.06,→001.78%,→000.60%,1.73,←000.07%,1.73,1.73,08.21% │ 09.47% │ 12.01% │ 11.58% │ 08.29%,08.60% │ 11.21% │ 12.22% │ 09.27% │ 09.15%,06.64% │ 09.31% │ 16.24% │ 12.15% │ 05.50%,05.76% │ 11.34% │ 15.95% │ 09.41% │ 07.72%,→010.26% │ ←002.18% │ →001.75% │ ←003.27% │ →003.67%,22.72% │ 64.92% │ 12.36%,←074.89% │ →002.99% │ →066.11%,49.55%,50.45%,49.83%,50.17%,28905466909.73,29429897625.33,8606616092,8666394361,6517525372,1493756300,1466242575,3634306361,3656067922
jkucp,lnead,vwy__,zfom_,rtihs,xgqb_,lneadrtihs,1133.289191,16.81%,←000.05%,39.43%,→001.90%,58367571068.98,→002.35%,→001.04%,1.68,←000.59%,1.69,1.68,07.33% │ 08.88% │ 13.04% │ 11.30% │ 08.85%,09.28% │ 11.40% │ 12.97% │ 09.34% │ 07.61%,05.57% │ 09.93% │ 16.45% │ 11.60% │ 05.97%,06.85% │ 13.03% │ 15.25% │ 08.90% │ 06.45%,→003.68% │ →004.99% │ ←000.59% │ →000.82% │ →004.56%,25.74% │ 63.27% │ 10.98%,→017.92% │ ←000.44% │ ←024.67%,49.41%,50.59%,49.52%,50.48%,28836960048.67,29530611020.31,8553667228,8719343225,6810008884,1452295639,1451557894,3480592479,3517298292
fwdgz,caenr,___mq,_blyx,sitoh,jupkv,caenrsitoh,1133.229519,18.03%,→001.27%,38.26%,←000.68%,58437820891.90,→000.84%,←000.25%,1.71,→000.31%,1.71,1.72,07.50% │ 09.63% │ 12.14% │ 11.13% │ 09.40%,08.93% │ 11.94% │ 11.59% │ 09.92% │ 07.83%,05.51% │ 09.96% │ 15.79% │ 12.14% │ 06.76%,06.68% │ 11.99% │ 15.21% │ 10.01% │ 05.95%,→004.22% │ →002.96% │ ←004.67% │ →006.75% │ ←005.26%,21.87% │ 65.58% │ 12.55%,←044.39% │ ←005.76% │ →066.34%,49.79%,50.21%,50.17%,49.83%,29096142421.49,29341678470.41,8665752037,8607258416,6609450580,1547341032,1567232845,3603695401,3594753674
julfp,sream,___wk,_ydbq,hiton,vgcxz,sreamhiton,1133.151485,17.04%,←001.29%,37.79%,→000.54%,58341942764.34,→001.45%,→000.84%,1.73,→000.22%,1.73,1.73,08.19% │ 09.53% │ 12.04% │ 11.61% │ 08.26%,08.60% │ 11.22% │ 12.26% │ 09.14% │ 09.14%,06.68% │ 09.31% │ 16.24% │ 12.15% │ 05.50%,05.76% │ 11.34% │ 15.95% │ 09.37% │ 07.72%,→010.41% │ ←004.28% │ →001.73% │ ←003.48% │ →004.03%,22.73% │ 64.96% │ 12.30%,←075.03% │ →002.68% │ →065.92%,49.64%,50.36%,49.87%,50.13%,28958370388.75,29383572375.59,8613257667,8659752786,6526932925,1480940734,1462110615,3625217916,3655748814
jpumx,ciers,yzkd_,_gnwv,hotal,bfq__,latohsreic,1133.007903,19.13%,→001.77%,39.18%,←000.86%,57202033462.45,→001.20%,←000.87%,1.69,←000.01%,1.69,1.69,07.22% │ 09.66% │ 11.47% │ 12.00% │ 09.36%,09.36% │ 11.67% │ 12.08% │ 09.95% │ 07.24%,05.34% │ 09.96% │ 16.38% │ 11.80% │ 06.30%,06.64% │ 12.96% │ 15.49% │ 09.86% │ 05.26%,→000.31% │ →002.95% │ →005.06% │ ←002.78% │ →000.03%,23.77% │ 62.41% │ 13.82%,→030.66% │ ←002.77% │ ←051.87%,49.70%,50.30%,50.21%,49.79%,28427872652.99,28774160809.46,8673405376,8599605077,6767444162,1637018153,1666477834,3535425851,3505029642
fwdgz,caenr,___mq,_blyk,sitoh,xupvj,caenrsitoh,1132.971364,17.94%,→000.22%,38.26%,←000.68%,58417914654.75,→000.77%,←000.25%,1.71,→000.31%,1.71,1.72,07.50% │ 09.63% │ 12.14% │ 11.13% │ 09.40%,08.90% │ 11.90% │ 11.56% │ 10.39% │ 07.44%,05.51% │ 09.96% │ 15.79% │ 12.14% │ 06.76%,06.64% │ 11.99% │ 15.21% │ 10.34% │ 05.66%,←000.77% │ →007.30% │ ←005.02% │ →006.47% │ ←005.68%,22.84% │ 65.59% │ 11.57%,←030.36% │ ←005.81% │ →062.41%,49.81%,50.19%,50.17%,49.83%,29096142421.49,29321772233.26,8665752037,8607258416,6609450580,1547341032,1550788607,3603695401,3594753674
zcbkw,dneal,fxpm_,vuogj,hirts,qy___,dnealhirts,1132.833587,17.36%,→000.19%,39.35%,←001.86%,58955061992.06,←000.43%,→000.24%,1.68,→001.41%,1.67,1.70,08.17% │ 09.93% │ 12.14% │ 11.48% │ 08.40%,08.65% │ 11.72% │ 12.00% │ 09.62% │ 07.90%,06.14% │ 11.01% │ 15.74% │ 11.62% │ 05.96%,05.86% │ 12.07% │ 14.09% │ 10.85% │ 06.68%,←003.38% │ ←003.16% │ ←001.17% │ →002.04% │ →002.98%,25.23% │ 63.66% │ 11.11%,→041.62% │ →000.20% │ ←328.97%,50.11%,49.89%,50.46%,49.54%,29540873305.16,29414188686.90,8716149854,8556860599,6796354158,1497686636,1500543841,3501594788,3509950709
zcbkw,dneal,fqpm_,vuogj,hirts,xy___,dnealhirts,1132.805073,17.13%,→001.16%,39.54%,←001.49%,58914697115.63,→000.14%,→001.13%,1.68,→001.76%,1.66,1.69,08.17% │ 09.80% │ 12.12% │ 11.47% │ 08.40%,08.81% │ 11.65% │ 12.01% │ 09.66% │ 07.91%,06.14% │ 10.92% │ 15.74% │ 11.62% │ 05.96%,05.95% │ 12.07% │ 14.09% │ 10.85% │ 06.68%,←003.37% │ ←001.40% │ ←000.90% │ →001.48% │ →004.64%,25.13% │ 63.74% │ 11.13%,→041.34% │ →000.49% │ ←294.84%,49.96%,50.04%,50.37%,49.63%,29436613158.25,29478083957.38,8700240229,8572770224,6829703504,1470661364,1487923272,3469240367,3508955784
xpumj,ciers,yzkd_,_gnwv,hotal,bfq__,latohsreic,1132.575558,19.13%,→001.77%,39.18%,←000.86%,57219376837.89,→001.14%,←000.87%,1.69,←000.01%,1.69,1.69,07.24% │ 09.67% │ 11.45% │ 11.99% │ 09.36%,09.36% │ 11.67% │ 12.08% │ 09.95% │ 07.24%,05.34% │ 09.96% │ 16.38% │ 11.80% │ 06.30%,06.68% │ 12.96% │ 15.49% │ 09.86% │ 05.22%,←000.05% │ →002.79% │ →005.19% │ ←002.78% │ ←000.02%,23.79% │ 62.40% │ 13.81%,→030.48% │ ←002.79% │ ←051.88%,49.71%,50.29%,50.21%,49.79%,28445216028.43,28774160809.46,8673405376,8599605077,6767444162,1637018153,1666477834,3535425851,3505029642
qmbxy,dneal,gkfc_,vuopj,htsir,zw___,dnealhtsir,1132.575280,18.48%,→001.16%,37.99%,←001.41%,58582252528.89,→000.67%,→001.82%,1.72,→002.31%,1.70,1.74,08.24% │ 09.77% │ 11.80% │ 11.13% │ 08.88%,08.83% │ 11.79% │ 11.48% │ 09.59% │ 08.47%,05.97% │ 10.84% │ 15.78% │ 11.79% │ 05.97%,05.89% │ 13.26% │ 14.01% │ 09.73% │ 06.76%,→002.75% │ ←001.92% │ ←002.83% │ →005.58% │ ←000.51%,24.32% │ 62.77% │ 12.91%,→049.91% │ →002.00% │ ←371.15%,49.83%,50.17%,50.35%,49.65%,29192510717.93,29389741810.96,8696806568,8576203885,6561675168,1586834699,1605491147,3589807113,3656417374
qxwkf,lnead,bmpc_,vuogj,htris,zy___,lneadhtris,1132.542982,17.33%,←001.38%,39.42%,←001.74%,58801258418.07,→000.47%,→000.57%,1.68,→001.56%,1.67,1.69,07.92% │ 09.08% │ 12.04% │ 12.11% │ 08.73%,08.71% │ 12.25% │ 11.98% │ 09.17% │ 08.02%,05.99% │ 10.28% │ 15.81% │ 12.34% │ 06.01%,05.89% │ 13.28% │ 14.09% │ 09.64% │ 06.68%,→001.14% │ →000.91% │ ←000.50% │ →001.17% │ ←000.27%,22.23% │ 63.49% │ 14.28%,→060.17% │ →001.50% │ ←439.45%,49.88%,50.12%,50.43%,49.57%,29331753344.57,29469505073.50,8711123522,8561886931,6809343142,1506990343,1486535828,3489231281,3509325232
bmu__,dneal,xjkcf,ypsw_,hitor,qgvz_,rotihlaend,1132.311085,17.25%,→000.05%,39.59%,→001.97%,58064093542.73,→001.68%,→000.55%,1.68,←000.98%,1.68,1.67,07.92% │ 09.28% │ 11.88% │ 11.16% │ 09.35%,09.83% │ 11.38% │ 12.06% │ 09.32% │ 07.84%,06.53% │ 09.38% │ 16.32% │ 11.78% │ 06.48%,06.45% │ 11.60% │ 15.49% │ 10.32% │ 05.63%,←000.95% │ →000.42% │ →001.52% │ →001.93% │ →004.89%,22.79% │ 64.24% │ 12.97%,→034.11% │ →002.62% │ ←113.30%,49.58%,50.42%,49.50%,50.50%,28785640741.37,29278452801.36,8550794746,8722215707,6838509525,1489689237,1490373864,3475120644,3494269486
pqsuw,dearl,__xfz,kbcv_,hiotn,jgmy_,ntoihlraed,1132.249304,16.83%,←000.51%,37.95%,←002.14%,59631628804.51,←001.01%,←000.28%,1.72,→001.32%,1.71,1.74,08.19% │ 10.71% │ 11.65% │ 11.12% │ 08.58%,08.30% │ 11.24% │ 11.24% │ 10.45% │ 08.53%,07.49% │ 11.58% │ 13.49% │ 11.26% │ 05.66%,06.09% │ 11.49% │ 14.91% │ 12.07% │ 05.97%,→003.97% │ ←002.57% │ ←003.67% │ →001.03% │ ←003.31%,23.87% │ 64.84% │ 11.30%,←111.40% │ →007.48% │ →065.64%,50.25%,49.75%,50.53%,49.47%,29965332694.04,29666296110.47,8727751367,8545259086,6554252410,1457584949,1450160547,3631842320,3621804925
wmu__,dneal,xjkcf,bysg_,hitor,qpvz_,rotihlaend,1132.080883,16.86%,←000.32%,40.47%,→001.69%,57695300367.65,→001.67%,→001.40%,1.65,←000.19%,1.65,1.65,07.99% │ 09.43% │ 11.46% │ 11.44% │ 09.25%,09.43% │ 11.23% │ 12.10% │ 09.71% │ 07.95%,06.53% │ 09.74% │ 16.32% │ 11.44% │ 06.40%,06.45% │ 11.60% │ 15.49% │ 10.32% │ 05.71%,←000.47% │ →002.88% │ →005.27% │ ←001.91% │ →001.87%,22.60% │ 64.22% │ 13.17%,→034.16% │ →002.33% │ ←106.22%,49.58%,50.42%,49.58%,50.42%,28604689829.28,29090610538.37,8563113462,8709896991,6990390341,1458653007,1453975486,3384721085,3432788229
julfp,sream,___wk,_bdyq,hiton,vgcxz,sreamhiton,1131.922060,17.04%,←001.29%,37.79%,→000.54%,58381634670.44,→001.58%,→000.84%,1.73,→000.22%,1.73,1.73,08.19% │ 09.52% │ 12.04% │ 11.61% │ 08.25%,08.60% │ 11.01% │ 12.25% │ 09.40% │ 09.14%,06.68% │ 09.31% │ 16.24% │ 12.15% │ 05.50%,05.76% │ 11.26% │ 15.95% │ 09.46% │ 07.72%,→010.42% │ ←001.30% │ →001.74% │ ←005.39% │ →004.04%,22.77% │ 64.94% │ 12.30%,←073.98% │ →002.73% │ →065.92%,49.60%,50.40%,49.87%,50.13%,28958370388.75,29423264281.69,8613257667,8659752786,6526932925,1480940734,1462110615,3625217916,3655748814
qfowk,raled,__vzy,jucg_,sithn,xpmb_,nhtisdelar,1131.908248,16.24%,→000.52%,38.82%,←000.21%,60001851031.81,→000.98%,←002.02%,1.70,←001.26%,1.71,1.69,08.03% │ 09.49% │ 11.04% │ 12.13% │ 09.06%,09.00% │ 12.26% │ 11.40% │ 09.16% │ 08.42%,07.49% │ 08.35% │ 14.73% │ 12.51% │ 06.87%,06.27% │ 13.79% │ 12.90% │ 10.46% │ 06.63%,→004.60% │ ←003.58% │ →003.19% │ →001.04% │ ←000.62%,23.62% │ 64.00% │ 12.38%,←030.65% │ →000.32% │ →044.39%,49.75%,50.25%,50.05%,49.95%,29852909926.06,30148941105.75,8645557685,8627452768,6706040163,1399346152,1406596681,3586375572,3515483920
qfowk,raled,__vzy,jucb_,sithn,xgpm_,nhtisdelar,1131.829302,16.29%,→001.07%,38.82%,←000.21%,59878551219.11,→000.58%,←002.02%,1.70,←001.26%,1.71,1.69,08.05% │ 09.51% │ 11.06% │ 12.16% │ 09.08%,09.02% │ 12.38% │ 11.03% │ 09.30% │ 08.42%,07.49% │ 08.90% │ 14.27% │ 12.42% │ 06.87%,06.27% │ 13.79% │ 12.90% │ 10.46% │ 06.63%,→004.40% │ ←002.27% │ ←000.31% │ →001.79% │ ←000.66%,22.57% │ 64.09% │ 13.33%,←046.28% │ →000.20% │ →050.18%,49.86%,50.14%,50.05%,49.95%,29852909926.06,30025641293.05,8645557685,8627452768,6706040163,1399346152,1414547849,3586375572,3515483920
qmpzf,lnead,wkbc_,vuogj,histr,xy___,lneadhistr,1131.820265,17.13%,→001.10%,39.54%,←001.49%,58245006271.68,→000.30%,→001.13%,1.68,→001.76%,1.66,1.69,07.89% │ 09.82% │ 12.10% │ 11.30% │ 08.81%,08.89% │ 12.03% │ 11.28% │ 09.47% │ 08.41%,06.06% │ 10.84% │ 15.74% │ 11.73% │ 06.01%,05.95% │ 12.07% │ 14.01% │ 10.85% │ 06.76%,→006.18% │ ←003.69% │ ←007.29% │ →006.07% │ →000.82%,24.92% │ 63.38% │ 11.69%,→045.25% │ ←000.60% │ ←292.72%,49.92%,50.08%,50.37%,49.63%,29078511646.81,29166494624.87,8700240229,8572770224,6829703504,1471604740,1487923272,3469240367,3508955784
wmu__,dneal,jxkcf,bysg_,hitor,qpvz_,rotihlaend,1131.801570,16.86%,←000.32%,40.47%,→001.69%,57704200960.79,→001.64%,→001.40%,1.65,←000.19%,1.65,1.65,08.01% │ 09.40% │ 11.48% │ 11.45% │ 09.25%,09.43% │ 11.23% │ 12.10% │ 09.71% │ 07.95%,06.53% │ 09.74% │ 16.32% │ 11.44% │ 06.40%,06.45% │ 11.60% │ 15.49% │ 10.28% │ 05.74%,←000.80% │ →003.20% │ →005.15% │ ←001.96% │ →001.87%,22.61% │ 64.23% │ 13.16%,→034.11% │ →002.27% │ ←105.99%,49.59%,50.41%,49.58%,50.42%,28613590422.42,29090610538.37,8563113462,8709896991,6990390341,1458653007,1453975486,3384721085,3432788229
qzwkf,lnead,bmpc_,vuogj,htris,xy___,lneadhtris,1131.790135,17.17%,→000.64%,39.54%,←001.49%,58805788854.06,→000.93%,→001.13%,1.68,→001.76%,1.66,1.69,07.92% │ 08.98% │ 12.03% │ 12.10% │ 08.73%,08.79% │ 12.29% │ 11.97% │ 09.17% │ 08.02%,05.99% │ 10.22% │ 15.81% │ 12.34% │ 06.01%,05.95% │ 13.28% │ 14.09% │ 09.64% │ 06.68%,→001.13% │ →002.10% │ ←000.54% │ →001.55% │ →000.67%,22.12% │ 63.57% │ 14.31%,→060.81% │ →001.53% │ ←418.69%,49.77%,50.23%,50.37%,49.63%,29265222867.48,29540565986.58,8700240229,8572770224,6829703504,1478327186,1487923272,3469240367,3508955784
zfowk,raled,__vqy,jucg_,sithn,xpmb_,nhtisdelar,1131.572476,16.23%,→000.75%,38.82%,←000.21%,60041808412.68,→000.85%,←002.02%,1.70,←001.26%,1.71,1.69,08.08% │ 09.51% │ 11.03% │ 12.12% │ 09.05%,08.99% │ 12.25% │ 11.40% │ 09.16% │ 08.42%,07.49% │ 08.35% │ 14.73% │ 12.51% │ 06.87%,06.27% │ 13.76% │ 12.90% │ 10.46% │ 06.66%,→004.03% │ ←003.83% │ →003.17% │ →001.10% │ ←000.65%,23.66% │ 64.00% │ 12.34%,←031.12% │ →000.18% │ →044.70%,49.79%,50.21%,50.05%,49.95%,29892867306.93,30148941105.75,8645557685,8627452768,6706040163,1396016318,1406596681,3586375572,3515483920
pjsuq,dearl,__zfw,kycv_,hiotn,xgmb_,ntoihlraed,1131.524394,16.64%,←001.53%,37.99%,←002.29%,59527485178.46,←001.35%,←000.04%,1.72,→001.60%,1.71,1.74,08.17% │ 10.85% │ 11.55% │ 11.23% │ 08.54%,08.26% │ 11.54% │ 11.18% │ 10.14% │ 08.54%,07.49% │ 11.49% │ 13.49% │ 11.34% │ 05.62%,06.06% │ 11.49% │ 14.85% │ 12.20% │ 05.97%,→004.33% │ ←006.98% │ ←003.32% │ →002.76% │ ←003.41%,22.05% │ 64.86% │ 13.08%,←076.57% │ →007.37% │ →036.81%,50.34%,49.66%,50.57%,49.43%,29963598506.45,29563886672.01,8734392942,8538617511,6562689065,1447596476,1425830339,3623239324,3621971266
pjsuq,dearl,__zfw,kgcy_,hiotn,xbmv_,ntoihlraed,1131.507874,16.61%,←001.85%,37.99%,←002.29%,59649210995.93,←000.94%,←000.04%,1.72,→001.60%,1.71,1.74,08.15% │ 10.83% │ 11.53% │ 11.20% │ 08.52%,08.23% │ 11.38% │ 11.17% │ 10.46% │ 08.53%,07.49% │ 11.58% │ 13.49% │ 11.26% │ 05.62%,06.06% │ 11.49% │ 14.85% │ 12.20% │ 05.97%,→004.47% │ ←003.56% │ ←003.23% │ →001.56% │ ←003.55%,23.58% │ 64.82% │ 11.60%,←047.44% │ →007.61% │ →022.78%,50.23%,49.77%,50.57%,49.43%,29963598506.45,29685612489.48,8734392942,8538617511,6562689065,1447596476,1421332275,3623239324,3621971266
_kwcf,laerd,yvgmz,_unpq,stioh,__xjb,laerdstioh,1131.466448,19.34%,←000.10%,37.34%,←001.51%,58740252234.38,←000.56%,→000.75%,1.74,→001.66%,1.73,1.76,08.16% │ 09.92% │ 12.00% │ 11.48% │ 08.58%,08.53% │ 11.29% │ 12.25% │ 09.64% │ 08.16%,05.97% │ 10.09% │ 15.71% │ 12.46% │ 06.14%,06.45% │ 11.57% │ 15.27% │ 09.94% │ 06.40%,←000.07% │ ←002.90% │ →001.98% │ ←001.69% │ ←000.53%,24.67% │ 62.36% │ 12.97%,→034.09% │ →005.16% │ ←234.32%,50.14%,49.86%,50.37%,49.63%,29451695289.12,29288556945.26,8701249826,8571760627,6448976920,1671309388,1669619163,3665541497,3693381238
_kgcy,laerd,wvfmz,_unpq,stioh,__xjb,laerdstioh,1131.363308,19.38%,←000.54%,37.34%,←001.51%,58565546851.94,→000.04%,→000.75%,1.74,→001.66%,1.73,1.76,07.66% │ 10.10% │ 12.50% │ 11.38% │ 08.36%,08.56% │ 11.32% │ 12.28% │ 09.67% │ 08.18%,05.96% │ 10.09% │ 16.21% │ 12.46% │ 05.66%,06.45% │ 11.57% │ 15.27% │ 09.94% │ 06.40%,→006.36% │ ←004.50% │ ←001.74% │ ←000.48% │ →002.37%,24.88% │ 62.52% │ 12.60%,→033.16% │ →005.25% │ ←220.66%,49.99%,50.01%,50.37%,49.63%,29276989906.68,29288556945.26,8701249826,8571760627,6448976920,1678597672,1669619163,3665541497,3693381238
qmugf,lread,wkvyz,xco__,stnih,__jpb,lreadstnih,1131.205657,18.48%,←001.31%,37.55%,→000.30%,59398108159.73,→001.10%,→000.97%,1.74,→000.49%,1.73,1.74,07.62% │ 09.58% │ 12.45% │ 11.53% │ 08.54%,08.50% │ 11.32% │ 13.02% │ 09.31% │ 08.12%,06.06% │ 09.88% │ 15.83% │ 12.02% │ 06.14%,06.64% │ 12.12% │ 15.28% │ 09.73% │ 06.30%,→006.15% │ ←002.92% │ →004.33% │ ←001.79% │ ←000.41%,24.38% │ 62.98% │ 12.64%,→005.89% │ →004.69% │ ←031.02%,49.72%,50.28%,49.93%,50.07%,29534785974.58,29863322185.15,8623600337,8649410116,6486375546,1606215576,1585401634,3642956764,3678567345
_kwcf,laerd,yvgmz,_unpq,stioh,__jxb,laerdstioh,1131.184474,19.34%,←000.10%,37.34%,←001.51%,58735393495.34,←000.57%,→000.75%,1.74,→001.66%,1.73,1.76,08.16% │ 09.92% │ 12.00% │ 11.48% │ 08.58%,08.53% │ 11.29% │ 12.29% │ 09.58% │ 08.16%,05.97% │ 10.09% │ 15.71% │ 12.46% │ 06.14%,06.45% │ 11.57% │ 15.31% │ 09.90% │ 06.40%,←000.07% │ ←003.48% │ →002.32% │ ←001.65% │ ←000.53%,24.68% │ 62.35% │ 12.97%,→034.15% │ →005.11% │ ←234.78%,50.14%,49.86%,50.37%,49.63%,29451695289.12,29283698206.22,8701249826,8571760627,6448976920,1671309388,1669619163,3665541497,3693381238
zjwkf,lnead,bmpc_,vuogq,htris,xy___,lneadhtris,1131.102707,17.26%,←000.31%,39.51%,←002.02%,58817322490.22,←000.13%,→000.49%,1.68,→001.68%,1.66,1.69,07.97% │ 09.10% │ 12.10% │ 12.14% │ 08.73%,08.79% │ 12.30% │ 11.90% │ 09.16% │ 07.82%,06.02% │ 10.32% │ 15.81% │ 12.34% │ 06.01%,05.95% │ 13.28% │ 14.09% │ 09.64% │ 06.55%,←001.96% │ →000.66% │ ←001.64% │ →001.34% │ →000.66%,22.04% │ 63.65% │ 14.31%,→059.15% │ →001.13% │ ←418.78%,50.03%,49.97%,50.50%,49.50%,29427985855.93,29389336634.29,8722791429,8550219024,6824868025,1492701159,1488051947,3482953186,3500078444
xplyc,snieg,zkf__,jmubq,hotar,vwd__,ratohgeins,1130.656677,15.78%,←000.30%,41.24%,←000.97%,58010415696.64,→000.25%,→000.07%,1.63,→000.65%,1.63,1.64,08.24% │ 09.50% │ 11.43% │ 12.30% │ 08.46%,08.77% │ 11.71% │ 11.61% │ 09.90% │ 08.08%,06.63% │ 09.89% │ 15.40% │ 11.86% │ 05.99%,05.38% │ 13.67% │ 14.04% │ 10.38% │ 06.77%,←002.03% │ →004.03% │ →001.47% │ ←005.00% │ →003.45%,24.03% │ 63.68% │ 12.29%,←064.74% │ →004.65% │ →053.49%,49.94%,50.06%,50.24%,49.76%,28969604382.50,29040811314.14,8678276665,8594733788,7122746405,1365029121,1360975314,3341372785,3343780465
qmbxy,dneal,fkgc_,vuopj,htsir,zw___,dnealhtsir,1130.441559,18.48%,→001.16%,37.99%,←001.41%,58661725753.09,→000.40%,→001.82%,1.72,→002.31%,1.70,1.74,08.17% │ 09.74% │ 12.03% │ 11.10% │ 08.86%,08.82% │ 11.78% │ 11.46% │ 09.57% │ 08.46%,06.11% │ 10.84% │ 15.64% │ 11.79% │ 05.97%,05.89% │ 13.26% │ 14.01% │ 09.73% │ 06.76%,→003.44% │ ←001.70% │ ←004.92% │ →005.74% │ ←000.46%,24.28% │ 62.63% │ 13.08%,→049.94% │ →002.18% │ ←379.82%,49.90%,50.10%,50.35%,49.65%,29271983942.13,29389741810.96,8696806568,8576203885,6561675168,1586834699,1605491147,3589807113,3656417374
xplyc,snieg,zkf__,jumbq,hotar,vwd__,ratohgeins,1130.347916,15.78%,←000.30%,41.24%,←000.97%,57956574229.50,→000.06%,→000.07%,1.63,→000.65%,1.63,1.64,08.25% │ 09.51% │ 11.45% │ 12.31% │ 08.47%,08.77% │ 12.14% │ 11.12% │ 09.81% │ 08.17%,06.63% │ 09.89% │ 15.22% │ 12.03% │ 05.99%,05.38% │ 13.67% │ 14.04% │ 10.38% │ 06.77%,←000.96% │ →003.05% │ ←002.91% │ ←001.41% │ →003.46%,24.11% │ 63.59% │ 12.29%,←063.72% │ →004.22% │ →053.46%,49.99%,50.01%,50.24%,49.76%,28969604382.50,28986969847.00,8678276665,8594733788,7122746405,1365029121,1360975314,3341372785,3343780465
qcugy,dreal,fzwv_,__opb,stinh,xmjk_,drealstinh,1130.306747,17.64%,←000.02%,38.74%,→000.39%,58322049250.79,←000.78%,→000.05%,1.70,←000.24%,1.70,1.70,08.05% │ 09.82% │ 12.64% │ 10.76% │ 08.92%,08.70% │ 10.20% │ 12.64% │ 09.95% │ 08.32%,06.11% │ 09.99% │ 16.44% │ 11.40% │ 05.97%,06.64% │ 11.40% │ 15.38% │ 10.38% │ 06.30%,→003.23% │ →001.28% │ →000.05% │ ←005.54% │ ←002.60%,26.25% │ 62.34% │ 11.40%,→008.66% │ →001.07% │ ←040.29%,50.19%,49.81%,49.90%,50.10%,29274531709.94,29047517540.85,8619752977,8653257476,6691673356,1523629793,1523268289,3557290336,3558935963
qcugy,dreal,fzwv_,__opb,stinh,jmxk_,drealstinh,1130.093736,17.64%,←000.02%,38.74%,→000.39%,58315724074.04,←000.80%,→000.05%,1.70,←000.24%,1.70,1.70,08.05% │ 09.82% │ 12.64% │ 10.76% │ 08.93%,08.76% │ 10.17% │ 12.60% │ 09.94% │ 08.32%,06.11% │ 09.99% │ 16.44% │ 11.40% │ 05.97%,06.68% │ 11.40% │ 15.34% │ 10.38% │ 06.30%,→003.22% │ →001.19% │ ←000.28% │ ←005.77% │ ←001.87%,26.25% │ 62.33% │ 11.42%,→008.64% │ →000.99% │ ←039.83%,50.20%,49.80%,49.90%,50.10%,29274531709.94,29041192364.10,8619752977,8653257476,6691673356,1523629793,1523268289,3557290336,3558935963
julfp,rseam,___wk,_ydbq,hotin,vgcxz,rseamhotin,1130.016919,17.04%,←001.29%,37.79%,→000.54%,58779978533.58,→000.88%,→000.84%,1.73,→000.22%,1.73,1.73,08.54% │ 09.09% │ 12.31% │ 11.65% │ 08.19%,08.54% │ 11.14% │ 12.44% │ 08.93% │ 09.16%,06.76% │ 09.23% │ 16.24% │ 12.15% │ 05.50%,05.76% │ 11.32% │ 15.95% │ 09.40% │ 07.72%,→006.79% │ ←001.73% │ →001.06% │ ←004.53% │ →004.08%,22.56% │ 65.23% │ 12.21%,←074.36% │ →001.67% │ →065.95%,49.78%,50.22%,49.87%,50.13%,29259911812.39,29520066721.19,8613257667,8659752786,6526932925,1480940734,1462110615,3625217916,3655748814
xulfp,rseam,___wk,_ydbq,hotin,vgcjz,rseamhotin,1129.985922,17.14%,←001.88%,37.73%,→000.69%,58756179870.47,→001.16%,→000.60%,1.73,←000.07%,1.73,1.73,08.56% │ 09.03% │ 12.28% │ 11.62% │ 08.22%,08.54% │ 11.20% │ 12.41% │ 08.98% │ 09.17%,06.72% │ 09.23% │ 16.24% │ 12.15% │ 05.50%,05.76% │ 11.32% │ 15.95% │ 09.44% │ 07.72%,→006.67% │ ←000.64% │ →001.07% │ ←003.77% │ →003.72%,22.55% │ 65.18% │ 12.26%,←074.22% │ →001.90% │ →066.14%,49.71%,50.29%,49.83%,50.17%,29207113581.22,29549066289.25,8606616092,8666394361,6517525372,1493756300,1466242575,3634306361,3656067922
jkmup,dneal,wgy__,xfoc_,rtihs,zbqv_,dnealrtihs,1129.924382,18.25%,→000.20%,37.96%,→000.92%,59099582084.34,→000.75%,→002.20%,1.72,→000.94%,1.72,1.73,07.62% │ 09.77% │ 12.39% │ 10.72% │ 09.31%,09.13% │ 10.90% │ 12.86% │ 09.84% │ 07.46%,05.74% │ 10.29% │ 16.28% │ 11.05% │ 06.41%,06.85% │ 12.60% │ 15.25% │ 09.08% │ 06.45%,←002.15% │ →000.75% │ →003.69% │ →001.60% │ ←002.06%,25.57% │ 63.10% │ 11.33%,→028.25% │ →000.85% │ ←113.47%,49.81%,50.19%,49.77%,50.23%,29439205048.09,29660377036.25,8596797745,8676212708,6557084344,1574634019,1577824245,3585110726,3665704585
pqsuy,dearl,__zfx,jbgw_,hiton,vmck_,notihlraed,1129.838046,17.24%,←000.65%,37.32%,←002.19%,59202488209.46,←001.77%,→000.07%,1.74,→001.64%,1.73,1.76,08.27% │ 10.60% │ 11.16% │ 11.19% │ 09.23%,08.92% │ 11.47% │ 10.34% │ 10.13% │ 08.70%,07.49% │ 10.00% │ 14.17% │ 11.81% │ 05.99%,06.16% │ 11.49% │ 14.85% │ 12.07% │ 05.97%,→004.97% │ ←004.60% │ ←007.88% │ →002.44% │ ←003.45%,23.50% │ 63.76% │ 12.74%,←151.52% │ →007.16% │ →070.15%,50.44%,49.56%,50.54%,49.46%,29860951893.92,29341536315.54,8729920692,8543089761,6446905140,1493589981,1484013230,3679289114,3681705401
jkmup,dneal,wgy__,xfoc_,rtihs,qbzv_,dnealrtihs,1129.776717,18.25%,→000.20%,37.96%,→000.92%,59093238517.63,→000.72%,→002.20%,1.72,→000.94%,1.72,1.73,07.62% │ 09.77% │ 12.39% │ 10.72% │ 09.31%,09.07% │ 10.90% │ 12.91% │ 09.84% │ 07.46%,05.74% │ 10.29% │ 16.28% │ 11.05% │ 06.41%,06.82% │ 12.60% │ 15.28% │ 09.08% │ 06.45%,←002.15% │ →000.74% │ →004.01% │ →001.59% │ ←002.64%,25.57% │ 63.10% │ 11.32%,→028.24% │ →000.84% │ ←113.91%,49.82%,50.18%,49.77%,50.23%,29439205048.09,29654033469.54,8596797745,8676212708,6557084344,1574634019,1577824245,3585110726,3665704585
xkgjf,dneal,ymbc_,vuopq,htsir,zw___,dnealhtsir,1129.737294,18.72%,←001.37%,37.96%,←001.94%,58707398828.92,←000.80%,→001.21%,1.72,→002.24%,1.70,1.74,08.03% │ 09.87% │ 11.86% │ 11.29% │ 09.15%,08.82% │ 11.78% │ 11.39% │ 09.55% │ 08.25%,05.72% │ 10.84% │ 15.64% │ 11.83% │ 06.45%,05.89% │ 13.26% │ 14.01% │ 09.73% │ 06.63%,→002.70% │ ←003.32% │ ←004.11% │ →004.19% │ ←003.75%,23.11% │ 62.76% │ 14.13%,→054.85% │ →001.54% │ ←426.70%,50.20%,49.80%,50.48%,49.52%,29470934796.74,29236464032.18,8719357768,8553652685,6556929787,1627601292,1605668598,3603474883,3647494985
pqsuy,dearl,__zfx,jbmw_,hiton,vgck_,notihlraed,1129.635884,17.06%,←002.72%,37.32%,←002.19%,59028702019.67,←002.38%,→000.07%,1.74,→001.64%,1.73,1.76,08.29% │ 10.63% │ 11.19% │ 11.22% │ 09.26%,09.00% │ 11.03% │ 10.51% │ 10.15% │ 08.72%,07.49% │ 10.00% │ 14.73% │ 11.26% │ 05.99%,06.16% │ 11.49% │ 14.85% │ 12.07% │ 05.97%,→004.97% │ ←004.72% │ ←006.48% │ ←001.70% │ ←002.89%,23.59% │ 63.90% │ 12.51%,←150.70% │ →007.01% │ →069.33%,50.59%,49.41%,50.54%,49.46%,29860951893.92,29167750125.75,8729920692,8543089761,6446905140,1493589981,1454032174,3679289114,3681705401
zplyc,snieg,xkf__,jmubq,hotar,vwd__,ratohgeins,1129.496797,15.87%,←001.40%,41.24%,←000.97%,58004753008.82,→000.26%,→000.07%,1.63,→000.65%,1.63,1.64,08.22% │ 09.51% │ 11.43% │ 12.31% │ 08.47%,08.77% │ 11.72% │ 11.61% │ 09.90% │ 08.08%,06.63% │ 09.89% │ 15.40% │ 11.86% │ 05.99%,05.38% │ 13.67% │ 14.04% │ 10.38% │ 06.77%,←001.71% │ →003.91% │ →001.51% │ ←005.04% │ →003.41%,23.90% │ 63.69% │ 12.41%,←063.31% │ →004.64% │ →052.07%,49.93%,50.07%,50.24%,49.76%,28963941694.68,29040811314.14,8678276665,8594733788,7122746405,1380075937,1360975314,3341372785,3343780465
jkmup,dneal,wgy__,zfoc_,rtihs,xbqv_,dnealrtihs,1129.450639,18.28%,→000.53%,37.96%,→000.92%,59107055928.50,→000.77%,→002.20%,1.72,→000.94%,1.72,1.73,07.62% │ 09.77% │ 12.39% │ 10.72% │ 09.31%,09.13% │ 10.90% │ 12.86% │ 09.85% │ 07.46%,05.74% │ 10.29% │ 16.28% │ 11.05% │ 06.41%,06.85% │ 12.60% │ 15.25% │ 09.08% │ 06.45%,←002.15% │ →000.82% │ →003.66% │ →001.62% │ ←001.97%,25.50% │ 63.09% │ 11.41%,→027.89% │ →000.85% │ ←108.58%,49.81%,50.19%,49.77%,50.23%,29439205048.09,29667850880.41,8596797745,8676212708,6557084344,1574634019,1582990413,3585110726,3665704585
julfp,rseam,___wk,_ydbz,hotin,vgcxq,rseamhotin,1129.125472,17.03%,←001.40%,37.79%,→000.54%,58793870761.20,→000.93%,→000.84%,1.73,→000.22%,1.73,1.73,08.54% │ 09.09% │ 12.31% │ 11.65% │ 08.19%,08.53% │ 11.14% │ 12.44% │ 08.94% │ 09.18%,06.76% │ 09.23% │ 16.24% │ 12.15% │ 05.50%,05.76% │ 11.32% │ 15.95% │ 09.40% │ 07.72%,→006.97% │ ←001.67% │ →001.06% │ ←004.52% │ →004.08%,22.63% │ 65.23% │ 12.15%,←072.79% │ →001.69% │ →065.73%,49.77%,50.23%,49.87%,50.13%,29259911812.39,29533958948.81,8613257667,8659752786,6526932925,1480940734,1460561523,3625217916,3655748814
pqsuy,dearl,__zfx,jwmb_,hiton,vgck_,notihlraed,1129.081056,17.06%,←002.72%,37.32%,←002.19%,59086268284.40,←002.17%,→000.07%,1.74,→001.64%,1.73,1.76,08.28% │ 10.62% │ 11.18% │ 11.21% │ 09.25%,09.01% │ 11.26% │ 10.50% │ 09.99% │ 08.71%,07.49% │ 09.93% │ 14.73% │ 11.33% │ 05.99%,06.16% │ 11.49% │ 14.85% │ 12.07% │ 05.97%,→004.88% │ ←006.31% │ ←006.48% │ →000.48% │ ←002.72%,23.56% │ 63.93% │ 12.50%,←150.73% │ →007.29% │ →069.33%,50.54%,49.46%,50.54%,49.46%,29860951893.92,29225316390.48,8729920692,8543089761,6446905140,1493589981,1454032174,3679289114,3681705401
xkmcp,dneil,wgb__,zfou_,rtahs,qyjv_,dneilrtahs,1128.960938,17.56%,←001.15%,38.95%,→001.92%,58654952597.06,←001.25%,→002.37%,1.69,→000.31%,1.69,1.70,07.61% │ 09.55% │ 12.85% │ 11.18% │ 09.12%,09.39% │ 11.16% │ 12.23% │ 09.16% │ 07.74%,05.71% │ 10.29% │ 16.19% │ 10.92% │ 06.41%,06.76% │ 12.68% │ 16.06% │ 08.54% │ 06.45%,→001.72% │ ←004.20% │ ←005.02% │ ←000.24% │ →002.89%,25.64% │ 63.07% │ 11.29%,→020.39% │ ←000.97% │ ←080.00%,50.31%,49.69%,49.51%,50.49%,29509485310.49,29145467286.57,8552600961,8720409492,6728281267,1525082893,1507672298,3497447089,3582171299
qmugy,dreal,fkvwz,xco__,stinh,__jpb,drealstinh,1128.682287,18.52%,←001.74%,37.55%,→000.30%,58903002825.33,←002.04%,→000.97%,1.74,→000.49%,1.73,1.74,07.97% │ 09.64% │ 12.52% │ 11.40% │ 08.98%,08.54% │ 11.33% │ 12.51% │ 08.92% │ 08.19%,06.11% │ 09.88% │ 15.83% │ 12.01% │ 06.10%,06.64% │ 12.12% │ 15.38% │ 09.64% │ 06.30%,→002.73% │ ←008.12% │ ←000.04% │ ←000.63% │ ←005.08%,24.31% │ 62.53% │ 13.16%,→007.76% │ →000.54% │ ←039.26%,50.50%,49.50%,49.93%,50.07%,29748783023.93,29154219801.40,8623600337,8649410116,6486375546,1613042656,1585401634,3642956764,3678567345
zkwqf,lnead,bmpc_,vuogj,hstir,xy___,lneadhstir,1128.653690,17.17%,→000.64%,39.54%,←001.49%,58063989904.04,←001.59%,→001.13%,1.68,→001.76%,1.66,1.69,08.07% │ 09.97% │ 12.20% │ 11.31% │ 08.84%,08.74% │ 10.55% │ 12.41% │ 09.45% │ 08.45%,06.02% │ 10.84% │ 15.81% │ 11.70% │ 06.01%,05.95% │ 10.93% │ 16.36% │ 09.64% │ 06.76%,→004.48% │ ←005.44% │ →001.67% │ ←007.23% │ ←001.13%,22.57% │ 62.92% │ 14.52%,→061.55% │ ←003.35% │ ←413.76%,50.40%,49.60%,50.37%,49.63%,29261509061.76,28802480842.28,8700240229,8572770224,6829703504,1478327186,1487923272,3469240367,3508955784
jkmup,dneal,wgy__,xfoc_,riths,zbqv_,dnealriths,1128.570777,18.25%,→000.20%,37.96%,→000.92%,58976718649.99,→000.33%,→002.20%,1.72,→000.94%,1.72,1.73,07.64% │ 09.79% │ 12.41% │ 10.74% │ 09.33%,09.16% │ 10.67% │ 13.01% │ 09.83% │ 07.42%,05.74% │ 10.29% │ 16.28% │ 11.05% │ 06.41%,06.85% │ 11.39% │ 16.46% │ 09.08% │ 06.45%,←002.96% │ →000.39% │ →004.61% │ ←000.71% │ ←001.92%,25.64% │ 62.94% │ 11.42%,→028.32% │ ←000.06% │ ←109.69%,49.92%,50.08%,49.77%,50.23%,29439205048.09,29537513601.90,8596797745,8676212708,6557084344,1574634019,1577824245,3585110726,3665704585
jkmup,dneal,wgy__,xfoc_,riths,qbzv_,dnealriths,1128.368451,18.25%,→000.20%,37.96%,→000.92%,58958990001.32,→000.27%,→002.20%,1.72,→000.94%,1.72,1.73,07.64% │ 09.79% │ 12.42% │ 10.75% │ 09.34%,09.10% │ 10.66% │ 13.06% │ 09.83% │ 07.42%,05.74% │ 10.29% │ 16.28% │ 11.05% │ 06.41%,06.82% │ 11.39% │ 16.48% │ 09.08% │ 06.45%,←002.96% │ →000.38% │ →004.93% │ ←000.82% │ ←002.61%,25.65% │ 62.95% │ 11.40%,→028.32% │ ←000.10% │ ←110.65%,49.93%,50.07%,49.77%,50.23%,29439205048.09,29519784953.23,8596797745,8676212708,6557084344,1574634019,1577824245,3585110726,3665704585
xkmup,dneal,wgy__,jfoc_,riths,zbqv_,dnealriths,1128.352046,18.27%,←001.02%,37.93%,→001.07%,58942926948.21,→000.55%,→001.96%,1.72,→000.65%,1.72,1.73,07.65% │ 09.79% │ 12.39% │ 10.67% │ 09.37%,09.21% │ 10.65% │ 13.03% │ 09.82% │ 07.42%,05.71% │ 10.29% │ 16.28% │ 11.05% │ 06.41%,06.89% │ 11.39% │ 16.46% │ 09.08% │ 06.45%,←003.02% │ →000.29% │ →004.91% │ ←000.12% │ ←001.65%,25.74% │ 62.84% │ 11.43%,→028.85% │ ←000.03% │ ←109.81%,49.86%,50.14%,49.73%,50.27%,29389689811.72,29553237136.49,8590156170,8682854283,6551373339,1586182606,1570238449,3592350897,3664175419
qmuyg,lread,wkvfz,xco__,stnih,__jpb,lreadstnih,1128.189251,18.52%,←001.74%,37.55%,→000.30%,59480205809.16,→000.83%,→000.97%,1.74,→000.49%,1.73,1.74,07.61% │ 09.53% │ 12.50% │ 11.70% │ 08.46%,08.49% │ 11.31% │ 13.00% │ 09.30% │ 08.11%,06.06% │ 09.88% │ 15.83% │ 12.16% │ 06.00%,06.64% │ 12.12% │ 15.28% │ 09.73% │ 06.30%,→006.16% │ ←002.45% │ →003.86% │ ←003.46% │ →000.37%,24.27% │ 62.86% │ 12.87%,→006.49% │ →004.80% │ ←035.58%,49.79%,50.21%,49.93%,50.07%,29616883624.01,29863322185.15,8623600337,8649410116,6486375546,1613042656,1585401634,3642956764,3678567345
qkwxf,lnead,bmpc_,vuogj,histr,zy___,lneadhistr,1128.074037,17.33%,←001.38%,39.42%,←001.74%,58396324398.77,←000.67%,→000.57%,1.68,→001.56%,1.67,1.69,07.98% │ 09.91% │ 12.11% │ 11.38% │ 08.79%,08.78% │ 11.99% │ 11.26% │ 09.42% │ 08.38%,05.99% │ 10.84% │ 15.81% │ 11.79% │ 06.01%,05.89% │ 12.07% │ 14.01% │ 10.85% │ 06.76%,→004.80% │ ←005.21% │ ←007.51% │ →005.06% │ ←000.09%,22.40% │ 63.19% │ 14.41%,→060.64% │ ←000.77% │ ←430.04%,50.17%,49.83%,50.43%,49.57%,29296114715.45,29100209683.32,8711123522,8561886931,6809343142,1506990343,1486535828,3489231281,3509325232
qmugf,lread,ykvwz,xco__,stnih,__jpb,lreadstnih,1127.974945,18.48%,←001.31%,37.55%,→000.30%,59411656466.60,→001.05%,→000.97%,1.74,→000.49%,1.73,1.74,08.13% │ 09.58% │ 12.38% │ 11.11% │ 08.54%,08.50% │ 11.32% │ 13.01% │ 09.31% │ 08.12%,06.07% │ 09.88% │ 15.83% │ 12.01% │ 06.14%,06.64% │ 12.12% │ 15.28% │ 09.73% │ 06.30%,←000.10% │ ←002.90% │ →004.89% │ →001.83% │ ←000.42%,24.38% │ 62.79% │ 12.83%,→005.82% │ →005.23% │ ←034.45%,49.73%,50.27%,49.93%,50.07%,29548334281.45,29863322185.15,8623600337,8649410116,6486375546,1606215576,1585401634,3642956764,3678567345
qxwkf,lnead,bmpc_,vuogj,histr,zy___,lneadhistr,1127.951513,17.33%,←001.38%,39.42%,←001.74%,58431963027.89,←000.80%,→000.57%,1.68,→001.56%,1.67,1.69,07.97% │ 09.14% │ 12.11% │ 12.18% │ 08.79%,08.78% │ 11.98% │ 11.25% │ 09.41% │ 08.38%,05.99% │ 10.28% │ 15.81% │ 12.34% │ 06.01%,05.89% │ 12.07% │ 14.01% │ 10.85% │ 06.76%,→004.82% │ →002.87% │ ←007.64% │ ←001.68% │ ←000.09%,22.43% │ 63.16% │ 14.41%,→060.32% │ ←000.80% │ ←430.08%,50.20%,49.80%,50.43%,49.57%,29331753344.57,29100209683.32,8711123522,8561886931,6809343142,1506990343,1486535828,3489231281,3509325232
jkmup,lnead,wgy__,xfoc_,stihr,zbqv_,lneadstihr,1127.637558,18.25%,→000.20%,37.96%,→000.92%,59036277553.20,→001.64%,→002.20%,1.72,→000.94%,1.72,1.73,08.07% │ 09.78% │ 12.36% │ 10.53% │ 08.84%,08.71% │ 11.28% │ 12.78% │ 09.87% │ 07.77%,06.19% │ 10.29% │ 16.28% │ 11.05% │ 05.97%,06.77% │ 12.60% │ 15.25% │ 09.08% │ 06.53%,←003.91% │ →000.95% │ →003.28% │ →006.61% │ ←001.51%,25.56% │ 63.12% │ 11.32%,→028.05% │ →002.34% │ ←113.14%,49.59%,50.41%,49.77%,50.23%,29274630093.44,29761647459.76,8596797745,8676212708,6557084344,1574634019,1577824245,3585110726,3665704585
jkmup,lnead,wgy__,xfoc_,stihr,qbzv_,lneadstihr,1127.404437,18.25%,→000.20%,37.96%,→000.92%,59030244236.08,→001.62%,→002.20%,1.72,→000.94%,1.72,1.73,08.07% │ 09.78% │ 12.37% │ 10.53% │ 08.84%,08.66% │ 11.28% │ 12.83% │ 09.88% │ 07.77%,06.19% │ 10.29% │ 16.28% │ 11.05% │ 05.97%,06.74% │ 12.60% │ 15.28% │ 09.08% │ 06.53%,←003.91% │ →000.94% │ →003.60% │ →006.61% │ ←002.10%,25.56% │ 63.13% │ 11.32%,→028.05% │ →002.33% │ ←113.55%,49.59%,50.41%,49.77%,50.23%,29274630093.44,29755614142.64,8596797745,8676212708,6557084344,1574634019,1577824245,3585110726,3665704585
qkvcg,lnead,wmp__,jfou_,stihr,xbzy_,lneadstihr,1127.108299,18.84%,←000.49%,37.50%,→001.74%,59631186809.83,→001.26%,→002.06%,1.74,→000.24%,1.74,1.74,07.70% │ 09.74% │ 11.97% │ 11.41% │ 08.86%,09.02% │ 11.25% │ 12.29% │ 09.86% │ 07.89%,06.06% │ 10.84% │ 15.19% │ 11.60% │ 05.87%,06.87% │ 12.60% │ 15.28% │ 09.16% │ 06.53%,→002.42% │ →001.20% │ →002.63% │ ←001.43% │ →001.79%,24.23% │ 62.99% │ 12.78%,→032.84% │ ←001.95% │ ←076.00%,49.68%,50.32%,49.56%,50.44%,29626823291.16,30004363518.67,8560857857,8712152596,6477225340,1631441324,1623415854,3627176353,3703497962
__fkp,roend,qgyl_,musjb,ctaih,zvxw_,hiatcdneor,1126.204204,18.17%,→001.90%,36.89%,←002.31%,58919141816.84,→001.64%,←003.01%,1.76,←000.51%,1.76,1.75,08.32% │ 09.46% │ 11.97% │ 11.05% │ 08.79%,08.68% │ 11.30% │ 12.31% │ 09.47% │ 08.65%,06.30% │ 09.51% │ 14.91% │ 12.65% │ 06.06%,05.97% │ 12.50% │ 15.86% │ 09.61% │ 06.63%,→003.86% │ →000.15% │ →002.75% │ →002.22% │ ←001.27%,23.62% │ 62.52% │ 13.86%,→061.73% │ ←010.64% │ ←179.80%,49.59%,50.41%,50.57%,49.43%,29216264445.35,29702877371.49,8735305577,8537704876,6371282286,1554376455,1584495755,3773364357,3663253012
jkmup,lnead,wgy__,xfoc_,sithr,zbqv_,lneadsithr,1126.126731,18.25%,→000.20%,37.96%,→000.92%,58802615927.32,→000.86%,→002.20%,1.72,→000.94%,1.72,1.73,08.10% │ 09.82% │ 12.41% │ 10.57% │ 08.88%,08.80% │ 10.56% │ 13.17% │ 09.88% │ 07.81%,06.19% │ 10.29% │ 16.28% │ 11.05% │ 05.97%,06.77% │ 11.39% │ 16.46% │ 09.08% │ 06.53%,←003.81% │ →000.60% │ →005.77% │ ←000.10% │ ←000.91%,25.67% │ 62.89% │ 11.43%,→028.13% │ →000.85% │ ←109.37%,49.78%,50.22%,49.77%,50.23%,29274630093.44,29527985833.88,8596797745,8676212708,6557084344,1574634019,1577824245,3585110726,3665704585
__fkp,roend,qgyl_,musjb,ctaih,xvzw_,hiatcdneor,1126.053692,18.17%,→001.90%,36.89%,←002.31%,58949705998.62,→001.74%,←003.01%,1.76,←000.51%,1.76,1.75,08.31% │ 09.46% │ 11.96% │ 11.04% │ 08.79%,08.75% │ 11.31% │ 12.25% │ 09.47% │ 08.65%,06.30% │ 09.51% │ 14.85% │ 12.65% │ 06.12%,05.97% │ 12.50% │ 15.86% │ 09.61% │ 06.63%,→003.86% │ →000.16% │ →002.35% │ →002.41% │ ←000.37%,23.61% │ 62.52% │ 13.88%,→061.73% │ ←010.53% │ ←177.97%,49.56%,50.44%,50.57%,49.43%,29216264445.35,29733441553.27,8735305577,8537704876,6371282286,1554376455,1584495755,3773364357,3663253012
__fky,roend,qgpl_,muswb,ctaih,zvxj_,hiatcdneor,1125.981165,18.39%,→000.34%,36.89%,←002.31%,58660768496.47,→002.14%,←003.01%,1.76,←000.51%,1.76,1.75,08.31% │ 09.44% │ 12.26% │ 10.88% │ 08.56%,08.72% │ 11.39% │ 12.40% │ 09.39% │ 08.64%,06.30% │ 09.51% │ 14.91% │ 12.65% │ 06.06%,05.53% │ 12.50% │ 16.30% │ 09.61% │ 06.63%,→003.71% │ ←000.53% │ →001.14% │ →004.50% │ →001.79%,25.11% │ 62.65% │ 12.24%,→066.52% │ ←010.18% │ ←436.50%,49.46%,50.54%,50.57%,49.43%,29013415886.05,29647352610.42,8735305577,8537704876,6371282286,1585877055,1591230919,3773364357,3663253012
jkmup,lnead,wgy__,zfoc_,sithr,xbqv_,lneadsithr,1125.790391,18.28%,→000.53%,37.96%,→000.92%,58807651177.69,→000.87%,→002.20%,1.72,→000.94%,1.72,1.73,08.10% │ 09.82% │ 12.41% │ 10.57% │ 08.88%,08.80% │ 10.56% │ 13.16% │ 09.88% │ 07.81%,06.19% │ 10.29% │ 16.28% │ 11.05% │ 05.97%,06.77% │ 11.39% │ 16.46% │ 09.08% │ 06.53%,←003.81% │ →000.66% │ →005.72% │ ←000.09% │ ←000.81%,25.60% │ 62.88% │ 11.51%,→027.81% │ →000.84% │ ←104.98%,49.78%,50.22%,49.77%,50.23%,29274630093.44,29533021084.25,8596797745,8676212708,6557084344,1574634019,1582990413,3585110726,3665704585
xkmcp,dneil,wgb__,qfou_,rtahs,zyjv_,dneilrtahs,1123.668690,17.41%,←002.89%,38.95%,→001.92%,58628711316.95,←001.34%,→002.37%,1.69,→000.31%,1.69,1.70,07.61% │ 09.55% │ 12.85% │ 11.19% │ 09.13%,09.40% │ 11.16% │ 12.24% │ 09.12% │ 07.75%,05.71% │ 10.29% │ 16.19% │ 10.92% │ 06.41%,06.76% │ 12.68% │ 16.06% │ 08.54% │ 06.45%,→001.72% │ ←004.71% │ ←005.00% │ ←000.25% │ →002.89%,25.56% │ 63.10% │ 11.35%,→019.88% │ ←000.98% │ ←077.79%,50.33%,49.67%,49.51%,50.49%,29509485310.49,29119226006.46,8552600961,8720409492,6728281267,1525082893,1482207238,3497447089,3582171299
zkmup,lnead,wgy__,jfoc_,rtihs,qbxv_,lneadrtihs,1122.977825,18.24%,→000.03%,38.02%,→001.32%,58879217132.61,→001.94%,→002.49%,1.72,→000.86%,1.71,1.73,07.94% │ 09.81% │ 12.41% │ 10.49% │ 08.86%,09.16% │ 10.91% │ 13.04% │ 09.88% │ 07.49%,06.09% │ 10.29% │ 16.28% │ 11.05% │ 05.97%,06.86% │ 12.60% │ 15.34% │ 09.08% │ 06.45%,←006.00% │ →000.73% │ →004.84% │ →003.91% │ →003.28%,25.56% │ 63.02% │ 11.41%,→030.08% │ →001.59% │ ←110.05%,49.51%,50.49%,49.67%,50.33%,29150866078.32,29728351054.29,8579272877,8693737576,6567495999,1574703179,1575240815,3574478834,3665924822
jkmcp,dneil,ygb__,qfou_,rtahs,zwxv_,dneilrtahs,1122.854703,17.85%,→000.03%,38.68%,→001.72%,58636796583.26,←000.62%,→002.93%,1.70,→000.86%,1.69,1.71,07.99% │ 09.49% │ 12.70% │ 10.86% │ 09.12%,09.41% │ 11.06% │ 12.43% │ 09.21% │ 07.73%,05.76% │ 10.29% │ 16.19% │ 10.92% │ 06.41%,06.76% │ 12.67% │ 16.02% │ 08.54% │ 06.45%,←003.35% │ ←003.00% │ ←002.13% │ →001.83% │ →003.08%,25.48% │ 62.94% │ 11.58%,→019.40% │ →002.09% │ ←094.21%,50.15%,49.85%,49.57%,50.43%,29408632771.87,29228163811.39,8561411861,8711598592,6681122938,1541701285,1542171577,3510414744,3616361973
zkump,lnead,wgy__,jfoc_,rtihs,qbxv_,lneadrtihs,1122.292106,18.24%,→000.03%,38.02%,→001.32%,58955661780.24,→001.69%,→002.49%,1.72,→000.86%,1.71,1.73,07.88% │ 09.68% │ 12.73% │ 10.44% │ 08.84%,09.15% │ 10.90% │ 13.03% │ 09.87% │ 07.48%,06.09% │ 10.29% │ 16.45% │ 10.87% │ 05.97%,06.86% │ 12.60% │ 15.34% │ 09.08% │ 06.45%,←005.35% │ →001.84% │ →002.24% │ →004.25% │ →003.42%,25.52% │ 63.09% │ 11.38%,→030.12% │ →001.12% │ ←109.67%,49.58%,50.42%,49.67%,50.33%,29227310725.95,29728351054.29,8579272877,8693737576,6567495999,1574703179,1575240815,3574478834,3665924822
gwn__,mores,qbzp_,_dcuj,ltaih,yvfxk,moresltaih,1122.019702,17.39%,←001.36%,40.01%,←001.35%,57901628148.71,→000.29%,→000.00%,1.66,→000.89%,1.66,1.67,06.94% │ 10.85% │ 10.79% │ 12.77% │ 08.58%,08.76% │ 12.08% │ 10.97% │ 11.06% │ 07.19%,04.75% │ 10.87% │ 14.15% │ 14.12% │ 06.45%,05.97% │ 13.70% │ 13.78% │ 10.56% │ 05.66%,→003.53% │ →001.95% │ →001.65% │ ←005.73% │ →002.13%,25.22% │ 61.56% │ 13.23%,←011.52% │ ←005.31% │ →038.09%,49.93%,50.07%,50.34%,49.66%,28908574849.47,28993053299.24,8694520396,8578490057,6911005504,1511985828,1491726949,3448398391,3448495760
gwn__,mores,qbjp_,_dcux,ltaih,yvfzk,moresltaih,1121.987560,17.47%,←001.64%,39.97%,←001.76%,57893386048.80,←000.39%,←000.31%,1.67,→000.95%,1.66,1.67,06.94% │ 10.90% │ 10.91% │ 12.77% │ 08.58%,08.77% │ 12.10% │ 10.93% │ 10.96% │ 07.14%,04.75% │ 10.87% │ 14.25% │ 14.12% │ 06.45%,05.97% │ 13.70% │ 13.78% │ 10.49% │ 05.62%,→002.86% │ →000.59% │ →000.18% │ ←005.54% │ →002.17%,25.10% │ 61.60% │ 13.29%,←012.60% │ ←005.48% │ →036.23%,50.10%,49.90%,50.44%,49.56%,29002314480.19,28891071568.61,8712045264,8560965189,6903462977,1521320934,1496770552,3457595719,3446840959
__gkp,roend,qfyl_,muswb,ctiah,xvjz_,haitcdneor,1121.801846,18.20%,→002.44%,36.89%,←002.31%,59181093897.29,→001.78%,←003.01%,1.76,←000.51%,1.76,1.75,08.29% │ 09.75% │ 11.78% │ 10.97% │ 08.75%,08.72% │ 11.45% │ 11.56% │ 10.16% │ 08.56%,06.30% │ 10.09% │ 14.26% │ 12.65% │ 06.12%,05.97% │ 12.50% │ 15.72% │ 09.75% │ 06.63%,→003.13% │ →003.99% │ ←001.87% │ →004.14% │ ←000.36%,25.04% │ 62.73% │ 12.23%,→066.06% │ ←010.11% │ ←443.43%,49.55%,50.45%,50.57%,49.43%,29324450145.82,29856643751.47,8735305577,8537704876,6371282286,1552457913,1591230919,3773364357,3663253012
__gkp,roend,qfyl_,muswb,ctiah,zvjx_,haitcdneor,1121.542711,18.20%,→002.44%,36.89%,←002.31%,59157535897.90,→001.70%,←003.01%,1.76,←000.51%,1.76,1.75,08.30% │ 09.76% │ 11.78% │ 10.98% │ 08.76%,08.64% │ 11.43% │ 11.57% │ 10.23% │ 08.56%,06.30% │ 10.15% │ 14.26% │ 12.65% │ 06.06%,05.97% │ 12.50% │ 15.72% │ 09.75% │ 06.63%,→003.13% │ →004.58% │ ←001.89% │ →003.98% │ ←001.31%,25.05% │ 62.73% │ 12.22%,→066.06% │ ←010.21% │ ←447.63%,49.57%,50.43%,50.57%,49.43%,29324450145.82,29833085752.08,8735305577,8537704876,6371282286,1552457913,1591230919,3773364357,3663253012
gwn__,mores,qbjp_,_dcuz,ltaih,yvfxk,moresltaih,1121.459873,17.50%,←001.38%,39.97%,←001.76%,57877859032.77,←000.44%,←000.31%,1.67,→000.95%,1.66,1.67,06.94% │ 10.90% │ 10.91% │ 12.77% │ 08.58%,08.77% │ 12.08% │ 10.94% │ 11.02% │ 07.07%,04.75% │ 10.87% │ 14.25% │ 14.12% │ 06.45%,05.97% │ 13.70% │ 13.78% │ 10.56% │ 05.55%,→001.83% │ →001.10% │ →000.25% │ ←005.69% │ →002.18%,25.04% │ 61.61% │ 13.35%,←013.30% │ ←005.52% │ →036.68%,50.11%,49.89%,50.44%,49.56%,29002314480.19,28875544552.58,8712045264,8560965189,6903462977,1521320934,1500675422,3457595719,3446840959
gusqk,lraed,___vy,xpcw_,hiton,bfmjz,lraedhiton,1121.155328,17.59%,←001.46%,37.22%,→000.95%,59043017077.92,→000.31%,→001.94%,1.75,→000.75%,1.74,1.75,08.63% │ 09.12% │ 10.71% │ 12.24% │ 09.23%,09.51% │ 11.55% │ 10.46% │ 09.67% │ 08.89%,06.32% │ 09.31% │ 14.72% │ 13.15% │ 06.27%,06.49% │ 11.92% │ 14.73% │ 09.48% │ 07.62%,→002.89% │ →005.67% │ ←002.32% │ ←005.98% │ →002.99%,23.23% │ 64.00% │ 12.77%,←080.84% │ →007.03% │ →052.23%,49.92%,50.08%,49.76%,50.24%,29475514750.87,29567502327.05,8595409395,8677601058,6428726971,1530063006,1508034597,3653465794,3725706890
gusqk,lraed,___vw,bpmj_,hotin,xfcyz,lraedhotin,1121.035536,16.77%,←002.74%,37.84%,→001.00%,59612346123.92,→001.09%,→001.63%,1.73,→000.47%,1.72,1.73,08.54% │ 09.05% │ 11.00% │ 12.34% │ 08.80%,09.32% │ 12.08% │ 10.83% │ 09.19% │ 08.85%,06.32% │ 09.31% │ 14.72% │ 13.15% │ 06.26%,06.49% │ 11.89% │ 14.73% │ 09.52% │ 07.62%,→003.56% │ →001.55% │ ←001.56% │ ←002.14% │ →005.58%,22.46% │ 64.15% │ 13.40%,←092.20% │ →005.30% │ →061.07%,49.73%,50.27%,49.75%,50.25%,29642281299.51,29970064824.41,8593240070,8679770383,6536445671,1467595534,1428413668,3605833285,3665620699
__gky,roend,qfpl_,muswb,ctiah,zvjx_,haitcdneor,1120.990728,18.33%,→001.06%,36.89%,←002.31%,58945167909.45,→002.42%,←003.01%,1.76,←000.51%,1.76,1.75,08.29% │ 09.73% │ 12.05% │ 10.80% │ 08.51%,08.67% │ 11.47% │ 11.61% │ 10.26% │ 08.60%,06.30% │ 10.15% │ 14.26% │ 12.65% │ 06.06%,05.53% │ 12.50% │ 16.17% │ 09.75% │ 06.63%,→003.60% │ →005.14% │ ←003.82% │ →005.83% │ →001.85%,24.86% │ 62.82% │ 12.32%,→067.53% │ ←009.74% │ ←450.60%,49.39%,50.61%,50.57%,49.43%,29112082157.37,29833085752.08,8735305577,8537704876,6371282286,1574383717,1591230919,3773364357,3663253012
gwn__,mores,xbjf_,_pduq,htail,kcyzv,moreshtail,1120.802216,17.79%,←000.55%,39.50%,←002.30%,58069132266.09,→000.95%,→001.24%,1.68,→002.36%,1.66,1.70,07.08% │ 10.94% │ 10.74% │ 12.48% │ 08.52%,08.22% │ 12.65% │ 11.19% │ 10.94% │ 07.23%,04.85% │ 10.87% │ 14.25% │ 14.16% │ 06.45%,05.43% │ 14.27% │ 13.80% │ 10.49% │ 05.44%,→002.10% │ →000.03% │ →004.07% │ →001.35% │ ←003.68%,23.24% │ 62.26% │ 14.50%,←032.77% │ ←000.98% │ →043.70%,49.76%,50.24%,50.57%,49.43%,28895684077.43,29173448188.66,8734855316,8538155137,6823588202,1540405745,1532031953,3470388132,3513923321
vzlxu,hotec,_fm__,_prby,sanid,jgwkq,hotecsanid,1120.584132,18.12%,→001.38%,39.36%,→001.72%,58341570778.79,→000.50%,←002.38%,1.68,←002.83%,1.71,1.66,07.78% │ 10.14% │ 11.50% │ 11.40% │ 09.05%,09.14% │ 11.77% │ 11.61% │ 09.82% │ 07.78%,05.76% │ 09.88% │ 15.67% │ 12.16% │ 06.11%,06.68% │ 12.47% │ 15.71% │ 09.95% │ 05.63%,←000.06% │ ←003.26% │ →000.92% │ →003.16% │ →001.05%,25.34% │ 62.57% │ 12.09%,→017.43% │ ←005.52% │ ←008.42%,49.87%,50.13%,49.57%,50.43%,29097545744.10,29244025034.69,8561554029,8711456424,6799303549,1554182456,1576003584,3545453524,3463142582
gusjk,lraed,___vw,xyfp_,hotin,bmczq,lraedhotin,1120.514599,17.08%,←000.61%,37.89%,→000.48%,59550057900.13,→000.02%,→001.02%,1.73,→000.39%,1.72,1.73,08.55% │ 09.05% │ 11.07% │ 12.52% │ 08.81%,09.32% │ 11.97% │ 10.52% │ 09.40% │ 08.80%,06.32% │ 09.31% │ 14.72% │ 13.28% │ 06.26%,06.49% │ 11.87% │ 14.31% │ 09.86% │ 07.59%,→002.86% │ →003.64% │ ←005.21% │ ←004.58% │ →005.50%,22.15% │ 64.12% │ 13.74%,←106.25% │ →004.49% │ →062.34%,49.99%,50.01%,49.88%,50.12%,29771851442.72,29778206457.41,8615791270,8657219183,6545270080,1479195877,1470233123,3612716160,3649913415
gusqk,lraed,___vw,bpmj_,hotin,zfcyx,lraedhotin,1120.324840,16.77%,←002.74%,37.84%,→001.00%,59612018472.74,→001.09%,→001.63%,1.73,→000.47%,1.72,1.73,08.54% │ 09.05% │ 11.00% │ 12.34% │ 08.80%,09.24% │ 12.08% │ 10.83% │ 09.19% │ 08.93%,06.32% │ 09.31% │ 14.72% │ 13.15% │ 06.26%,06.43% │ 11.89% │ 14.73% │ 09.52% │ 07.68%,→004.39% │ →001.55% │ ←001.56% │ ←002.14% │ →004.79%,22.45% │ 64.15% │ 13.40%,←092.26% │ →005.31% │ →061.07%,49.73%,50.27%,49.75%,50.25%,29642281299.51,29969737173.23,8593240070,8679770383,6536445671,1467595534,1428413668,3605833285,3665620699
vzlxu,hotec,_fm__,_prby,sanid,qgwkj,hotecsanid,1120.218346,18.12%,→001.38%,39.36%,→001.72%,58335564457.67,→000.48%,←002.38%,1.68,←002.83%,1.71,1.66,07.78% │ 10.14% │ 11.50% │ 11.40% │ 09.05%,08.95% │ 11.77% │ 11.61% │ 09.82% │ 07.98%,05.76% │ 09.88% │ 15.67% │ 12.16% │ 06.11%,06.55% │ 12.47% │ 15.71% │ 09.95% │ 05.76%,→002.42% │ ←003.25% │ →000.92% │ →003.08% │ ←001.14%,25.34% │ 62.57% │ 12.09%,→017.43% │ ←005.55% │ ←008.43%,49.88%,50.12%,49.57%,50.43%,29097545744.10,29238018713.57,8561554029,8711456424,6799303549,1554182456,1576003584,3545453524,3463142582
_pulj,doerh,ykzwv,fgn__,ciats,xmqb_,staichreod,1120.202588,19.20%,←000.89%,38.37%,→002.64%,58198537339.59,→000.28%,←000.04%,1.71,←001.95%,1.73,1.70,07.52% │ 10.29% │ 12.75% │ 11.49% │ 07.88%,08.14% │ 11.89% │ 12.65% │ 09.80% │ 07.59%,06.45% │ 10.41% │ 15.86% │ 12.24% │ 05.71%,05.99% │ 12.49% │ 14.88% │ 10.45% │ 05.53%,→000.89% │ ←004.97% │ ←000.80% │ →003.38% │ →003.18%,24.53% │ 62.35% │ 13.12%,→017.59% │ →000.23% │ ←042.44%,49.93%,50.07%,49.33%,50.67%,29058558229.51,29139979110.08,8521054845,8751955608,6627846518,1665709767,1651063832,3590782283,3589270854
gyn__,mores,qwxp_,_bduj,htail,vcfzk,moreshtail,1120.144270,17.38%,←001.66%,39.92%,←001.95%,58101992201.46,→001.12%,→000.63%,1.67,→001.70%,1.65,1.68,06.92% │ 10.90% │ 10.81% │ 12.51% │ 08.57%,08.67% │ 12.04% │ 11.49% │ 11.15% │ 06.93%,04.75% │ 10.96% │ 14.21% │ 14.12% │ 06.45%,05.76% │ 13.74% │ 14.28% │ 10.49% │ 05.24%,→000.09% │ →002.28% │ →005.86% │ ←003.92% │ →001.20%,23.01% │ 62.24% │ 14.75%,←038.53% │ →000.20% │ →044.48%,49.72%,50.28%,50.48%,49.52%,28886905801.61,29215086399.85,8719891730,8553118723,6895306704,1513740945,1489084703,3445372532,3467220419
gwn__,mores,jbxf_,_pduq,htail,kcyzv,moreshtail,1120.102088,17.79%,←000.55%,39.50%,←002.30%,58095267803.99,→000.86%,→001.24%,1.68,→002.36%,1.66,1.70,07.10% │ 10.96% │ 10.73% │ 12.48% │ 08.52%,08.22% │ 12.64% │ 11.19% │ 10.94% │ 07.23%,04.88% │ 10.87% │ 14.21% │ 14.16% │ 06.45%,05.43% │ 14.27% │ 13.80% │ 10.49% │ 05.44%,→001.82% │ ←000.18% │ →004.13% │ →001.27% │ ←003.68%,23.23% │ 62.26% │ 14.51%,←032.76% │ ←001.09% │ →043.57%,49.78%,50.22%,50.57%,49.43%,28921819615.33,29173448188.66,8734855316,8538155137,6823588202,1540405745,1532031953,3470388132,3513923321
vxlju,hotec,_fm__,_prby,sanid,qgwkz,hotecsanid,1120.083377,18.18%,→001.22%,39.24%,→001.32%,58328032419.05,←000.09%,←002.69%,1.69,←002.77%,1.71,1.66,07.78% │ 10.28% │ 11.50% │ 11.38% │ 09.08%,08.95% │ 11.75% │ 11.61% │ 09.83% │ 07.84%,05.76% │ 09.94% │ 15.67% │ 12.20% │ 06.11%,06.55% │ 12.47% │ 15.71% │ 09.95% │ 05.66%,→000.73% │ ←004.57% │ →000.93% │ →003.13% │ ←001.45%,25.44% │ 62.60% │ 11.96%,→016.77% │ ←005.73% │ ←011.13%,50.02%,49.98%,49.67%,50.33%,29177669624.01,29150362795.04,8579078897,8693931556,6777368824,1560806308,1580060468,3561846951,3468683880
_pulj,doerh,ykzwv,fgn__,ciats,qmxb_,staichreod,1119.794865,19.20%,←000.89%,38.37%,→002.64%,58159361694.97,→000.15%,←000.04%,1.71,←001.95%,1.73,1.70,07.52% │ 10.30% │ 12.76% │ 11.50% │ 07.88%,08.00% │ 11.88% │ 12.76% │ 09.80% │ 07.59%,06.45% │ 10.41% │ 15.95% │ 12.24% │ 05.61%,05.99% │ 12.49% │ 14.88% │ 10.45% │ 05.53%,→000.89% │ ←005.06% │ ←000.03% │ →003.25% │ →001.48%,24.55% │ 62.36% │ 13.09%,→017.59% │ →000.13% │ ←043.41%,49.96%,50.04%,49.33%,50.67%,29058558229.51,29100803465.46,8521054845,8751955608,6627846518,1665709767,1651063832,3590782283,3589270854
_yulv,doerh,wkxfj,zgn__,ciats,pmqb_,staichreod,1119.615034,19.46%,→001.22%,38.01%,→002.24%,58115664957.34,→000.57%,→001.77%,1.72,←000.35%,1.72,1.72,07.18% │ 09.85% │ 12.81% │ 12.09% │ 07.93%,08.10% │ 11.76% │ 12.88% │ 09.77% │ 07.63%,06.45% │ 10.41% │ 15.86% │ 12.24% │ 05.60%,05.99% │ 12.98% │ 14.94% │ 10.01% │ 05.51%,→005.93% │ ←000.87% │ →000.59% │ ←002.80% │ →002.13%,22.49% │ 62.32% │ 15.19%,←016.85% │ →000.73% │ →021.23%,49.86%,50.14%,49.43%,50.57%,28974701662.41,29140963294.93,8538838565,8734171888,6566130305,1669968819,1690542917,3588626400,3653142950
gusqk,lraed,___vy,jpcw_,hiton,bfmxz,lraedhiton,1119.170506,17.70%,←000.19%,37.22%,→000.95%,59034176127.15,→000.28%,→001.94%,1.75,→000.75%,1.74,1.75,08.63% │ 09.12% │ 10.71% │ 12.24% │ 09.23%,09.57% │ 11.54% │ 10.46% │ 09.62% │ 08.89%,06.32% │ 09.31% │ 14.72% │ 13.15% │ 06.27%,06.53% │ 11.92% │ 14.73% │ 09.44% │ 07.62%,→002.89% │ →005.20% │ ←002.42% │ ←006.10% │ →003.56%,23.29% │ 63.99% │ 12.72%,←079.61% │ →006.98% │ →051.94%,49.93%,50.07%,49.76%,50.24%,29475514750.87,29558661376.28,8595409395,8677601058,6428726971,1530063006,1527171995,3653465794,3725706890
_yulv,doerh,wkjfx,zgn__,citas,pmqb_,satichreod,1118.825735,19.46%,→001.22%,38.01%,→002.24%,57836627485.89,←000.17%,→001.77%,1.72,←000.35%,1.72,1.72,07.21% │ 09.88% │ 12.86% │ 12.15% │ 07.94%,08.20% │ 11.51% │ 13.05% │ 09.50% │ 07.70%,06.45% │ 09.89% │ 16.38% │ 12.24% │ 05.60%,05.95% │ 12.98% │ 14.98% │ 10.01% │ 05.51%,→006.27% │ ←004.00% │ →001.51% │ ←005.54% │ →003.08%,22.53% │ 62.11% │ 15.36%,←017.55% │ ←000.78% │ →022.76%,50.04%,49.96%,49.43%,50.57%,28943315059.42,28893312426.47,8538838565,8734171888,6566130305,1669968819,1690542917,3588626400,3653142950
gusqk,lraed,___vy,zpcw_,hiton,bfmjx,lraedhiton,1118.737072,17.68%,←000.38%,37.22%,→000.95%,59050103479.88,→000.33%,→001.94%,1.75,→000.75%,1.74,1.75,08.63% │ 09.12% │ 10.71% │ 12.24% │ 09.23%,09.44% │ 11.55% │ 10.46% │ 09.67% │ 08.96%,06.32% │ 09.31% │ 14.72% │ 13.15% │ 06.27%,06.43% │ 11.92% │ 14.73% │ 09.48% │ 07.68%,→003.71% │ →005.67% │ ←002.31% │ ←005.93% │ →002.26%,23.17% │ 63.99% │ 12.84%,←082.12% │ →007.01% │ →052.64%,49.92%,50.08%,49.76%,50.24%,29475514750.87,29574588729.01,8595409395,8677601058,6428726971,1530063006,1524282957,3653465794,3725706890
vxlju,hotec,_fm__,_prby,sinad,zgwkq,hotecsinad,1118.278305,18.18%,→001.22%,39.24%,→001.32%,58395075799.25,→000.14%,←002.69%,1.69,←002.77%,1.71,1.66,07.78% │ 10.27% │ 11.49% │ 11.36% │ 09.07%,09.00% │ 11.46% │ 11.59% │ 10.19% │ 07.79%,05.76% │ 09.94% │ 15.67% │ 12.20% │ 06.11%,06.58% │ 11.78% │ 15.71% │ 10.64% │ 05.63%,→000.23% │ ←000.82% │ →000.91% │ →000.80% │ ←000.69%,25.57% │ 62.45% │ 11.98%,→017.74% │ ←006.03% │ ←010.43%,49.97%,50.03%,49.67%,50.33%,29177669624.01,29217406175.24,8579078897,8693931556,6777368824,1560806308,1580060468,3561846951,3468683880
vxlju,hotec,_fm__,_prby,sinad,qgwkz,hotecsinad,1118.264957,18.18%,→001.22%,39.24%,→001.32%,58388809944.80,→000.11%,←002.69%,1.69,←002.77%,1.71,1.66,07.78% │ 10.27% │ 11.49% │ 11.37% │ 09.07%,08.94% │ 11.45% │ 11.59% │ 10.19% │ 07.85%,05.76% │ 09.94% │ 15.67% │ 12.20% │ 06.11%,06.55% │ 11.78% │ 15.71% │ 10.64% │ 05.66%,→000.97% │ ←000.80% │ →000.91% │ →000.77% │ ←001.45%,25.58% │ 62.45% │ 11.97%,→017.74% │ ←006.03% │ ←010.62%,49.97%,50.03%,49.67%,50.33%,29177669624.01,29211140320.79,8579078897,8693931556,6777368824,1560806308,1580060468,3561846951,3468683880
gwn__,mores,qbjp_,_dcux,ltiah,yvfzk,moresltiah,1117.854273,17.47%,←001.64%,39.97%,←001.76%,58153289043.94,→000.51%,←000.31%,1.67,→000.95%,1.66,1.67,06.91% │ 10.85% │ 10.86% │ 12.71% │ 08.54%,08.80% │ 12.17% │ 10.96% │ 11.09% │ 07.11%,04.75% │ 10.87% │ 14.25% │ 14.12% │ 06.45%,05.97% │ 13.70% │ 13.10% │ 11.18% │ 05.62%,→002.88% │ →002.13% │ →000.84% │ ←004.45% │ →003.00%,25.04% │ 61.71% │ 13.25%,←012.15% │ ←004.17% │ →036.41%,49.87%,50.13%,50.44%,49.56%,29002314480.19,29150974563.75,8712045264,8560965189,6903462977,1521320934,1496770552,3457595719,3446840959
vxlzu,hotec,_fm__,_prby,sinad,jgwkq,hotecsinad,1117.823208,18.12%,→001.38%,39.36%,→001.72%,58376580753.46,→000.75%,←002.38%,1.68,←002.83%,1.71,1.66,07.78% │ 10.23% │ 11.49% │ 11.27% │ 09.04%,09.14% │ 11.45% │ 11.60% │ 10.21% │ 07.79%,05.76% │ 09.94% │ 15.67% │ 12.10% │ 06.11%,06.68% │ 11.78% │ 15.71% │ 10.64% │ 05.63%,→000.17% │ ←000.21% │ →000.91% │ →001.58% │ →001.05%,25.45% │ 62.44% │ 12.11%,→018.68% │ ←005.88% │ ←007.98%,49.81%,50.19%,49.57%,50.43%,29079096293.80,29297484459.66,8561554029,8711456424,6799303549,1554182456,1576003584,3545453524,3463142582
gwn__,mores,qbjp_,_dcuz,ltiah,yvfxk,moresltiah,1117.052680,17.50%,←001.38%,39.97%,←001.76%,58137160167.66,→000.45%,←000.31%,1.67,→000.95%,1.66,1.67,06.91% │ 10.85% │ 10.87% │ 12.71% │ 08.54%,08.81% │ 12.16% │ 10.95% │ 11.16% │ 07.04%,04.75% │ 10.87% │ 14.25% │ 14.12% │ 06.45%,05.97% │ 13.70% │ 13.10% │ 11.24% │ 05.55%,→001.85% │ →002.72% │ →000.80% │ ←004.60% │ →003.01%,24.97% │ 61.71% │ 13.32%,←012.84% │ ←004.23% │ →036.90%,49.89%,50.11%,50.44%,49.56%,29002314480.19,29134845687.47,8712045264,8560965189,6903462977,1521320934,1500675422,3457595719,3446840959
gwn__,mores,jbqp_,_dcux,ltiah,yvfzk,moresltiah,1116.310872,17.47%,←001.64%,39.97%,←001.76%,58202928698.97,→000.34%,←000.31%,1.67,→000.95%,1.66,1.67,07.09% │ 10.86% │ 10.71% │ 12.72% │ 08.53%,08.80% │ 12.16% │ 10.95% │ 11.08% │ 07.11%,04.88% │ 10.87% │ 14.12% │ 14.12% │ 06.45%,05.97% │ 13.70% │ 13.10% │ 11.18% │ 05.62%,→000.26% │ →001.92% │ →002.14% │ ←004.59% │ →003.00%,25.02% │ 61.69% │ 13.29%,←012.15% │ ←004.31% │ →035.86%,49.91%,50.09%,50.44%,49.56%,29051954135.22,29150974563.75,8712045264,8560965189,6903462977,1521320934,1496770552,3457595719,3446840959
jgcuk,rseam,_wxvf,ydbp_,liton,__hzq,notilmaesr,1115.130055,17.18%,←000.06%,39.77%,←000.40%,58498195207.14,←000.41%,←000.23%,1.67,→000.12%,1.67,1.67,08.47% │ 09.88% │ 11.77% │ 11.97% │ 08.02%,08.51% │ 11.58% │ 11.32% │ 09.60% │ 08.88%,07.59% │ 09.84% │ 15.09% │ 11.41% │ 05.97%,05.54% │ 12.13% │ 15.49% │ 10.19% │ 06.76%,→004.61% │ ←002.86% │ ←003.99% │ ←003.29% │ →005.80%,23.05% │ 63.69% │ 13.26%,→010.12% │ ←003.29% │ ←006.28%,50.10%,49.90%,50.10%,49.90%,29308926424.40,29189268782.74,8653745856,8619264597,6868859148,1484305317,1483387033,3473449466,3465591041
jmov_,rnsed,qxkzy,wfc__,ltaih,_ugpb,hiatldesnr,1114.336245,17.54%,→001.49%,38.96%,←002.43%,58861134726.92,→002.12%,←000.62%,1.69,→001.23%,1.68,1.70,08.21% │ 09.59% │ 11.54% │ 11.99% │ 08.15%,08.61% │ 12.29% │ 11.52% │ 09.82% │ 08.30%,06.30% │ 09.73% │ 13.65% │ 13.76% │ 05.96%,05.53% │ 13.18% │ 14.75% │ 10.28% │ 06.86%,→001.12% │ →002.33% │ ←000.12% │ →002.44% │ →005.40%,20.98% │ 63.69% │ 15.33%,←050.13% │ ←004.66% │ →060.99%,49.46%,50.54%,50.60%,49.40%,29114713136.67,29746421590.25,8740121520,8532888933,6730321247,1503552176,1526226295,3549645423,3527932985
jmov_,rnsed,qxkzy,wfc__,ltaih,_upgb,hiatldesnr,1114.217801,17.54%,→001.49%,38.96%,←002.43%,58870458956.61,→002.15%,←000.62%,1.69,→001.23%,1.68,1.70,08.20% │ 09.59% │ 11.53% │ 11.98% │ 08.14%,08.60% │ 12.28% │ 11.59% │ 09.75% │ 08.32%,06.30% │ 09.64% │ 13.74% │ 13.76% │ 05.96%,05.53% │ 13.18% │ 14.75% │ 10.28% │ 06.86%,→001.35% │ →001.68% │ →000.52% │ →002.39% │ →005.34%,20.97% │ 63.72% │ 15.31%,←050.13% │ ←004.53% │ →060.91%,49.46%,50.54%,50.60%,49.40%,29114713136.67,29755745819.94,8740121520,8532888933,6730321247,1503552176,1526226295,3549645423,3527932985
jgcuk,rseam,_wxvf,bdyp_,liton,__hqz,notilmaesr,1114.066778,17.18%,←000.06%,39.77%,←000.40%,58671644449.12,→000.18%,←000.23%,1.67,→000.12%,1.67,1.67,08.45% │ 09.85% │ 11.74% │ 11.93% │ 07.99%,08.13% │ 11.62% │ 11.82% │ 09.56% │ 08.91%,07.62% │ 09.81% │ 15.18% │ 11.41% │ 05.89%,05.54% │ 12.13% │ 15.49% │ 10.19% │ 06.76%,→005.21% │ ←003.04% │ →000.73% │ ←002.64% │ →001.71%,23.07% │ 63.70% │ 13.23%,→010.77% │ ←002.64% │ ←006.07%,49.95%,50.05%,50.10%,49.90%,29308926424.40,29362718024.72,8653745856,8619264597,6868859148,1484305317,1483387033,3473449466,3465591041
jmov_,rnsed,zxkqy,wfc__,ltaih,_ugpb,hiatldesnr,1113.818049,17.54%,→001.49%,38.96%,←002.43%,58877452085.50,→002.07%,←000.62%,1.69,→001.23%,1.68,1.70,08.24% │ 09.59% │ 11.54% │ 11.97% │ 08.14%,08.61% │ 12.28% │ 11.52% │ 09.82% │ 08.30%,06.30% │ 09.73% │ 13.65% │ 13.76% │ 05.96%,05.53% │ 13.15% │ 14.75% │ 10.28% │ 06.89%,→000.66% │ →002.33% │ ←000.15% │ →002.57% │ →005.39%,20.97% │ 63.69% │ 15.34%,←050.18% │ ←004.70% │ →060.89%,49.48%,50.52%,50.60%,49.40%,29131030495.25,29746421590.25,8740121520,8532888933,6730321247,1503552176,1526226295,3549645423,3527932985
zgcuk,rseam,_wjvf,bdyp_,liton,__hxq,notilmaesr,1113.176559,17.27%,→000.45%,39.82%,←000.15%,58665037842.56,→000.67%,→000.34%,1.67,→000.33%,1.67,1.67,08.30% │ 09.85% │ 11.76% │ 11.94% │ 07.99%,08.13% │ 11.62% │ 11.85% │ 09.71% │ 08.85%,07.59% │ 09.90% │ 15.18% │ 11.41% │ 05.89%,05.54% │ 12.13% │ 15.53% │ 10.19% │ 06.66%,→006.26% │ ←001.41% │ →000.80% │ ←002.69% │ →001.70%,22.96% │ 63.75% │ 13.28%,→012.36% │ ←002.67% │ ←005.18%,49.83%,50.17%,50.04%,49.96%,29233653848.84,29431383993.72,8642862563,8630147890,6878453848,1488355849,1495072323,3458841383,3470604424
gwn__,mroes,xpzy_,_dcfk,htail,vbujq,mroeshtail,1112.708304,17.72%,→000.48%,39.90%,←002.07%,59080333334.21,←000.28%,→000.29%,1.67,→001.55%,1.65,1.68,06.96% │ 10.33% │ 11.90% │ 12.44% │ 08.44%,08.40% │ 12.45% │ 12.22% │ 10.15% │ 06.72%,04.85% │ 10.37% │ 15.18% │ 13.67% │ 06.45%,05.76% │ 14.24% │ 14.38% │ 10.00% │ 05.11%,←003.59% │ ←001.74% │ →002.56% │ →000.06% │ ←000.47%,24.88% │ 62.14% │ 12.98%,←010.30% │ ←003.76% │ →029.31%,50.07%,49.93%,50.51%,49.49%,29580768896.72,29499564437.49,8724918062,8548092391,6892421636,1526797950,1534166219,3452684081,3462793938
jgmuf,rseac,_wkvx,bdyz_,liton,__hpq,notilcaesr,1112.571674,17.13%,←001.28%,39.77%,←000.40%,58724773154.56,→000.35%,←000.23%,1.67,→000.12%,1.67,1.67,08.45% │ 09.80% │ 11.82% │ 11.87% │ 07.96%,08.13% │ 11.64% │ 11.76% │ 09.72% │ 08.84%,07.59% │ 09.84% │ 15.18% │ 11.41% │ 05.89%,05.71% │ 12.13% │ 15.32% │ 10.19% │ 06.76%,→004.39% │ ←000.84% │ ←000.49% │ ←002.05% │ →002.04%,22.01% │ 64.48% │ 13.51%,←023.94% │ ←005.21% │ →047.12%,49.91%,50.09%,50.10%,49.90%,29310874119.09,29413899035.47,8653745856,8619264597,6868859148,1489067852,1470251763,3473449466,3465591041
xgmuf,rseac,_wkvz,bdpy_,liton,__hjq,notilcaesr,1112.290464,17.22%,←000.11%,39.82%,→000.01%,58471133862.80,→000.18%,→000.09%,1.67,→000.05%,1.67,1.67,08.50% │ 09.85% │ 11.87% │ 11.85% │ 07.88%,08.13% │ 11.64% │ 11.81% │ 09.59% │ 08.88%,07.59% │ 09.49% │ 15.62% │ 11.41% │ 05.89%,05.64% │ 12.13% │ 15.32% │ 10.19% │ 06.72%,→004.31% │ ←002.73% │ ←000.49% │ ←001.87% │ →003.02%,24.25% │ 64.62% │ 11.13%,←001.21% │ ←005.49% │ →030.02%,49.95%,50.05%,50.00%,50.00%,29208921196.12,29262212666.68,8636220988,8636789465,6877558277,1488407940,1486827345,3463673837,3466667541
jmov_,srned,qkzxy,wfc__,ltaih,_ugpb,hiatldenrs,1112.003326,17.54%,→001.49%,38.96%,←002.43%,58753084084.84,→002.49%,←000.62%,1.69,→001.23%,1.68,1.70,08.07% │ 09.52% │ 11.72% │ 11.98% │ 08.08%,08.63% │ 12.31% │ 11.54% │ 09.84% │ 08.31%,06.30% │ 09.73% │ 13.65% │ 13.76% │ 05.96%,05.53% │ 13.24% │ 15.18% │ 09.88% │ 06.78%,→002.98% │ →003.21% │ ←001.57% │ →002.66% │ →006.36%,20.92% │ 63.71% │ 15.37%,←049.02% │ ←004.33% │ →060.88%,49.37%,50.63%,50.60%,49.40%,29006662494.59,29746421590.25,8740121520,8532888933,6730321247,1503552176,1526226295,3549645423,3527932985
_pulj,doerh,yzkwv,fgn__,citas,xmqb_,satichreod,1111.949683,19.20%,←000.89%,38.37%,→002.64%,57970867607.19,←000.53%,←000.04%,1.71,←001.95%,1.73,1.70,07.55% │ 09.51% │ 13.63% │ 11.53% │ 07.91%,08.20% │ 11.63% │ 13.08% │ 09.31% │ 07.64%,06.45% │ 09.89% │ 16.38% │ 12.24% │ 05.71%,05.99% │ 12.49% │ 15.49% │ 09.84% │ 05.53%,→001.25% │ ←002.22% │ ←004.16% │ →000.86% │ →003.56%,24.57% │ 62.19% │ 13.24%,→017.23% │ ←001.31% │ ←039.32%,50.13%,49.87%,49.33%,50.67%,29061922562.03,28908945045.16,8521054845,8751955608,6627846518,1665709767,1651063832,3590782283,3589270854
jmov_,srned,qkzxy,wfc__,ltaih,_upgb,hiatldenrs,1111.891039,17.54%,→001.49%,38.96%,←002.43%,58762408314.53,→002.52%,←000.62%,1.69,→001.23%,1.68,1.70,08.06% │ 09.52% │ 11.72% │ 11.98% │ 08.08%,08.62% │ 12.30% │ 11.62% │ 09.77% │ 08.33%,06.30% │ 09.64% │ 13.74% │ 13.76% │ 05.96%,05.53% │ 13.24% │ 15.18% │ 09.88% │ 06.78%,→003.21% │ →002.57% │ ←000.92% │ →002.61% │ →006.29%,20.92% │ 63.73% │ 15.35%,←049.01% │ ←004.20% │ →060.80%,49.36%,50.64%,50.60%,49.40%,29006662494.59,29755745819.94,8740121520,8532888933,6730321247,1503552176,1526226295,3549645423,3527932985
jmov_,srned,zkqxy,wfc__,ltaih,_ugpb,hiatldenrs,1111.806808,17.54%,→001.49%,38.96%,←002.43%,58769397167.97,→002.43%,←000.62%,1.69,→001.23%,1.68,1.70,08.10% │ 09.52% │ 11.70% │ 12.00% │ 08.08%,08.62% │ 12.31% │ 11.54% │ 09.83% │ 08.31%,06.30% │ 09.73% │ 13.65% │ 13.76% │ 05.96%,05.53% │ 13.24% │ 15.15% │ 09.88% │ 06.81%,→002.60% │ →003.21% │ ←001.35% │ →002.49% │ →006.35%,20.92% │ 63.71% │ 15.38%,←049.02% │ ←004.40% │ →060.82%,49.38%,50.62%,50.60%,49.40%,29022975577.72,29746421590.25,8740121520,8532888933,6730321247,1503552176,1526226295,3549645423,3527932985
_pulj,doerh,yzkwv,fgn__,citas,qmxb_,satichreod,1111.547145,19.20%,←000.89%,38.37%,→002.64%,57932820230.51,←000.66%,←000.04%,1.71,←001.95%,1.73,1.70,07.55% │ 09.52% │ 13.64% │ 11.54% │ 07.91%,08.06% │ 11.62% │ 13.19% │ 09.31% │ 07.65%,06.45% │ 09.89% │ 16.48% │ 12.24% │ 05.61%,05.99% │ 12.49% │ 15.49% │ 09.84% │ 05.53%,→001.25% │ ←002.26% │ ←003.39% │ →000.72% │ →001.84%,24.58% │ 62.20% │ 13.22%,→017.23% │ ←001.40% │ ←040.28%,50.16%,49.84%,49.33%,50.67%,29061922562.03,28870897668.48,8521054845,8751955608,6627846518,1665709767,1651063832,3590782283,3589270854
zgmuf,rseac,_wkvx,bdyp_,liton,__hjq,notilcaesr,1111.411225,17.23%,←000.16%,39.82%,→000.01%,58640044751.61,→000.91%,→000.09%,1.67,→000.05%,1.67,1.67,08.31% │ 09.82% │ 11.85% │ 11.82% │ 07.97%,08.14% │ 11.62% │ 11.82% │ 09.80% │ 08.85%,07.59% │ 09.94% │ 15.18% │ 11.41% │ 05.89%,05.71% │ 12.13% │ 15.32% │ 10.19% │ 06.66%,→006.11% │ ←000.22% │ ←000.22% │ ←001.74% │ →002.01%,24.19% │ 64.59% │ 11.21%,→001.60% │ ←005.05% │ →028.35%,49.77%,50.23%,50.00%,50.00%,29186576256.29,29453468495.32,8636220988,8636789465,6877558277,1489238118,1486827345,3463673837,3466667541
